time_min,signal
0.000000,0.00000000
0.016667,0.00000000
0.033333,0.00000000
0.050000,0.00000000
0.066667,0.00000000
0.083333,0.00065456
0.100000,0.00010292
0.116667,0.00000000
0.133333,0.00055170
0.150000,0.00000000
0.166667,0.00065163
0.183333,0.00084203
0.200000,0.00000000
0.216667,0.00000000
0.233333,0.00002198
0.250000,0.00098291
0.266667,0.00000000
0.283333,0.00000000
0.300000,0.00065067
0.316667,0.00050400
0.333333,0.00014984
0.350000,0.00037999
0.366667,0.00000000
0.383333,0.00046247
0.400000,0.00000000
0.416667,0.00000000
0.433333,0.00000000
0.450000,0.00054140
0.466667,0.00000000
0.483333,0.00069751
0.500000,0.00052081
0.516667,0.00000000
0.533333,0.00038319
0.550000,0.00037617
0.566667,0.00033456
0.583333,0.00069635
0.600000,0.00000000
0.616667,0.00000000
0.633333,0.00034003
0.650000,0.00032148
0.666667,0.00007379
0.683333,0.00047245
0.700000,0.00000000
0.716667,0.00053548
0.733333,0.00023553
0.750000,0.00000000
0.766667,0.00000000
0.783333,0.00000000
0.800000,0.00012722
0.816667,0.00069260
0.833333,0.00000000
0.850000,0.00054153
0.866667,0.00037179
0.883333,0.00044376
0.900000,0.00036368
0.916667,0.00000000
0.933333,0.00000000
0.950000,0.00000000
0.966667,0.00034174
0.983333,0.00015463
1.000000,0.00043349
1.016667,0.00028763
1.033333,0.00066907
1.050000,0.00000000
1.066667,0.00000000
1.083333,0.00000000
1.100000,0.00067530
1.116667,0.00002637
1.133333,0.00008498
1.150000,0.00007079
1.166667,0.00011201
1.183333,0.00000000
1.200000,0.00074712
1.216667,0.00093687
1.233333,0.00000000
1.250000,0.00000000
1.266667,0.00011182
1.283333,0.00038942
1.300000,0.00023492
1.316667,0.00007545
1.333333,0.00087128
1.350000,0.00000000
1.366667,0.00000000
1.383333,0.00000000
1.400000,0.00000000
1.416667,0.00016887
1.433333,0.00000000
1.450000,0.00050182
1.466667,0.00130228
1.483333,0.00000000
1.500000,0.00000000
1.516667,0.00039383
1.533333,0.00029717
1.550000,0.00062131
1.566667,0.00101952
1.583333,0.00055264
1.600000,0.00000000
1.616667,0.00033989
1.633333,0.00000000
1.650000,0.00000000
1.666667,0.00008132
1.683333,0.00000000
1.700000,0.00000000
1.716667,0.00008114
1.733333,0.00012314
1.750000,0.00029659
1.766667,0.00059167
1.783333,0.00005601
1.800000,0.00013073
1.816667,0.00103362
1.833333,0.00000000
1.850000,0.00000000
1.866667,0.00000553
1.883333,0.00012800
1.900000,0.00000000
1.916667,0.00024924
1.933333,0.00038400
1.950000,0.00068404
1.966667,0.00079059
1.983333,0.00091760
2.000000,0.00000000
2.016667,0.00086215
2.033333,0.00082490
2.050000,0.00037924
2.066667,0.00035882
2.083333,0.00000000
2.100000,0.00000000
2.116667,0.00000000
2.133333,0.00005161
2.150000,0.00000000
2.166667,0.00018794
2.183333,0.00002478
2.200000,0.00109380
2.216667,0.00000000
2.233333,0.00000000
2.250000,0.00000000
2.266667,0.00039477
2.283333,0.00000000
2.300000,0.00023092
2.316667,0.00091573
2.333333,0.00000000
2.350000,0.00000000
2.366667,0.00005362
2.383333,0.00034181
2.400000,0.00000000
2.416667,0.00011666
2.433333,0.00056115
2.450000,0.00000000
2.466667,0.00000000
2.483333,0.00000000
2.500000,0.00025548
2.516667,0.00000000
2.533333,0.00000000
2.550000,0.00000000
2.566667,0.00045917
2.583333,0.00021894
2.600000,0.00035467
2.616667,0.00000000
2.633333,0.00018240
2.650000,0.00067503
2.666667,0.00000000
2.683333,0.00000000
2.700000,0.00000000
2.716667,0.00000000
2.733333,0.00000000
2.750000,0.00079457
2.766667,0.00000000
2.783333,0.00072468
2.800000,0.00076348
2.816667,0.00024712
2.833333,0.00000000
2.850000,0.00046450
2.866667,0.00024018
2.883333,0.00000000
2.900000,0.00046944
2.916667,0.00035993
2.933333,0.00000000
2.950000,0.00016578
2.966667,0.00000000
2.983333,0.00000000
3.000000,0.00083118
3.016667,0.00000000
3.033333,0.00070709
3.050000,0.00000000
3.066667,0.00017157
3.083333,0.00000000
3.100000,0.00093435
3.116667,0.00050307
3.133333,0.00092113
3.150000,0.00248667
3.166667,0.00363659
3.183333,0.00441919
3.200000,0.00634442
3.216667,0.00953978
3.233333,0.01440658
3.250000,0.01864278
3.266667,0.02347033
3.283333,0.02821178
3.300000,0.03275042
3.316667,0.03567632
3.333333,0.03740189
3.350000,0.03705568
3.366667,0.03662490
3.383333,0.03591891
3.400000,0.03346216
3.416667,0.03019569
3.433333,0.02579437
3.450000,0.02030706
3.466667,0.01578759
3.483333,0.01216021
3.500000,0.00972084
3.516667,0.00657020
3.533333,0.00375494
3.550000,0.00353739
3.566667,0.00326781
3.583333,0.00189726
3.600000,0.00213509
3.616667,0.00013256
3.633333,0.00030973
3.650000,0.00046574
3.666667,0.00000000
3.683333,0.00000000
3.700000,0.00073378
3.716667,0.00049474
3.733333,0.00000000
3.750000,0.00045894
3.766667,0.00000000
3.783333,0.00000000
3.800000,0.00010078
3.816667,0.00006166
3.833333,0.00139202
3.850000,0.00114729
3.866667,0.00000000
3.883333,0.00000000
3.900000,0.00003205
3.916667,0.00000000
3.933333,0.00000000
3.950000,0.00063231
3.966667,0.00019110
3.983333,0.00052008
4.000000,0.00000000
4.016667,0.00000000
4.033333,0.00108859
4.050000,0.00036248
4.066667,0.00000000
4.083333,0.00009329
4.100000,0.00000134
4.116667,0.00036642
4.133333,0.00129182
4.150000,0.00000000
4.166667,0.00041770
4.183333,0.00056781
4.200000,0.00000000
4.216667,0.00049705
4.233333,0.00042744
4.250000,0.00000000
4.266667,0.00029138
4.283333,0.00002785
4.300000,0.00000000
4.316667,0.00000000
4.333333,0.00000000
4.350000,0.00000000
4.366667,0.00000000
4.383333,0.00047744
4.400000,0.00059965
4.416667,0.00000000
4.433333,0.00032959
4.450000,0.00036050
4.466667,0.00053799
4.483333,0.00078258
4.500000,0.00000000
4.516667,0.00000000
4.533333,0.00027919
4.550000,0.00019344
4.566667,0.00000000
4.583333,0.00000000
4.600000,0.00029442
4.616667,0.00000000
4.633333,0.00079622
4.650000,0.00000000
4.666667,0.00012541
4.683333,0.00000000
4.700000,0.00015720
4.716667,0.00025077
4.733333,0.00013051
4.750000,0.00000000
4.766667,0.00088694
4.783333,0.00000000
4.800000,0.00055036
4.816667,0.00000000
4.833333,0.00000000
4.850000,0.00000000
4.866667,0.00000000
4.883333,0.00032305
4.900000,0.00022434
4.916667,0.00011190
4.933333,0.00000000
4.950000,0.00008894
4.966667,0.00000000
4.983333,0.00047070
5.000000,0.00016583
5.016667,0.00000000
5.033333,0.00000000
5.050000,0.00000000
5.066667,0.00000000
5.083333,0.00000000
5.100000,0.00000000
5.116667,0.00045074
5.133333,0.00000000
5.150000,0.00000000
5.166667,0.00042470
5.183333,0.00055921
5.200000,0.00000000
5.216667,0.00077258
5.233333,0.00000000
5.250000,0.00107958
5.266667,0.00000000
5.283333,0.00000000
5.300000,0.00002554
5.316667,0.00103055
5.333333,0.00000000
5.350000,0.00000000
5.366667,0.00000000
5.383333,0.00000000
5.400000,0.00000000
5.416667,0.00017469
5.433333,0.00034371
5.450000,0.00000000
5.466667,0.00113512
5.483333,0.00024712
5.500000,0.00012931
5.516667,0.00003307
5.533333,0.00115719
5.550000,0.00046418
5.566667,0.00000000
5.583333,0.00053696
5.600000,0.00000000
5.616667,0.00016558
5.633333,0.00027765
5.650000,0.00000000
5.666667,0.00000000
5.683333,0.00023777
5.700000,0.00000000
5.716667,0.00004139
5.733333,0.00000000
5.750000,0.00000000
5.766667,0.00000000
5.783333,0.00023912
5.800000,0.00009828
5.816667,0.00000000
5.833333,0.00000000
5.850000,0.00000000
5.866667,0.00065385
5.883333,0.00051269
5.900000,0.00000000
5.916667,0.00000000
5.933333,0.00000123
5.950000,0.00044821
5.966667,0.00000000
5.983333,0.00009457
6.000000,0.00000000
6.016667,0.00076735
6.033333,0.00000000
6.050000,0.00000000
6.066667,0.00000000
6.083333,0.00000000
6.100000,0.00000000
6.116667,0.00000000
6.133333,0.00105448
6.150000,0.00088832
6.166667,0.00054216
6.183333,0.00000000
6.200000,0.00010315
6.216667,0.00000000
6.233333,0.00039722
6.250000,0.00000000
6.266667,0.00000000
6.283333,0.00038365
6.300000,0.00073417
6.316667,0.00000000
6.333333,0.00000000
6.350000,0.00006189
6.366667,0.00000000
6.383333,0.00036796
6.400000,0.00000000
6.416667,0.00037789
6.433333,0.00037876
6.450000,0.00000000
6.466667,0.00000000
6.483333,0.00042530
6.500000,0.00037384
6.516667,0.00000000
6.533333,0.00000000
6.550000,0.00000000
6.566667,0.00000000
6.583333,0.00000000
6.600000,0.00059881
6.616667,0.00000000
6.633333,0.00023316
6.650000,0.00000000
6.666667,0.00000000
6.683333,0.00071812
6.700000,0.00040269
6.716667,0.00050949
6.733333,0.00067774
6.750000,0.00030526
6.766667,0.00000000
6.783333,0.00072108
6.800000,0.00000000
6.816667,0.00000000
6.833333,0.00000000
6.850000,0.00037358
6.866667,0.00000000
6.883333,0.00042511
6.900000,0.00037159
6.916667,0.00015754
6.933333,0.00082338
6.950000,0.00000000
6.966667,0.00052719
6.983333,0.00000000
7.000000,0.00049439
7.016667,0.00040724
7.033333,0.00072743
7.050000,0.00000699
7.066667,0.00000000
7.083333,0.00006042
7.100000,0.00000000
7.116667,0.00000000
7.133333,0.00000000
7.150000,0.00000000
7.166667,0.00071985
7.183333,0.00082779
7.200000,0.00000000
7.216667,0.00041390
7.233333,0.00000000
7.250000,0.00000000
7.266667,0.00021198
7.283333,0.00000000
7.300000,0.00000000
7.316667,0.00132598
7.333333,0.00000000
7.350000,0.00000000
7.366667,0.00075959
7.383333,0.00000000
7.400000,0.00000000
7.416667,0.00009755
7.433333,0.00051523
7.450000,0.00000000
7.466667,0.00050370
7.483333,0.00000000
7.500000,0.00000000
7.516667,0.00000000
7.533333,0.00046250
7.550000,0.00000000
7.566667,0.00021226
7.583333,0.00074867
7.600000,0.00110448
7.616667,0.00030969
7.633333,0.00000000
7.650000,0.00053314
7.666667,0.00000000
7.683333,0.00000000
7.700000,0.00000000
7.716667,0.00000000
7.733333,0.00000000
7.750000,0.00014715
7.766667,0.00019661
7.783333,0.00056817
7.800000,0.00000000
7.816667,0.00085249
7.833333,0.00018867
7.850000,0.00034978
7.866667,0.00020372
7.883333,0.00000000
7.900000,0.00083749
7.916667,0.00062573
7.933333,0.00025457
7.950000,0.00038620
7.966667,0.00000000
7.983333,0.00028091
8.000000,0.00063127
8.016667,0.00000000
8.033333,0.00005994
8.050000,0.00000000
8.066667,0.00000000
8.083333,0.00000000
8.100000,0.00000000
8.116667,0.00000000
8.133333,0.00000000
8.150000,0.00023769
8.166667,0.00116500
8.183333,0.00000000
8.200000,0.00000000
8.216667,0.00011887
8.233333,0.00000000
8.250000,0.00024680
8.266667,0.00000000
8.283333,0.00000000
8.300000,0.00049495
8.316667,0.00000000
8.333333,0.00040584
8.350000,0.00000000
8.366667,0.00013895
8.383333,0.00000000
8.400000,0.00015967
8.416667,0.00000000
8.433333,0.00000000
8.450000,0.00000000
8.466667,0.00124861
8.483333,0.00000000
8.500000,0.00000000
8.516667,0.00011116
8.533333,0.00005678
8.550000,0.00036078
8.566667,0.00052373
8.583333,0.00046317
8.600000,0.00014056
8.616667,0.00009319
8.633333,0.00062737
8.650000,0.00012834
8.666667,0.00072448
8.683333,0.00000000
8.700000,0.00000000
8.716667,0.00000000
8.733333,0.00013349
8.750000,0.00065887
8.766667,0.00064837
8.783333,0.00015304
8.800000,0.00000000
8.816667,0.00000000
8.833333,0.00095782
8.850000,0.00000000
8.866667,0.00000000
8.883333,0.00006166
8.900000,0.00169710
8.916667,0.00082639
8.933333,0.00029638
8.950000,0.00000000
8.966667,0.00038638
8.983333,0.00000000
9.000000,0.00024008
9.016667,0.00000000
9.033333,0.00000000
9.050000,0.00000000
9.066667,0.00000000
9.083333,0.00062757
9.100000,0.00000000
9.116667,0.00000000
9.133333,0.00000000
9.150000,0.00000000
9.166667,0.00000000
9.183333,0.00110010
9.200000,0.00029393
9.216667,0.00012644
9.233333,0.00000000
9.250000,0.00031514
9.266667,0.00023411
9.283333,0.00000000
9.300000,0.00072709
9.316667,0.00000000
9.333333,0.00000000
9.350000,0.00020083
9.366667,0.00000000
9.383333,0.00018986
9.400000,0.00000000
9.416667,0.00030972
9.433333,0.00000000
9.450000,0.00000000
9.466667,0.00027075
9.483333,0.00110686
9.500000,0.00000000
9.516667,0.00050564
9.533333,0.00000000
9.550000,0.00000000
9.566667,0.00034490
9.583333,0.00000000
9.600000,0.00000000
9.616667,0.00044601
9.633333,0.00000000
9.650000,0.00000000
9.666667,0.00000000
9.683333,0.00032801
9.700000,0.00003223
9.716667,0.00054487
9.733333,0.00000000
9.750000,0.00000000
9.766667,0.00000000
9.783333,0.00000000
9.800000,0.00000000
9.816667,0.00000000
9.833333,0.00023941
9.850000,0.00000000
9.866667,0.00039056
9.883333,0.00029810
9.900000,0.00045981
9.916667,0.00050155
9.933333,0.00000000
9.950000,0.00000000
9.966667,0.00000000
9.983333,0.00051826
10.000000,0.00000000
10.016667,0.00006199
10.033333,0.00062373
10.050000,0.00013388
10.066667,0.00045305
10.083333,0.00000000
10.100000,0.00044583
10.116667,0.00000000
10.133333,0.00000000
10.150000,0.00022708
10.166667,0.00000000
10.183333,0.00046003
10.200000,0.00035853
10.216667,0.00000000
10.233333,0.00000000
10.250000,0.00000601
10.266667,0.00000000
10.283333,0.00010979
10.300000,0.00000000
10.316667,0.00083613
10.333333,0.00000000
10.350000,0.00028052
10.366667,0.00014548
10.383333,0.00000000
10.400000,0.00015498
10.416667,0.00003847
10.433333,0.00000000
10.450000,0.00000000
10.466667,0.00000000
10.483333,0.00000000
10.500000,0.00000000
10.516667,0.00054784
10.533333,0.00045965
10.550000,0.00044391
10.566667,0.00000000
10.583333,0.00000000
10.600000,0.00049989
10.616667,0.00000000
10.633333,0.00000000
10.650000,0.00000000
10.666667,0.00016645
10.683333,0.00000663
10.700000,0.00055681
10.716667,0.00000000
10.733333,0.00000000
10.750000,0.00000000
10.766667,0.00078743
10.783333,0.00000000
10.800000,0.00033559
10.816667,0.00000000
10.833333,0.00012654
10.850000,0.00015936
10.866667,0.00000000
10.883333,0.00025887
10.900000,0.00028686
10.916667,0.00048281
10.933333,0.00085132
10.950000,0.00028469
10.966667,0.00000000
10.983333,0.00000000
11.000000,0.00063970
11.016667,0.00033406
11.033333,0.00000000
11.050000,0.00041670
11.066667,0.00000000
11.083333,0.00084510
11.100000,0.00000000
11.116667,0.00000000
11.133333,0.00027005
11.150000,0.00046381
11.166667,0.00000000
11.183333,0.00080193
11.200000,0.00000000
11.216667,0.00000000
11.233333,0.00008732
11.250000,0.00083607
11.266667,0.00077533
11.283333,0.00060636
11.300000,0.00000000
11.316667,0.00024571
11.333333,0.00000000
11.350000,0.00000000
11.366667,0.00031469
11.383333,0.00135557
11.400000,0.00078482
11.416667,0.00000000
11.433333,0.00049027
11.450000,0.00000000
11.466667,0.00000000
11.483333,0.00010232
11.500000,0.00000000
11.516667,0.00000000
11.533333,0.00000000
11.550000,0.00000000
11.566667,0.00000000
11.583333,0.00031332
11.600000,0.00000000
11.616667,0.00056409
11.633333,0.00000000
11.650000,0.00029315
11.666667,0.00000000
11.683333,0.00008707
11.700000,0.00000000
11.716667,0.00000000
11.733333,0.00000000
11.750000,0.00040932
11.766667,0.00000000
11.783333,0.00000000
11.800000,0.00097883
11.816667,0.00000000
11.833333,0.00000000
11.850000,0.00051716
11.866667,0.00000000
11.883333,0.00107980
11.900000,0.00132807
11.916667,0.00000000
11.933333,0.00076473
11.950000,0.00037295
11.966667,0.00040947
11.983333,0.00005015
12.000000,0.00081057
12.016667,0.00000000
12.033333,0.00000000
12.050000,0.00000000
12.066667,0.00000000
12.083333,0.00000000
12.100000,0.00000000
12.116667,0.00048652
12.133333,0.00050815
12.150000,0.00000000
12.166667,0.00096139
12.183333,0.00051094
12.200000,0.00004996
12.216667,0.00000000
12.233333,0.00046898
12.250000,0.00044632
12.266667,0.00000000
12.283333,0.00072344
12.300000,0.00035109
12.316667,0.00000000
12.333333,0.00013288
12.350000,0.00023339
12.366667,0.00000000
12.383333,0.00000000
12.400000,0.00000000
12.416667,0.00020830
12.433333,0.00000000
12.450000,0.00000000
12.466667,0.00000000
12.483333,0.00000000
12.500000,0.00014355
12.516667,0.00000000
12.533333,0.00019005
12.550000,0.00010089
12.566667,0.00065377
12.583333,0.00000000
12.600000,0.00000000
12.616667,0.00033552
12.633333,0.00088703
12.650000,0.00081882
12.666667,0.00000000
12.683333,0.00000000
12.700000,0.00016566
12.716667,0.00000000
12.733333,0.00068046
12.750000,0.00000000
12.766667,0.00052365
12.783333,0.00088256
12.800000,0.00012226
12.816667,0.00000000
12.833333,0.00069425
12.850000,0.00000000
12.866667,0.00000000
12.883333,0.00038203
12.900000,0.00000000
12.916667,0.00063889
12.933333,0.00031483
12.950000,0.00000000
12.966667,0.00000000
12.983333,0.00050024
13.000000,0.00000000
13.016667,0.00007671
13.033333,0.00035618
13.050000,0.00000000
13.066667,0.00084035
13.083333,0.00035560
13.100000,0.00000000
13.116667,0.00086187
13.133333,0.00021402
13.150000,0.00018366
13.166667,0.00017187
13.183333,0.00000000
13.200000,0.00008472
13.216667,0.00038409
13.233333,0.00018197
13.250000,0.00000000
13.266667,0.00000691
13.283333,0.00100565
13.300000,0.00068914
13.316667,0.00007260
13.333333,0.00000000
13.350000,0.00005600
13.366667,0.00017965
13.383333,0.00034455
13.400000,0.00000000
13.416667,0.00000000
13.433333,0.00000000
13.450000,0.00000000
13.466667,0.00000000
13.483333,0.00000000
13.500000,0.00000000
13.516667,0.00042068
13.533333,0.00000000
13.550000,0.00042131
13.566667,0.00000000
13.583333,0.00000000
13.600000,0.00000000
13.616667,0.00076378
13.633333,0.00000000
13.650000,0.00050947
13.666667,0.00000000
13.683333,0.00000000
13.700000,0.00047799
13.716667,0.00005299
13.733333,0.00064725
13.750000,0.00000000
13.766667,0.00108215
13.783333,0.00000000
13.800000,0.00056257
13.816667,0.00026886
13.833333,0.00000000
13.850000,0.00000599
13.866667,0.00000000
13.883333,0.00006083
13.900000,0.00000000
13.916667,0.00025422
13.933333,0.00041133
13.950000,0.00075631
13.966667,0.00112254
13.983333,0.00062392
14.000000,0.00000000
14.016667,0.00051136
14.033333,0.00002546
14.050000,0.00095956
14.066667,0.00000000
14.083333,0.00000000
14.100000,0.00000000
14.116667,0.00000000
14.133333,0.00048573
14.150000,0.00036572
14.166667,0.00000000
14.183333,0.00025333
14.200000,0.00000000
14.216667,0.00000000
14.233333,0.00016447
14.250000,0.00004065
14.266667,0.00004181
14.283333,0.00000000
14.300000,0.00000000
14.316667,0.00000000
14.333333,0.00017723
14.350000,0.00044215
14.366667,0.00004199
14.383333,0.00030011
14.400000,0.00000000
14.416667,0.00000000
14.433333,0.00000000
14.450000,0.00030423
14.466667,0.00000000
14.483333,0.00084511
14.500000,0.00009217
14.516667,0.00000000
14.533333,0.00074757
14.550000,0.00077828
14.566667,0.00048077
14.583333,0.00111809
14.600000,0.00019454
14.616667,0.00027614
14.633333,0.00006028
14.650000,0.00000000
14.666667,0.00199777
14.683333,0.00000000
14.700000,0.00024434
14.716667,0.00000000
14.733333,0.00000000
14.750000,0.00000000
14.766667,0.00036631
14.783333,0.00096480
14.800000,0.00000000
14.816667,0.00026688
14.833333,0.00086297
14.850000,0.00000000
14.866667,0.00053893
14.883333,0.00039349
14.900000,0.00092381
14.916667,0.00021330
14.933333,0.00079311
14.950000,0.00074488
14.966667,0.00000000
14.983333,0.00052743
15.000000,0.00061007
15.016667,0.00000000
15.033333,0.00025007
15.050000,0.00015348
15.066667,0.00000000
15.083333,0.00000000
15.100000,0.00006457
15.116667,0.00005173
15.133333,0.00000000
15.150000,0.00016379
15.166667,0.00000000
15.183333,0.00061682
15.200000,0.00058001
15.216667,0.00010596
15.233333,0.00000000
15.250000,0.00000000
15.266667,0.00000000
15.283333,0.00000000
15.300000,0.00000000
15.316667,0.00000000
15.333333,0.00000000
15.350000,0.00000000
15.366667,0.00100155
15.383333,0.00000000
15.400000,0.00000000
15.416667,0.00031377
15.433333,0.00062652
15.450000,0.00000000
15.466667,0.00000000
15.483333,0.00007278
15.500000,0.00011548
15.516667,0.00000000
15.533333,0.00025749
15.550000,0.00000000
15.566667,0.00000000
15.583333,0.00011763
15.600000,0.00000000
15.616667,0.00003646
15.633333,0.00000000
15.650000,0.00000000
15.666667,0.00000000
15.683333,0.00009498
15.700000,0.00000000
15.716667,0.00000000
15.733333,0.00016906
15.750000,0.00049022
15.766667,0.00000000
15.783333,0.00031745
15.800000,0.00000000
15.816667,0.00000000
15.833333,0.00000000
15.850000,0.00029412
15.866667,0.00046567
15.883333,0.00033677
15.900000,0.00021388
15.916667,0.00000000
15.933333,0.00000000
15.950000,0.00000000
15.966667,0.00000000
15.983333,0.00044530
16.000000,0.00000000
16.016667,0.00000000
16.033333,0.00000000
16.050000,0.00034623
16.066667,0.00030234
16.083333,0.00000000
16.100000,0.00000000
16.116667,0.00000000
16.133333,0.00000000
16.150000,0.00021420
16.166667,0.00000000
16.183333,0.00000000
16.200000,0.00000000
16.216667,0.00008511
16.233333,0.00000000
16.250000,0.00040798
16.266667,0.00107305
16.283333,0.00034576
16.300000,0.00000000
16.316667,0.00036763
16.333333,0.00000000
16.350000,0.00000000
16.366667,0.00000000
16.383333,0.00119820
16.400000,0.00066713
16.416667,0.00030289
16.433333,0.00022793
16.450000,0.00022977
16.466667,0.00076604
16.483333,0.00048455
16.500000,0.00109999
16.516667,0.00000000
16.533333,0.00000000
16.550000,0.00000000
16.566667,0.00104726
16.583333,0.00017632
16.600000,0.00000000
16.616667,0.00000000
16.633333,0.00009779
16.650000,0.00000000
16.666667,0.00000000
16.683333,0.00015193
16.700000,0.00063948
16.716667,0.00000000
16.733333,0.00047446
16.750000,0.00000000
16.766667,0.00000000
16.783333,0.00000000
16.800000,0.00000000
16.816667,0.00000000
16.833333,0.00033857
16.850000,0.00000000
16.866667,0.00052701
16.883333,0.00047813
16.900000,0.00000000
16.916667,0.00000000
16.933333,0.00000000
16.950000,0.00000000
16.966667,0.00068008
16.983333,0.00066930
17.000000,0.00000000
17.016667,0.00000000
17.033333,0.00000000
17.050000,0.00000000
17.066667,0.00000000
17.083333,0.00000000
17.100000,0.00000000
17.116667,0.00000000
17.133333,0.00023834
17.150000,0.00000000
17.166667,0.00074536
17.183333,0.00000000
17.200000,0.00054137
17.216667,0.00056666
17.233333,0.00003202
17.250000,0.00000000
17.266667,0.00005162
17.283333,0.00000000
17.300000,0.00027982
17.316667,0.00009105
17.333333,0.00000000
17.350000,0.00047879
17.366667,0.00018402
17.383333,0.00047782
17.400000,0.00000000
17.416667,0.00000000
17.433333,0.00000000
17.450000,0.00000000
17.466667,0.00052901
17.483333,0.00002524
17.500000,0.00000000
17.516667,0.00000000
17.533333,0.00000000
17.550000,0.00006981
17.566667,0.00000000
17.583333,0.00000000
17.600000,0.00025390
17.616667,0.00067832
17.633333,0.00000000
17.650000,0.00000000
17.666667,0.00000000
17.683333,0.00081678
17.700000,0.00019308
17.716667,0.00000000
17.733333,0.00022433
17.750000,0.00000000
17.766667,0.00000000
17.783333,0.00000000
17.800000,0.00000000
17.816667,0.00000000
17.833333,0.00070211
17.850000,0.00000000
17.866667,0.00038335
17.883333,0.00000000
17.900000,0.00000000
17.916667,0.00008253
17.933333,0.00000000
17.950000,0.00000000
17.966667,0.00056649
17.983333,0.00013331
18.000000,0.00033293
18.016667,0.00027595
18.033333,0.00052386
18.050000,0.00000000
18.066667,0.00000000
18.083333,0.00000000
18.100000,0.00034630
18.116667,0.00000000
18.133333,0.00045044
18.150000,0.00067583
18.166667,0.00008858
18.183333,0.00006290
18.200000,0.00022158
18.216667,0.00000000
18.233333,0.00011600
18.250000,0.00015637
18.266667,0.00000000
18.283333,0.00004131
18.300000,0.00068990
18.316667,0.00003258
18.333333,0.00039407
18.350000,0.00043347
18.366667,0.00159570
18.383333,0.00000000
18.400000,0.00000000
18.416667,0.00000000
18.433333,0.00000000
18.450000,0.00124893
18.466667,0.00000000
18.483333,0.00000000
18.500000,0.00000000
18.516667,0.00000000
18.533333,0.00130325
18.550000,0.00002716
18.566667,0.00024101
18.583333,0.00000000
18.600000,0.00020569
18.616667,0.00000000
18.633333,0.00009874
18.650000,0.00047537
18.666667,0.00000000
18.683333,0.00019348
18.700000,0.00000000
18.716667,0.00000000
18.733333,0.00054170
18.750000,0.00080095
18.766667,0.00016482
18.783333,0.00000000
18.800000,0.00018273
18.816667,0.00000000
18.833333,0.00000000
18.850000,0.00000000
18.866667,0.00000000
18.883333,0.00000000
18.900000,0.00000000
18.916667,0.00017018
18.933333,0.00071244
18.950000,0.00000000
18.966667,0.00042023
18.983333,0.00025528
19.000000,0.00000000
19.016667,0.00014130
19.033333,0.00021516
19.050000,0.00000000
19.066667,0.00000000
19.083333,0.00000000
19.100000,0.00010434
19.116667,0.00000000
19.133333,0.00029208
19.150000,0.00000000
19.166667,0.00075813
19.183333,0.00053001
19.200000,0.00000000
19.216667,0.00000000
19.233333,0.00000000
19.250000,0.00058676
19.266667,0.00050636
19.283333,0.00031894
19.300000,0.00021765
19.316667,0.00013591
19.333333,0.00010482
19.350000,0.00000000
19.366667,0.00000000
19.383333,0.00028049
19.400000,0.00032134
19.416667,0.00041502
19.433333,0.00004100
19.450000,0.00060751
19.466667,0.00000000
19.483333,0.00000000
19.500000,0.00000000
19.516667,0.00000000
19.533333,0.00000000
19.550000,0.00000000
19.566667,0.00000000
19.583333,0.00044255
19.600000,0.00109171
19.616667,0.00000000
19.633333,0.00008219
19.650000,0.00000000
19.666667,0.00000000
19.683333,0.00040974
19.700000,0.00000000
19.716667,0.00027019
19.733333,0.00000000
19.750000,0.00016770
19.766667,0.00000000
19.783333,0.00020913
19.800000,0.00000000
19.816667,0.00021937
19.833333,0.00027425
19.850000,0.00000000
19.866667,0.00000000
19.883333,0.00000000
19.900000,0.00027008
19.916667,0.00064249
19.933333,0.00000000
19.950000,0.00051796
19.966667,0.00000000
19.983333,0.00000000
20.000000,0.00082850
20.016667,0.00000000
20.033333,0.00068318
20.050000,0.00041094
20.066667,0.00000000
20.083333,0.00000000
20.100000,0.00000000
20.116667,0.00000000
20.133333,0.00028044
20.150000,0.00000000
20.166667,0.00000000
20.183333,0.00068298
20.200000,0.00033338
20.216667,0.00000000
20.233333,0.00070212
20.250000,0.00000000
20.266667,0.00043771
20.283333,0.00047788
20.300000,0.00008999
20.316667,0.00067005
20.333333,0.00026299
20.350000,0.00000000
20.366667,0.00000000
20.383333,0.00000000
20.400000,0.00000000
20.416667,0.00000000
20.433333,0.00000000
20.450000,0.00000000
20.466667,0.00081708
20.483333,0.00000000
20.500000,0.00063596
20.516667,0.00000000
20.533333,0.00046922
20.550000,0.00000000
20.566667,0.00028927
20.583333,0.00022014
20.600000,0.00000000
20.616667,0.00000000
20.633333,0.00033018
20.650000,0.00000000
20.666667,0.00073296
20.683333,0.00006212
20.700000,0.00000000
20.716667,0.00000000
20.733333,0.00079999
20.750000,0.00008964
20.766667,0.00000000
20.783333,0.00000000
20.800000,0.00036177
20.816667,0.00006154
20.833333,0.00032441
20.850000,0.00000000
20.866667,0.00000000
20.883333,0.00013071
20.900000,0.00067297
20.916667,0.00000000
20.933333,0.00000000
20.950000,0.00013945
20.966667,0.00000000
20.983333,0.00000000
21.000000,0.00000000
21.016667,0.00000000
21.033333,0.00115492
21.050000,0.00091960
21.066667,0.00001241
21.083333,0.00057271
21.100000,0.00023193
21.116667,0.00018165
21.133333,0.00051363
21.150000,0.00088230
21.166667,0.00012146
21.183333,0.00030677
21.200000,0.00000452
21.216667,0.00028034
21.233333,0.00080862
21.250000,0.00021764
21.266667,0.00000000
21.283333,0.00000000
21.300000,0.00000000
21.316667,0.00000000
21.333333,0.00035579
21.350000,0.00000000
21.366667,0.00000000
21.383333,0.00111106
21.400000,0.00000000
21.416667,0.00033200
21.433333,0.00000000
21.450000,0.00000000
21.466667,0.00052896
21.483333,0.00000000
21.500000,0.00062148
21.516667,0.00035854
21.533333,0.00000000
21.550000,0.00000000
21.566667,0.00000000
21.583333,0.00000000
21.600000,0.00086912
21.616667,0.00000000
21.633333,0.00000000
21.650000,0.00046684
21.666667,0.00000000
21.683333,0.00000000
21.700000,0.00003441
21.716667,0.00048407
21.733333,0.00033616
21.750000,0.00000000
21.766667,0.00077734
21.783333,0.00043483
21.800000,0.00002362
21.816667,0.00039787
21.833333,0.00000000
21.850000,0.00010890
21.866667,0.00000000
21.883333,0.00000000
21.900000,0.00000000
21.916667,0.00071150
21.933333,0.00000000
21.950000,0.00000000
21.966667,0.00000000
21.983333,0.00000000
22.000000,0.00000000
22.016667,0.00022595
22.033333,0.00052624
22.050000,0.00068516
22.066667,0.00000000
22.083333,0.00000000
22.100000,0.00000000
22.116667,0.00003086
22.133333,0.00052679
22.150000,0.00000000
22.166667,0.00000000
22.183333,0.00000000
22.200000,0.00013464
22.216667,0.00000000
22.233333,0.00044102
22.250000,0.00000000
22.266667,0.00000000
22.283333,0.00000000
22.300000,0.00000000
22.316667,0.00003987
22.333333,0.00053276
22.350000,0.00003278
22.366667,0.00059063
22.383333,0.00010851
22.400000,0.00000000
22.416667,0.00021403
22.433333,0.00013196
22.450000,0.00000000
22.466667,0.00072416
22.483333,0.00009727
22.500000,0.00012646
22.516667,0.00078453
22.533333,0.00000000
22.550000,0.00000000
22.566667,0.00021139
22.583333,0.00000000
22.600000,0.00000000
22.616667,0.00004963
22.633333,0.00000000
22.650000,0.00067335
22.666667,0.00016820
22.683333,0.00053960
22.700000,0.00002381
22.716667,0.00000000
22.733333,0.00000000
22.750000,0.00033792
22.766667,0.00004066
22.783333,0.00000000
22.800000,0.00017522
22.816667,0.00044287
22.833333,0.00049944
22.850000,0.00043251
22.866667,0.00033100
22.883333,0.00000262
22.900000,0.00000000
22.916667,0.00000000
22.933333,0.00000000
22.950000,0.00012577
22.966667,0.00031059
22.983333,0.00000418
23.000000,0.00025732
23.016667,0.00000000
23.033333,0.00053002
23.050000,0.00098583
23.066667,0.00046262
23.083333,0.00000000
23.100000,0.00000000
23.116667,0.00000000
23.133333,0.00040009
23.150000,0.00105112
23.166667,0.00011340
23.183333,0.00000000
23.200000,0.00000000
23.216667,0.00010651
23.233333,0.00004578
23.250000,0.00000000
23.266667,0.00000000
23.283333,0.00000000
23.300000,0.00048025
23.316667,0.00000000
23.333333,0.00012841
23.350000,0.00000000
23.366667,0.00000000
23.383333,0.00000000
23.400000,0.00049518
23.416667,0.00021128
23.433333,0.00008976
23.450000,0.00053148
23.466667,0.00026649
23.483333,0.00000000
23.500000,0.00000000
23.516667,0.00000000
23.533333,0.00000000
23.550000,0.00031765
23.566667,0.00000000
23.583333,0.00017588
23.600000,0.00029479
23.616667,0.00000000
23.633333,0.00011321
23.650000,0.00005312
23.666667,0.00000000
23.683333,0.00000000
23.700000,0.00078980
23.716667,0.00000000
23.733333,0.00043594
23.750000,0.00000000
23.766667,0.00134350
23.783333,0.00000000
23.800000,0.00000000
23.816667,0.00024737
23.833333,0.00008278
23.850000,0.00000000
23.866667,0.00000000
23.883333,0.00000000
23.900000,0.00000000
23.916667,0.00000000
23.933333,0.00034006
23.950000,0.00000000
23.966667,0.00000000
23.983333,0.00046336
24.000000,0.00085960
24.016667,0.00000000
24.033333,0.00003676
24.050000,0.00083883
24.066667,0.00043258
24.083333,0.00051578
24.100000,0.00042741
24.116667,0.00000000
24.133333,0.00000000
24.150000,0.00000000
24.166667,0.00000000
24.183333,0.00036819
24.200000,0.00000000
24.216667,0.00023018
24.233333,0.00000000
24.250000,0.00000000
24.266667,0.00064495
24.283333,0.00000000
24.300000,0.00155334
24.316667,0.00000000
24.333333,0.00001049
24.350000,0.00000000
24.366667,0.00008725
24.383333,0.00000000
24.400000,0.00000000
24.416667,0.00007852
24.433333,0.00049464
24.450000,0.00000000
24.466667,0.00020878
24.483333,0.00000000
24.500000,0.00000000
24.516667,0.00000000
24.533333,0.00000000
24.550000,0.00000000
24.566667,0.00000000
24.583333,0.00000000
24.600000,0.00054088
24.616667,0.00000000
24.633333,0.00010715
24.650000,0.00000000
24.666667,0.00000000
24.683333,0.00044091
24.700000,0.00026436
24.716667,0.00000000
24.733333,0.00000000
24.750000,0.00000000
24.766667,0.00009013
24.783333,0.00028611
24.800000,0.00001367
24.816667,0.00000000
24.833333,0.00000000
24.850000,0.00000000
24.866667,0.00052252
24.883333,0.00042748
24.900000,0.00000000
24.916667,0.00010551
24.933333,0.00000000
24.950000,0.00028522
24.966667,0.00000000
24.983333,0.00023955
25.000000,0.00014701
25.016667,0.00034215
25.033333,0.00000000
25.050000,0.00000000
25.066667,0.00000000
25.083333,0.00000000
25.100000,0.00000000
25.116667,0.00000000
25.133333,0.00016963
25.150000,0.00000000
25.166667,0.00000000
25.183333,0.00061687
25.200000,0.00054370
25.216667,0.00000000
25.233333,0.00000000
25.250000,0.00000000
25.266667,0.00169717
25.283333,0.00000000
25.300000,0.00000000
25.316667,0.00019375
25.333333,0.00000000
25.350000,0.00016551
25.366667,0.00049452
25.383333,0.00000000
25.400000,0.00095338
25.416667,0.00000358
25.433333,0.00007775
25.450000,0.00000000
25.466667,0.00046242
25.483333,0.00006936
25.500000,0.00000000
25.516667,0.00000000
25.533333,0.00049744
25.550000,0.00000000
25.566667,0.00000000
25.583333,0.00000000
25.600000,0.00000000
25.616667,0.00000000
25.633333,0.00082897
25.650000,0.00000000
25.666667,0.00008717
25.683333,0.00062279
25.700000,0.00000000
25.716667,0.00051665
25.733333,0.00049256
25.750000,0.00062102
25.766667,0.00000000
25.783333,0.00077444
25.800000,0.00000000
25.816667,0.00037869
25.833333,0.00006814
25.850000,0.00000000
25.866667,0.00047254
25.883333,0.00000000
25.900000,0.00000000
25.916667,0.00000000
25.933333,0.00000000
25.950000,0.00000000
25.966667,0.00000000
25.983333,0.00000000
26.000000,0.00002046
26.016667,0.00018922
26.033333,0.00026629
26.050000,0.00068212
26.066667,0.00000000
26.083333,0.00000000
26.100000,0.00016930
26.116667,0.00000000
26.133333,0.00000000
26.150000,0.00032144
26.166667,0.00000000
26.183333,0.00034889
26.200000,0.00073988
26.216667,0.00007689
26.233333,0.00000000
26.250000,0.00036431
26.266667,0.00000000
26.283333,0.00070171
26.300000,0.00018208
26.316667,0.00000000
26.333333,0.00000000
26.350000,0.00018355
26.366667,0.00049851
26.383333,0.00055918
26.400000,0.00016624
26.416667,0.00012688
26.433333,0.00112511
26.450000,0.00000000
26.466667,0.00000000
26.483333,0.00036397
26.500000,0.00064575
26.516667,0.00000000
26.533333,0.00023163
26.550000,0.00017478
26.566667,0.00000000
26.583333,0.00022973
26.600000,0.00038205
26.616667,0.00000000
26.633333,0.00038810
26.650000,0.00105014
26.666667,0.00000000
26.683333,0.00011354
26.700000,0.00050478
26.716667,0.00000000
26.733333,0.00000000
26.750000,0.00000000
26.766667,0.00075773
26.783333,0.00000000
26.800000,0.00019399
26.816667,0.00000000
26.833333,0.00033239
26.850000,0.00000000
26.866667,0.00113139
26.883333,0.00000000
26.900000,0.00000000
26.916667,0.00023557
26.933333,0.00071912
26.950000,0.00152753
26.966667,0.00040799
26.983333,0.00000000
27.000000,0.00000000
27.016667,0.00048324
27.033333,0.00000000
27.050000,0.00000000
27.066667,0.00000000
27.083333,0.00028430
27.100000,0.00000000
27.116667,0.00000000
27.133333,0.00069329
27.150000,0.00051425
27.166667,0.00000000
27.183333,0.00037447
27.200000,0.00033741
27.216667,0.00020936
27.233333,0.00000000
27.250000,0.00000000
27.266667,0.00060865
27.283333,0.00000000
27.300000,0.00000000
27.316667,0.00070080
27.333333,0.00000000
27.350000,0.00000000
27.366667,0.00022859
27.383333,0.00000000
27.400000,0.00000000
27.416667,0.00034039
27.433333,0.00024234
27.450000,0.00062572
27.466667,0.00000000
27.483333,0.00000000
27.500000,0.00000000
27.516667,0.00053515
27.533333,0.00057517
27.550000,0.00009539
27.566667,0.00074198
27.583333,0.00000000
27.600000,0.00000000
27.616667,0.00000256
27.633333,0.00081491
27.650000,0.00011035
27.666667,0.00000000
27.683333,0.00000000
27.700000,0.00020553
27.716667,0.00000000
27.733333,0.00055094
27.750000,0.00000000
27.766667,0.00036306
27.783333,0.00000000
27.800000,0.00028864
27.816667,0.00003887
27.833333,0.00050437
27.850000,0.00022442
27.866667,0.00059064
27.883333,0.00000000
27.900000,0.00000000
27.916667,0.00035165
27.933333,0.00000000
27.950000,0.00092220
27.966667,0.00000000
27.983333,0.00000000
28.000000,0.00000000
28.016667,0.00036655
28.033333,0.00000000
28.050000,0.00002226
28.066667,0.00000000
28.083333,0.00000000
28.100000,0.00000000
28.116667,0.00000000
28.133333,0.00000000
28.150000,0.00025991
28.166667,0.00066767
28.183333,0.00000000
28.200000,0.00000000
28.216667,0.00020119
28.233333,0.00010050
28.250000,0.00000000
28.266667,0.00000000
28.283333,0.00040095
28.300000,0.00012809
28.316667,0.00000000
28.333333,0.00078902
28.350000,0.00044810
28.366667,0.00078601
28.383333,0.00000000
28.400000,0.00000000
28.416667,0.00000000
28.433333,0.00000000
28.450000,0.00000000
28.466667,0.00025941
28.483333,0.00000000
28.500000,0.00000000
28.516667,0.00029275
28.533333,0.00056463
28.550000,0.00031251
28.566667,0.00000000
28.583333,0.00000000
28.600000,0.00000000
28.616667,0.00000000
28.633333,0.00150288
28.650000,0.00071094
28.666667,0.00010112
28.683333,0.00000000
28.700000,0.00000000
28.716667,0.00000000
28.733333,0.00000000
28.750000,0.00129523
28.766667,0.00000000
28.783333,0.00000294
28.800000,0.00000000
28.816667,0.00004033
28.833333,0.00000000
28.850000,0.00006309
28.866667,0.00000000
28.883333,0.00000000
28.900000,0.00004929
28.916667,0.00000000
28.933333,0.00053881
28.950000,0.00006853
28.966667,0.00000377
28.983333,0.00061394
29.000000,0.00000000
29.016667,0.00000000
29.033333,0.00104159
29.050000,0.00028883
29.066667,0.00000000
29.083333,0.00041100
29.100000,0.00000000
29.116667,0.00000000
29.133333,0.00002123
29.150000,0.00000000
29.166667,0.00012237
29.183333,0.00000000
29.200000,0.00055146
29.216667,0.00029512
29.233333,0.00063448
29.250000,0.00029640
29.266667,0.00000000
29.283333,0.00036873
29.300000,0.00000000
29.316667,0.00018041
29.333333,0.00000000
29.350000,0.00017900
29.366667,0.00000000
29.383333,0.00015419
29.400000,0.00018020
29.416667,0.00000000
29.433333,0.00032891
29.450000,0.00033577
29.466667,0.00018247
29.483333,0.00000000
29.500000,0.00000000
29.516667,0.00099086
29.533333,0.00000000
29.550000,0.00017994
29.566667,0.00000000
29.583333,0.00089859
29.600000,0.00045139
29.616667,0.00096845
29.633333,0.00065419
29.650000,0.00028512
29.666667,0.00038891
29.683333,0.00000000
29.700000,0.00054222
29.716667,0.00000000
29.733333,0.00013474
29.750000,0.00000000
29.766667,0.00035050
29.783333,0.00000000
29.800000,0.00000000
29.816667,0.00000000
29.833333,0.00000000
29.850000,0.00075173
29.866667,0.00000000
29.883333,0.00000000
29.900000,0.00015099
29.916667,0.00058223
29.933333,0.00002909
29.950000,0.00100648
29.966667,0.00000000
29.983333,0.00032814
30.000000,0.00069013
30.016667,0.00000000
30.033333,0.00000000
30.050000,0.00000000
30.066667,0.00036399
30.083333,0.00027012
30.100000,0.00000000
30.116667,0.00000000
30.133333,0.00000000
30.150000,0.00000000
30.166667,0.00000000
30.183333,0.00102028
30.200000,0.00000000
30.216667,0.00056399
30.233333,0.00098433
30.250000,0.00070729
30.266667,0.00023629
30.283333,0.00000000
30.300000,0.00000000
30.316667,0.00000000
30.333333,0.00054511
30.350000,0.00026722
30.366667,0.00000000
30.383333,0.00000000
30.400000,0.00100898
30.416667,0.00000000
30.433333,0.00000000
30.450000,0.00000000
30.466667,0.00000000
30.483333,0.00042808
30.500000,0.00004032
30.516667,0.00138334
30.533333,0.00116678
30.550000,0.00000000
30.566667,0.00000000
30.583333,0.00035098
30.600000,0.00000000
30.616667,0.00000000
30.633333,0.00061904
30.650000,0.00000000
30.666667,0.00000000
30.683333,0.00000000
30.700000,0.00025849
30.716667,0.00009510
30.733333,0.00000000
30.750000,0.00031535
30.766667,0.00073193
30.783333,0.00000000
30.800000,0.00024073
30.816667,0.00079901
30.833333,0.00018736
30.850000,0.00006441
30.866667,0.00058317
30.883333,0.00013993
30.900000,0.00000000
30.916667,0.00084015
30.933333,0.00000000
30.950000,0.00000000
30.966667,0.00000000
30.983333,0.00000000
31.000000,0.00046907
31.016667,0.00012146
31.033333,0.00000000
31.050000,0.00000000
31.066667,0.00000000
31.083333,0.00000000
31.100000,0.00044369
31.116667,0.00000000
31.133333,0.00000000
31.150000,0.00000000
31.166667,0.00000000
31.183333,0.00090111
31.200000,0.00000658
31.216667,0.00048890
31.233333,0.00000000
31.250000,0.00001624
31.266667,0.00138667
31.283333,0.00000000
31.300000,0.00083815
31.316667,0.00004985
31.333333,0.00000000
31.350000,0.00012133
31.366667,0.00016866
31.383333,0.00018627
31.400000,0.00000000
31.416667,0.00000000
31.433333,0.00000000
31.450000,0.00000000
31.466667,0.00101334
31.483333,0.00000000
31.500000,0.00027238
31.516667,0.00000000
31.533333,0.00032192
31.550000,0.00000000
31.566667,0.00059491
31.583333,0.00008525
31.600000,0.00000000
31.616667,0.00064874
31.633333,0.00000000
31.650000,0.00000000
31.666667,0.00000000
31.683333,0.00000000
31.700000,0.00000000
31.716667,0.00035007
31.733333,0.00000000
31.750000,0.00095861
31.766667,0.00000000
31.783333,0.00000000
31.800000,0.00000000
31.816667,0.00043541
31.833333,0.00000000
31.850000,0.00000000
31.866667,0.00046461
31.883333,0.00068176
31.900000,0.00005740
31.916667,0.00000000
31.933333,0.00054211
31.950000,0.00104696
31.966667,0.00086495
31.983333,0.00000000
32.000000,0.00023705
32.016667,0.00000000
32.033333,0.00000000
32.050000,0.00000000
32.066667,0.00000000
32.083333,0.00000000
32.100000,0.00000000
32.116667,0.00000000
32.133333,0.00000000
32.150000,0.00000000
32.166667,0.00000000
32.183333,0.00000000
32.200000,0.00000000
32.216667,0.00028283
32.233333,0.00000000
32.250000,0.00000000
32.266667,0.00042969
32.283333,0.00000000
32.300000,0.00000000
32.316667,0.00000000
32.333333,0.00000000
32.350000,0.00061863
32.366667,0.00000000
32.383333,0.00007903
32.400000,0.00060444
32.416667,0.00000000
32.433333,0.00001255
32.450000,0.00000000
32.466667,0.00036414
32.483333,0.00000000
32.500000,0.00000000
32.516667,0.00000000
32.533333,0.00013266
32.550000,0.00000000
32.566667,0.00034097
32.583333,0.00034245
32.600000,0.00050181
32.616667,0.00000000
32.633333,0.00000000
32.650000,0.00000000
32.666667,0.00000000
32.683333,0.00087480
32.700000,0.00000000
32.716667,0.00000000
32.733333,0.00043959
32.750000,0.00016944
32.766667,0.00019834
32.783333,0.00000000
32.800000,0.00064963
32.816667,0.00119172
32.833333,0.00000000
32.850000,0.00000000
32.866667,0.00016885
32.883333,0.00000000
32.900000,0.00030353
32.916667,0.00000000
32.933333,0.00063172
32.950000,0.00000000
32.966667,0.00000000
32.983333,0.00000000
33.000000,0.00043328
33.016667,0.00000000
33.033333,0.00008633
33.050000,0.00000000
33.066667,0.00070056
33.083333,0.00018136
33.100000,0.00000000
33.116667,0.00001455
33.133333,0.00098823
33.150000,0.00000000
33.166667,0.00000000
33.183333,0.00000000
33.200000,0.00022734
33.216667,0.00000000
33.233333,0.00000000
33.250000,0.00000000
33.266667,0.00000000
33.283333,0.00000000
33.300000,0.00032334
33.316667,0.00040490
33.333333,0.00000000
33.350000,0.00000000
33.366667,0.00075232
33.383333,0.00027217
33.400000,0.00029351
33.416667,0.00000000
33.433333,0.00003543
33.450000,0.00000000
33.466667,0.00036228
33.483333,0.00092508
33.500000,0.00000000
33.516667,0.00000000
33.533333,0.00000000
33.550000,0.00000000
33.566667,0.00020030
33.583333,0.00000000
33.600000,0.00000000
33.616667,0.00000000
33.633333,0.00000000
33.650000,0.00018771
33.666667,0.00000000
33.683333,0.00000000
33.700000,0.00099342
33.716667,0.00000000
33.733333,0.00000000
33.750000,0.00039673
33.766667,0.00011287
33.783333,0.00000000
33.800000,0.00044020
33.816667,0.00080845
33.833333,0.00000000
33.850000,0.00000000
33.866667,0.00115424
33.883333,0.00000000
33.900000,0.00003913
33.916667,0.00000000
33.933333,0.00003621
33.950000,0.00031279
33.966667,0.00077693
33.983333,0.00047189
34.000000,0.00112129
34.016667,0.00077589
34.033333,0.00000000
34.050000,0.00016285
34.066667,0.00000000
34.083333,0.00000000
34.100000,0.00000000
34.116667,0.00030597
34.133333,0.00017400
34.150000,0.00062246
34.166667,0.00000000
34.183333,0.00128540
34.200000,0.00000000
34.216667,0.00000000
34.233333,0.00073720
34.250000,0.00030447
34.266667,0.00000000
34.283333,0.00000000
34.300000,0.00000000
34.316667,0.00000000
34.333333,0.00000000
34.350000,0.00012685
34.366667,0.00052598
34.383333,0.00000000
34.400000,0.00065676
34.416667,0.00043798
34.433333,0.00000000
34.450000,0.00000000
34.466667,0.00111478
34.483333,0.00000000
34.500000,0.00000000
34.516667,0.00000000
34.533333,0.00000000
34.550000,0.00000000
34.566667,0.00000000
34.583333,0.00000000
34.600000,0.00000000
34.616667,0.00000000
34.633333,0.00000000
34.650000,0.00000670
34.666667,0.00036283
34.683333,0.00000000
34.700000,0.00000000
34.716667,0.00000000
34.733333,0.00000000
34.750000,0.00060763
34.766667,0.00000000
34.783333,0.00000000
34.800000,0.00000000
34.816667,0.00000000
34.833333,0.00000000
34.850000,0.00000000
34.866667,0.00000000
34.883333,0.00000000
34.900000,0.00000000
34.916667,0.00000000
34.933333,0.00000000
34.950000,0.00005741
34.966667,0.00000000
34.983333,0.00054669
35.000000,0.00000000
35.016667,0.00000000
35.033333,0.00036727
35.050000,0.00000000
35.066667,0.00037635
35.083333,0.00000000
35.100000,0.00000000
35.116667,0.00000000
35.133333,0.00017800
35.150000,0.00046251
35.166667,0.00016109
35.183333,0.00029104
35.200000,0.00047904
35.216667,0.00000000
35.233333,0.00000000
35.250000,0.00000000
35.266667,0.00000000
35.283333,0.00000000
35.300000,0.00000000
35.316667,0.00000000
35.333333,0.00028526
35.350000,0.00000000
35.366667,0.00000000
35.383333,0.00000000
35.400000,0.00073792
35.416667,0.00065638
35.433333,0.00136489
35.450000,0.00081912
35.466667,0.00022371
35.483333,0.00000000
35.500000,0.00000000
35.516667,0.00030747
35.533333,0.00068826
35.550000,0.00000000
35.566667,0.00052263
35.583333,0.00000000
35.600000,0.00010946
35.616667,0.00000000
35.633333,0.00000000
35.650000,0.00056545
35.666667,0.00000000
35.683333,0.00052488
35.700000,0.00059168
35.716667,0.00000000
35.733333,0.00006632
35.750000,0.00121050
35.766667,0.00000000
35.783333,0.00000000
35.800000,0.00050101
35.816667,0.00006493
35.833333,0.00046109
35.850000,0.00023158
35.866667,0.00000000
35.883333,0.00000000
35.900000,0.00000000
35.916667,0.00008260
35.933333,0.00000000
35.950000,0.00088399
35.966667,0.00024327
35.983333,0.00029146
36.000000,0.00000000
36.016667,0.00054464
36.033333,0.00000000
36.050000,0.00076238
36.066667,0.00000000
36.083333,0.00041452
36.100000,0.00000000
36.116667,0.00011529
36.133333,0.00000000
36.150000,0.00000000
36.166667,0.00003314
36.183333,0.00020645
36.200000,0.00000000
36.216667,0.00000000
36.233333,0.00000000
36.250000,0.00058529
36.266667,0.00000000
36.283333,0.00000000
36.300000,0.00000000
36.316667,0.00000000
36.333333,0.00066527
36.350000,0.00000000
36.366667,0.00082056
36.383333,0.00029435
36.400000,0.00003225
36.416667,0.00033997
36.433333,0.00091344
36.450000,0.00001264
36.466667,0.00000000
36.483333,0.00004254
36.500000,0.00024226
36.516667,0.00000000
36.533333,0.00000000
36.550000,0.00000000
36.566667,0.00000000
36.583333,0.00019669
36.600000,0.00000789
36.616667,0.00000000
36.633333,0.00000228
36.650000,0.00000000
36.666667,0.00018453
36.683333,0.00000000
36.700000,0.00013600
36.716667,0.00000000
36.733333,0.00000000
36.750000,0.00000000
36.766667,0.00077974
36.783333,0.00124248
36.800000,0.00064765
36.816667,0.00000000
36.833333,0.00041842
36.850000,0.00038859
36.866667,0.00000000
36.883333,0.00050956
36.900000,0.00001142
36.916667,0.00040175
36.933333,0.00013274
36.950000,0.00000000
36.966667,0.00010774
36.983333,0.00000000
37.000000,0.00041513
37.016667,0.00009979
37.033333,0.00000000
37.050000,0.00000000
37.066667,0.00000000
37.083333,0.00034342
37.100000,0.00000000
37.116667,0.00000000
37.133333,0.00044011
37.150000,0.00041314
37.166667,0.00070954
37.183333,0.00000000
37.200000,0.00026969
37.216667,0.00000000
37.233333,0.00038992
37.250000,0.00000000
37.266667,0.00000907
37.283333,0.00000000
37.300000,0.00000000
37.316667,0.00026658
37.333333,0.00000000
37.350000,0.00000000
37.366667,0.00053727
37.383333,0.00000000
37.400000,0.00000000
37.416667,0.00000000
37.433333,0.00017832
37.450000,0.00030392
37.466667,0.00000000
37.483333,0.00000000
37.500000,0.00002998
37.516667,0.00000000
37.533333,0.00001839
37.550000,0.00017387
37.566667,0.00000000
37.583333,0.00071910
37.600000,0.00000000
37.616667,0.00000000
37.633333,0.00000000
37.650000,0.00000000
37.666667,0.00052231
37.683333,0.00000000
37.700000,0.00008530
37.716667,0.00000000
37.733333,0.00000000
37.750000,0.00121717
37.766667,0.00009126
37.783333,0.00067191
37.800000,0.00000000
37.816667,0.00082009
37.833333,0.00002882
37.850000,0.00000000
37.866667,0.00000000
37.883333,0.00015544
37.900000,0.00049986
37.916667,0.00000000
37.933333,0.00036156
37.950000,0.00002380
37.966667,0.00000000
37.983333,0.00000000
38.000000,0.00000000
38.016667,0.00000000
38.033333,0.00060201
38.050000,0.00056558
38.066667,0.00152608
38.083333,0.00000983
38.100000,0.00000000
38.116667,0.00108070
38.133333,0.00007799
38.150000,0.00000000
38.166667,0.00000000
38.183333,0.00016372
38.200000,0.00033175
38.216667,0.00036061
38.233333,0.00026241
38.250000,0.00051562
38.266667,0.00015086
38.283333,0.00000000
38.300000,0.00000000
38.316667,0.00000000
38.333333,0.00000000
38.350000,0.00000000
38.366667,0.00000000
38.383333,0.00148273
38.400000,0.00000000
38.416667,0.00000000
38.433333,0.00000000
38.450000,0.00000000
38.466667,0.00030125
38.483333,0.00006709
38.500000,0.00039421
38.516667,0.00067459
38.533333,0.00000000
38.550000,0.00025150
38.566667,0.00000000
38.583333,0.00000000
38.600000,0.00000000
38.616667,0.00045119
38.633333,0.00126658
38.650000,0.00035360
38.666667,0.00000000
38.683333,0.00000000
38.700000,0.00000000
38.716667,0.00039207
38.733333,0.00000000
38.750000,0.00072496
38.766667,0.00047510
38.783333,0.00028908
38.800000,0.00108514
38.816667,0.00064539
38.833333,0.00000000
38.850000,0.00000000
38.866667,0.00000000
38.883333,0.00065786
38.900000,0.00000000
38.916667,0.00029516
38.933333,0.00000000
38.950000,0.00076658
38.966667,0.00075831
38.983333,0.00000000
39.000000,0.00000000
39.016667,0.00018244
39.033333,0.00000000
39.050000,0.00086560
39.066667,0.00094092
39.083333,0.00020231
39.100000,0.00029508
39.116667,0.00000000
39.133333,0.00078501
39.150000,0.00038822
39.166667,0.00016515
39.183333,0.00011038
39.200000,0.00000000
39.216667,0.00000000
39.233333,0.00013253
39.250000,0.00009589
39.266667,0.00076929
39.283333,0.00000000
39.300000,0.00017313
39.316667,0.00000000
39.333333,0.00051290
39.350000,0.00028817
39.366667,0.00027862
39.383333,0.00000000
39.400000,0.00031350
39.416667,0.00000000
39.433333,0.00050606
39.450000,0.00071756
39.466667,0.00000000
39.483333,0.00001207
39.500000,0.00059848
39.516667,0.00042394
39.533333,0.00000000
39.550000,0.00038533
39.566667,0.00126172
39.583333,0.00000000
39.600000,0.00010932
39.616667,0.00000000
39.633333,0.00000000
39.650000,0.00000000
39.666667,0.00000000
39.683333,0.00033741
39.700000,0.00000000
39.716667,0.00000000
39.733333,0.00059389
39.750000,0.00000000
39.766667,0.00067889
39.783333,0.00000000
39.800000,0.00068036
39.816667,0.00053241
39.833333,0.00079397
39.850000,0.00017218
39.866667,0.00000000
39.883333,0.00060550
39.900000,0.00000000
39.916667,0.00000000
39.933333,0.00000000
39.950000,0.00000000
39.966667,0.00000000
39.983333,0.00090032
40.000000,0.00000000
40.016667,0.00019103
40.033333,0.00000000
40.050000,0.00000000
40.066667,0.00012975
40.083333,0.00055954
40.100000,0.00000000
40.116667,0.00021600
40.133333,0.00000000
40.150000,0.00000000
40.166667,0.00000000
40.183333,0.00000000
40.200000,0.00075659
40.216667,0.00066715
40.233333,0.00000000
40.250000,0.00000000
40.266667,0.00138150
40.283333,0.00000000
40.300000,0.00061746
40.316667,0.00000000
40.333333,0.00003807
40.350000,0.00069424
40.366667,0.00000000
40.383333,0.00042427
40.400000,0.00000000
40.416667,0.00026144
40.433333,0.00000000
40.450000,0.00036116
40.466667,0.00000000
40.483333,0.00000000
40.500000,0.00000000
40.516667,0.00000000
40.533333,0.00000000
40.550000,0.00000000
40.566667,0.00000000
40.583333,0.00006447
40.600000,0.00043718
40.616667,0.00120159
40.633333,0.00049002
40.650000,0.00006395
40.666667,0.00000000
40.683333,0.00027127
40.700000,0.00000000
40.716667,0.00000000
40.733333,0.00000000
40.750000,0.00000000
40.766667,0.00000000
40.783333,0.00105878
40.800000,0.00000000
40.816667,0.00128120
40.833333,0.00000000
40.850000,0.00000000
40.866667,0.00000000
40.883333,0.00000000
40.900000,0.00031341
40.916667,0.00054808
40.933333,0.00008123
40.950000,0.00017073
40.966667,0.00000000
40.983333,0.00000000
41.000000,0.00000000
41.016667,0.00000000
41.033333,0.00000000
41.050000,0.00010142
41.066667,0.00041459
41.083333,0.00000000
41.100000,0.00075981
41.116667,0.00000000
41.133333,0.00012707
41.150000,0.00000000
41.166667,0.00000000
41.183333,0.00058632
41.200000,0.00009505
41.216667,0.00016402
41.233333,0.00000000
41.250000,0.00000000
41.266667,0.00000000
41.283333,0.00000000
41.300000,0.00000000
41.316667,0.00000000
41.333333,0.00000000
41.350000,0.00000000
41.366667,0.00000000
41.383333,0.00059297
41.400000,0.00042410
41.416667,0.00000000
41.433333,0.00000000
41.450000,0.00000000
41.466667,0.00020544
41.483333,0.00056747
41.500000,0.00078395
41.516667,0.00000000
41.533333,0.00000000
41.550000,0.00000000
41.566667,0.00118288
41.583333,0.00000000
41.600000,0.00000000
41.616667,0.00000000
41.633333,0.00033713
41.650000,0.00000000
41.666667,0.00029927
41.683333,0.00000000
41.700000,0.00032872
41.716667,0.00000000
41.733333,0.00039384
41.750000,0.00050431
41.766667,0.00068533
41.783333,0.00119313
41.800000,0.00000000
41.816667,0.00000000
41.833333,0.00000000
41.850000,0.00000000
41.866667,0.00037190
41.883333,0.00019006
41.900000,0.00000000
41.916667,0.00000000
41.933333,0.00098601
41.950000,0.00133718
41.966667,0.00042779
41.983333,0.00041074
42.000000,0.00000000
42.016667,0.00038970
42.033333,0.00000000
42.050000,0.00000552
42.066667,0.00000000
42.083333,0.00000000
42.100000,0.00000000
42.116667,0.00053887
42.133333,0.00004085
42.150000,0.00000000
42.166667,0.00074056
42.183333,0.00064475
42.200000,0.00000000
42.216667,0.00000000
42.233333,0.00000000
42.250000,0.00000000
42.266667,0.00000000
42.283333,0.00081143
42.300000,0.00082914
42.316667,0.00000000
42.333333,0.00000000
42.350000,0.00000000
42.366667,0.00071821
42.383333,0.00000000
42.400000,0.00056580
42.416667,0.00000000
42.433333,0.00028711
42.450000,0.00000000
42.466667,0.00000000
42.483333,0.00104012
42.500000,0.00080442
42.516667,0.00000000
42.533333,0.00010840
42.550000,0.00046037
42.566667,0.00122920
42.583333,0.00000000
42.600000,0.00006724
42.616667,0.00044116
42.633333,0.00007677
42.650000,0.00002377
42.666667,0.00059019
42.683333,0.00000000
42.700000,0.00000000
42.716667,0.00000000
42.733333,0.00000000
42.750000,0.00036701
42.766667,0.00031389
42.783333,0.00107082
42.800000,0.00094379
42.816667,0.00000000
42.833333,0.00071274
42.850000,0.00000000
42.866667,0.00084904
42.883333,0.00000000
42.900000,0.00000000
42.916667,0.00000000
42.933333,0.00004028
42.950000,0.00000000
42.966667,0.00000000
42.983333,0.00000000
43.000000,0.00000000
43.016667,0.00000000
43.033333,0.00000000
43.050000,0.00038406
43.066667,0.00056303
43.083333,0.00000000
43.100000,0.00000000
43.116667,0.00059769
43.133333,0.00000000
43.150000,0.00000000
43.166667,0.00050505
43.183333,0.00000000
43.200000,0.00005557
43.216667,0.00044411
43.233333,0.00001916
43.250000,0.00033260
43.266667,0.00063481
43.283333,0.00064343
43.300000,0.00000000
43.316667,0.00000000
43.333333,0.00000000
43.350000,0.00000000
43.366667,0.00000000
43.383333,0.00000000
43.400000,0.00156264
43.416667,0.00052659
43.433333,0.00000000
43.450000,0.00058198
43.466667,0.00000000
43.483333,0.00000000
43.500000,0.00034214
43.516667,0.00019141
43.533333,0.00000000
43.550000,0.00000000
43.566667,0.00092344
43.583333,0.00045327
43.600000,0.00000000
43.616667,0.00034422
43.633333,0.00000000
43.650000,0.00000000
43.666667,0.00000000
43.683333,0.00000155
43.700000,0.00007785
43.716667,0.00000000
43.733333,0.00039086
43.750000,0.00039472
43.766667,0.00034101
43.783333,0.00000000
43.800000,0.00032327
43.816667,0.00076537
43.833333,0.00101676
43.850000,0.00159577
43.866667,0.00018266
43.883333,0.00000000
43.900000,0.00000000
43.916667,0.00034139
43.933333,0.00033295
43.950000,0.00000000
43.966667,0.00051589
43.983333,0.00020562
44.000000,0.00030176
44.016667,0.00000000
44.033333,0.00000000
44.050000,0.00000000
44.066667,0.00000000
44.083333,0.00000000
44.100000,0.00009618
44.116667,0.00073969
44.133333,0.00025572
44.150000,0.00062029
44.166667,0.00050464
44.183333,0.00028042
44.200000,0.00000000
44.216667,0.00000000
44.233333,0.00089763
44.250000,0.00066313
44.266667,0.00000000
44.283333,0.00018999
44.300000,0.00000000
44.316667,0.00008321
44.333333,0.00005905
44.350000,0.00091631
44.366667,0.00000000
44.383333,0.00000000
44.400000,0.00019428
44.416667,0.00044923
44.433333,0.00109320
44.450000,0.00001264
44.466667,0.00000000
44.483333,0.00012632
44.500000,0.00120505
44.516667,0.00000000
44.533333,0.00107716
44.550000,0.00000000
44.566667,0.00079852
44.583333,0.00000000
44.600000,0.00000000
44.616667,0.00045557
44.633333,0.00115872
44.650000,0.00008959
44.666667,0.00047583
44.683333,0.00000000
44.700000,0.00000000
44.716667,0.00095834
44.733333,0.00082445
44.750000,0.00025658
44.766667,0.00000000
44.783333,0.00025127
44.800000,0.00016298
44.816667,0.00085797
44.833333,0.00041024
44.850000,0.00033451
44.866667,0.00000000
44.883333,0.00035321
44.900000,0.00076884
44.916667,0.00063133
44.933333,0.00000000
44.950000,0.00007580
44.966667,0.00082529
44.983333,0.00038467
45.000000,0.00050555
45.016667,0.00046493
45.033333,0.00000000
45.050000,0.00010392
45.066667,0.00058518
45.083333,0.00000000
45.100000,0.00100155
45.116667,0.00000000
45.133333,0.00019375
45.150000,0.00032566
45.166667,0.00009574
45.183333,0.00047664
45.200000,0.00018254
45.216667,0.00000000
45.233333,0.00046127
45.250000,0.00000000
45.266667,0.00000000
45.283333,0.00000000
45.300000,0.00029894
45.316667,0.00000000
45.333333,0.00000000
45.350000,0.00016765
45.366667,0.00000000
45.383333,0.00121631
45.400000,0.00000000
45.416667,0.00000000
45.433333,0.00000000
45.450000,0.00000191
45.466667,0.00004114
45.483333,0.00093697
45.500000,0.00000000
45.516667,0.00044698
45.533333,0.00000000
45.550000,0.00000000
45.566667,0.00038653
45.583333,0.00000000
45.600000,0.00000000
45.616667,0.00000000
45.633333,0.00000000
45.650000,0.00000000
45.666667,0.00000000
45.683333,0.00030335
45.700000,0.00000000
45.716667,0.00041347
45.733333,0.00006264
45.750000,0.00000000
45.766667,0.00022484
45.783333,0.00046395
45.800000,0.00000000
45.816667,0.00019148
45.833333,0.00000000
45.850000,0.00021299
45.866667,0.00088071
45.883333,0.00000000
45.900000,0.00000000
45.916667,0.00000000
45.933333,0.00019792
45.950000,0.00000000
45.966667,0.00061929
45.983333,0.00034564
46.000000,0.00000000
46.016667,0.00074249
46.033333,0.00061001
46.050000,0.00000000
46.066667,0.00000000
46.083333,0.00044514
46.100000,0.00000000
46.116667,0.00000000
46.133333,0.00000000
46.150000,0.00022913
46.166667,0.00035008
46.183333,0.00000000
46.200000,0.00024020
46.216667,0.00000000
46.233333,0.00000000
46.250000,0.00000000
46.266667,0.00000000
46.283333,0.00000000
46.300000,0.00074989
46.316667,0.00000000
46.333333,0.00033871
46.350000,0.00000000
46.366667,0.00000000
46.383333,0.00000000
46.400000,0.00032483
46.416667,0.00036338
46.433333,0.00000000
46.450000,0.00000000
46.466667,0.00000000
46.483333,0.00040855
46.500000,0.00000000
46.516667,0.00000000
46.533333,0.00000000
46.550000,0.00006815
46.566667,0.00000000
46.583333,0.00000000
46.600000,0.00000000
46.616667,0.00000000
46.633333,0.00045059
46.650000,0.00000000
46.666667,0.00021420
46.683333,0.00000000
46.700000,0.00024844
46.716667,0.00000000
46.733333,0.00006526
46.750000,0.00000000
46.766667,0.00011918
46.783333,0.00026456
46.800000,0.00000000
46.816667,0.00000000
46.833333,0.00027449
46.850000,0.00000000
46.866667,0.00000000
46.883333,0.00061843
46.900000,0.00017476
46.916667,0.00090246
46.933333,0.00000000
46.950000,0.00000000
46.966667,0.00081675
46.983333,0.00022699
47.000000,0.00000000
47.016667,0.00022454
47.033333,0.00000000
47.050000,0.00021578
47.066667,0.00110601
47.083333,0.00094694
47.100000,0.00004951
47.116667,0.00026307
47.133333,0.00039398
47.150000,0.00109120
47.166667,0.00000000
47.183333,0.00000000
47.200000,0.00000000
47.216667,0.00000000
47.233333,0.00052060
47.250000,0.00000000
47.266667,0.00029711
47.283333,0.00001314
47.300000,0.00018533
47.316667,0.00000000
47.333333,0.00000000
47.350000,0.00067768
47.366667,0.00105406
47.383333,0.00000000
47.400000,0.00000000
47.416667,0.00000000
47.433333,0.00030842
47.450000,0.00002799
47.466667,0.00011141
47.483333,0.00078395
47.500000,0.00041100
47.516667,0.00000000
47.533333,0.00020953
47.550000,0.00000000
47.566667,0.00000000
47.583333,0.00003100
47.600000,0.00000000
47.616667,0.00000000
47.633333,0.00000000
47.650000,0.00000000
47.666667,0.00027239
47.683333,0.00000000
47.700000,0.00000000
47.716667,0.00000000
47.733333,0.00000000
47.750000,0.00013016
47.766667,0.00035518
47.783333,0.00000000
47.800000,0.00107624
47.816667,0.00000000
47.833333,0.00000000
47.850000,0.00000000
47.866667,0.00059784
47.883333,0.00033197
47.900000,0.00010807
47.916667,0.00000000
47.933333,0.00001928
47.950000,0.00035002
47.966667,0.00000000
47.983333,0.00001326
48.000000,0.00000412
48.016667,0.00039261
48.033333,0.00000000
48.050000,0.00081943
48.066667,0.00000000
48.083333,0.00000000
48.100000,0.00000000
48.116667,0.00016202
48.133333,0.00000000
48.150000,0.00010106
48.166667,0.00092172
48.183333,0.00015484
48.200000,0.00047747
48.216667,0.00000000
48.233333,0.00058832
48.250000,0.00000000
48.266667,0.00010730
48.283333,0.00000000
48.300000,0.00005398
48.316667,0.00000000
48.333333,0.00000000
48.350000,0.00000000
48.366667,0.00000000
48.383333,0.00000000
48.400000,0.00000000
48.416667,0.00000000
48.433333,0.00035826
48.450000,0.00100937
48.466667,0.00000000
48.483333,0.00000000
48.500000,0.00022514
48.516667,0.00000000
48.533333,0.00000000
48.550000,0.00085431
48.566667,0.00000000
48.583333,0.00000000
48.600000,0.00127926
48.616667,0.00000000
48.633333,0.00012596
48.650000,0.00094614
48.666667,0.00032658
48.683333,0.00000000
48.700000,0.00002295
48.716667,0.00000000
48.733333,0.00052333
48.750000,0.00000000
48.766667,0.00000000
48.783333,0.00029929
48.800000,0.00053716
48.816667,0.00002592
48.833333,0.00015292
48.850000,0.00000000
48.866667,0.00005760
48.883333,0.00038314
48.900000,0.00000000
48.916667,0.00000000
48.933333,0.00080773
48.950000,0.00019904
48.966667,0.00000000
48.983333,0.00000000
49.000000,0.00045971
49.016667,0.00004288
49.033333,0.00000626
49.050000,0.00035551
49.066667,0.00019517
49.083333,0.00037848
49.100000,0.00053613
49.116667,0.00178516
49.133333,0.00085181
49.150000,0.00020434
49.166667,0.00000000
49.183333,0.00018768
49.200000,0.00027690
49.216667,0.00050825
49.233333,0.00000000
49.250000,0.00000000
49.266667,0.00000000
49.283333,0.00072459
49.300000,0.00011650
49.316667,0.00006066
49.333333,0.00000000
49.350000,0.00048470
49.366667,0.00000000
49.383333,0.00054663
49.400000,0.00000000
49.416667,0.00103776
49.433333,0.00000000
49.450000,0.00000000
49.466667,0.00000000
49.483333,0.00089817
49.500000,0.00000000
49.516667,0.00000000
49.533333,0.00000000
49.550000,0.00000000
49.566667,0.00000000
49.583333,0.00000000
49.600000,0.00045685
49.616667,0.00000000
49.633333,0.00000000
49.650000,0.00070460
49.666667,0.00039240
49.683333,0.00062139
49.700000,0.00028044
49.716667,0.00000000
49.733333,0.00000000
49.750000,0.00000000
49.766667,0.00000000
49.783333,0.00000000
49.800000,0.00000000
49.816667,0.00011268
49.833333,0.00099300
49.850000,0.00000245
49.866667,0.00000000
49.883333,0.00000000
49.900000,0.00040881
49.916667,0.00000000
49.933333,0.00000000
49.950000,0.00049886
49.966667,0.00000000
49.983333,0.00000000
50.000000,0.00000000
50.016667,0.00000000
50.033333,0.00006166
50.050000,0.00000000
50.066667,0.00000000
50.083333,0.00000000
50.100000,0.00009642
50.116667,0.00071254
50.133333,0.00000000
50.150000,0.00044197
50.166667,0.00000000
50.183333,0.00000000
50.200000,0.00063963
50.216667,0.00000000
50.233333,0.00012838
50.250000,0.00000000
50.266667,0.00000000
50.283333,0.00000000
50.300000,0.00013364
50.316667,0.00077358
50.333333,0.00000000
50.350000,0.00000000
50.366667,0.00062534
50.383333,0.00000000
50.400000,0.00000000
50.416667,0.00016661
50.433333,0.00070774
50.450000,0.00045906
50.466667,0.00000000
50.483333,0.00099134
50.500000,0.00000000
50.516667,0.00000000
50.533333,0.00090195
50.550000,0.00000000
50.566667,0.00000000
50.583333,0.00000000
50.600000,0.00006321
50.616667,0.00000000
50.633333,0.00034897
50.650000,0.00072271
50.666667,0.00000000
50.683333,0.00000000
50.700000,0.00079611
50.716667,0.00005506
50.733333,0.00071951
50.750000,0.00034376
50.766667,0.00024702
50.783333,0.00054552
50.800000,0.00000729
50.816667,0.00000000
50.833333,0.00000000
50.850000,0.00002239
50.866667,0.00043699
50.883333,0.00099170
50.900000,0.00028112
50.916667,0.00047045
50.933333,0.00019753
50.950000,0.00006619
50.966667,0.00091149
50.983333,0.00030817
51.000000,0.00026022
51.016667,0.00000000
51.033333,0.00008316
51.050000,0.00000000
51.066667,0.00000000
51.083333,0.00018730
51.100000,0.00000000
51.116667,0.00051286
51.133333,0.00014241
51.150000,0.00000000
51.166667,0.00000000
51.183333,0.00074345
51.200000,0.00062636
51.216667,0.00000000
51.233333,0.00034781
51.250000,0.00065030
51.266667,0.00000000
51.283333,0.00028590
51.300000,0.00068509
51.316667,0.00023943
51.333333,0.00000000
51.350000,0.00000000
51.366667,0.00000000
51.383333,0.00000000
51.400000,0.00000000
51.416667,0.00000000
51.433333,0.00000000
51.450000,0.00000000
51.466667,0.00072619
51.483333,0.00000000
51.500000,0.00045168
51.516667,0.00010844
51.533333,0.00000000
51.550000,0.00000000
51.566667,0.00003671
51.583333,0.00063945
51.600000,0.00011430
51.616667,0.00010370
51.633333,0.00059123
51.650000,0.00000000
51.666667,0.00034360
51.683333,0.00000000
51.700000,0.00000000
51.716667,0.00000000
51.733333,0.00000000
51.750000,0.00000000
51.766667,0.00000000
51.783333,0.00000000
51.800000,0.00042427
51.816667,0.00016484
51.833333,0.00058658
51.850000,0.00000000
51.866667,0.00073748
51.883333,0.00081232
51.900000,0.00007915
51.916667,0.00044868
51.933333,0.00142392
51.950000,0.00027448
51.966667,0.00023141
51.983333,0.00000000
52.000000,0.00000000
52.016667,0.00048900
52.033333,0.00000000
52.050000,0.00000000
52.066667,0.00000000
52.083333,0.00122876
52.100000,0.00000000
52.116667,0.00000000
52.133333,0.00031377
52.150000,0.00088997
52.166667,0.00022246
52.183333,0.00000000
52.200000,0.00023572
52.216667,0.00031121
52.233333,0.00000000
52.250000,0.00000000
52.266667,0.00000000
52.283333,0.00000000
52.300000,0.00000000
52.316667,0.00063666
52.333333,0.00000000
52.350000,0.00012755
52.366667,0.00000000
52.383333,0.00000000
52.400000,0.00007011
52.416667,0.00062361
52.433333,0.00026180
52.450000,0.00000000
52.466667,0.00017065
52.483333,0.00026713
52.500000,0.00031186
52.516667,0.00000000
52.533333,0.00023898
52.550000,0.00074382
52.566667,0.00016822
52.583333,0.00001743
52.600000,0.00015775
52.616667,0.00044573
52.633333,0.00000000
52.650000,0.00000000
52.666667,0.00139433
52.683333,0.00000000
52.700000,0.00009582
52.716667,0.00000000
52.733333,0.00033030
52.750000,0.00000000
52.766667,0.00000000
52.783333,0.00041166
52.800000,0.00107888
52.816667,0.00000000
52.833333,0.00014453
52.850000,0.00000000
52.866667,0.00012655
52.883333,0.00000000
52.900000,0.00000000
52.916667,0.00031753
52.933333,0.00000000
52.950000,0.00000000
52.966667,0.00000000
52.983333,0.00000000
53.000000,0.00083585
53.016667,0.00000000
53.033333,0.00000000
53.050000,0.00180224
53.066667,0.00142168
53.083333,0.00035351
53.100000,0.00000000
53.116667,0.00060376
53.133333,0.00047373
53.150000,0.00072934
53.166667,0.00071749
53.183333,0.00000000
53.200000,0.00032344
53.216667,0.00000000
53.233333,0.00000000
53.250000,0.00046616
53.266667,0.00001176
53.283333,0.00054115
53.300000,0.00000000
53.316667,0.00000000
53.333333,0.00000000
53.350000,0.00023437
53.366667,0.00016561
53.383333,0.00038507
53.400000,0.00000000
53.416667,0.00004663
53.433333,0.00000603
53.450000,0.00000000
53.466667,0.00000000
53.483333,0.00000000
53.500000,0.00000000
53.516667,0.00126971
53.533333,0.00000000
53.550000,0.00044508
53.566667,0.00068823
53.583333,0.00035839
53.600000,0.00030603
53.616667,0.00000000
53.633333,0.00049837
53.650000,0.00080151
53.666667,0.00004134
53.683333,0.00053425
53.700000,0.00056131
53.716667,0.00053734
53.733333,0.00004253
53.750000,0.00011985
53.766667,0.00000000
53.783333,0.00002396
53.800000,0.00000000
53.816667,0.00000000
53.833333,0.00021844
53.850000,0.00000000
53.866667,0.00000000
53.883333,0.00106166
53.900000,0.00109957
53.916667,0.00000000
53.933333,0.00037461
53.950000,0.00092333
53.966667,0.00069231
53.983333,0.00000000
54.000000,0.00048626
54.016667,0.00000000
54.033333,0.00000000
54.050000,0.00000000
54.066667,0.00017023
54.083333,0.00086122
54.100000,0.00055936
54.116667,0.00000000
54.133333,0.00023026
54.150000,0.00000000
54.166667,0.00099195
54.183333,0.00000000
54.200000,0.00000000
54.216667,0.00083030
54.233333,0.00069890
54.250000,0.00000000
54.266667,0.00000000
54.283333,0.00017488
54.300000,0.00061328
54.316667,0.00000000
54.333333,0.00000000
54.350000,0.00000000
54.366667,0.00000000
54.383333,0.00000000
54.400000,0.00000000
54.416667,0.00005486
54.433333,0.00000000
54.450000,0.00096113
54.466667,0.00000000
54.483333,0.00022731
54.500000,0.00000000
54.516667,0.00000000
54.533333,0.00037586
54.550000,0.00000000
54.566667,0.00016294
54.583333,0.00000000
54.600000,0.00000000
54.616667,0.00014126
54.633333,0.00000000
54.650000,0.00000000
54.666667,0.00027434
54.683333,0.00000000
54.700000,0.00005215
54.716667,0.00008709
54.733333,0.00049376
54.750000,0.00016855
54.766667,0.00026149
54.783333,0.00023254
54.800000,0.00000000
54.816667,0.00000000
54.833333,0.00000000
54.850000,0.00020718
54.866667,0.00000000
54.883333,0.00000000
54.900000,0.00000000
54.916667,0.00000009
54.933333,0.00000000
54.950000,0.00059373
54.966667,0.00000000
54.983333,0.00023618
55.000000,0.00000000
55.016667,0.00006754
55.033333,0.00131323
55.050000,0.00023046
55.066667,0.00042371
55.083333,0.00042650
55.100000,0.00036764
55.116667,0.00000000
55.133333,0.00070650
55.150000,0.00000000
55.166667,0.00093697
55.183333,0.00000000
55.200000,0.00016666
55.216667,0.00042397
55.233333,0.00030108
55.250000,0.00000000
55.266667,0.00019150
55.283333,0.00000000
55.300000,0.00000000
55.316667,0.00000000
55.333333,0.00058184
55.350000,0.00006671
55.366667,0.00080311
55.383333,0.00000000
55.400000,0.00040806
55.416667,0.00018843
55.433333,0.00119461
55.450000,0.00000000
55.466667,0.00063561
55.483333,0.00000000
55.500000,0.00049322
55.516667,0.00040577
55.533333,0.00098213
55.550000,0.00000000
55.566667,0.00000000
55.583333,0.00000000
55.600000,0.00048014
55.616667,0.00000000
55.633333,0.00039097
55.650000,0.00000000
55.666667,0.00000000
55.683333,0.00000000
55.700000,0.00083959
55.716667,0.00044787
55.733333,0.00000000
55.750000,0.00018025
55.766667,0.00016550
55.783333,0.00000000
55.800000,0.00000000
55.816667,0.00016027
55.833333,0.00010489
55.850000,0.00000000
55.866667,0.00036907
55.883333,0.00026043
55.900000,0.00033830
55.916667,0.00039415
55.933333,0.00078834
55.950000,0.00100031
55.966667,0.00083709
55.983333,0.00000000
56.000000,0.00000000
56.016667,0.00000000
56.033333,0.00001018
56.050000,0.00029214
56.066667,0.00009175
56.083333,0.00043518
56.100000,0.00136751
56.116667,0.00000000
56.133333,0.00015333
56.150000,0.00095988
56.166667,0.00000000
56.183333,0.00000000
56.200000,0.00000000
56.216667,0.00002003
56.233333,0.00000000
56.250000,0.00000000
56.266667,0.00000000
56.283333,0.00000000
56.300000,0.00012163
56.316667,0.00050489
56.333333,0.00077860
56.350000,0.00000000
56.366667,0.00003209
56.383333,0.00000000
56.400000,0.00000000
56.416667,0.00078897
56.433333,0.00036164
56.450000,0.00005308
56.466667,0.00000000
56.483333,0.00000000
56.500000,0.00000000
56.516667,0.00000000
56.533333,0.00000000
56.550000,0.00064259
56.566667,0.00015867
56.583333,0.00000000
56.600000,0.00070720
56.616667,0.00000000
56.633333,0.00065895
56.650000,0.00001618
56.666667,0.00000000
56.683333,0.00109198
56.700000,0.00000740
56.716667,0.00055898
56.733333,0.00003063
56.750000,0.00032306
56.766667,0.00025023
56.783333,0.00000000
56.800000,0.00039044
56.816667,0.00000000
56.833333,0.00000648
56.850000,0.00000000
56.866667,0.00000000
56.883333,0.00000000
56.900000,0.00061652
56.916667,0.00021813
56.933333,0.00084328
56.950000,0.00050687
56.966667,0.00074698
56.983333,0.00000000
57.000000,0.00000000
57.016667,0.00000000
57.033333,0.00000000
57.050000,0.00000000
57.066667,0.00000000
57.083333,0.00000000
57.100000,0.00075111
57.116667,0.00000000
57.133333,0.00007060
57.150000,0.00012840
57.166667,0.00000000
57.183333,0.00000000
57.200000,0.00018765
57.216667,0.00080795
57.233333,0.00000000
57.250000,0.00000000
57.266667,0.00098427
57.283333,0.00028292
57.300000,0.00051968
57.316667,0.00000000
57.333333,0.00000000
57.350000,0.00000000
57.366667,0.00036546
57.383333,0.00000000
57.400000,0.00000000
57.416667,0.00080839
57.433333,0.00025411
57.450000,0.00000000
57.466667,0.00039549
57.483333,0.00035039
57.500000,0.00000000
57.516667,0.00028065
57.533333,0.00000000
57.550000,0.00000000
57.566667,0.00000000
57.583333,0.00013440
57.600000,0.00000000
57.616667,0.00000000
57.633333,0.00000000
57.650000,0.00006619
57.666667,0.00020666
57.683333,0.00000000
57.700000,0.00049227
57.716667,0.00022390
57.733333,0.00000000
57.750000,0.00062667
57.766667,0.00000000
57.783333,0.00157506
57.800000,0.00000000
57.816667,0.00000000
57.833333,0.00000000
57.850000,0.00000000
57.866667,0.00004889
57.883333,0.00044020
57.900000,0.00000000
57.916667,0.00000000
57.933333,0.00000000
57.950000,0.00000000
57.966667,0.00061672
57.983333,0.00011071
58.000000,0.00118282
58.016667,0.00015198
58.033333,0.00041032
58.050000,0.00004934
58.066667,0.00072389
58.083333,0.00000000
58.100000,0.00000000
58.116667,0.00000000
58.133333,0.00079016
58.150000,0.00000000
58.166667,0.00003732
58.183333,0.00000000
58.200000,0.00000000
58.216667,0.00000000
58.233333,0.00045225
58.250000,0.00077819
58.266667,0.00000000
58.283333,0.00013619
58.300000,0.00091114
58.316667,0.00000000
58.333333,0.00065305
58.350000,0.00000000
58.366667,0.00038281
58.383333,0.00039044
58.400000,0.00069107
58.416667,0.00000000
58.433333,0.00058261
58.450000,0.00000000
58.466667,0.00000000
58.483333,0.00006797
58.500000,0.00088701
58.516667,0.00030804
58.533333,0.00000000
58.550000,0.00098358
58.566667,0.00000000
58.583333,0.00000000
58.600000,0.00000000
58.616667,0.00018002
58.633333,0.00071180
58.650000,0.00005829
58.666667,0.00081160
58.683333,0.00000000
58.700000,0.00034866
58.716667,0.00000798
58.733333,0.00005851
58.750000,0.00039089
58.766667,0.00000000
58.783333,0.00000000
58.800000,0.00050481
58.816667,0.00000000
58.833333,0.00000000
58.850000,0.00033893
58.866667,0.00003931
58.883333,0.00000000
58.900000,0.00001423
58.916667,0.00014972
58.933333,0.00000000
58.950000,0.00038205
58.966667,0.00000000
58.983333,0.00000000
59.000000,0.00112564
59.016667,0.00000000
59.033333,0.00072467
59.050000,0.00000000
59.066667,0.00000000
59.083333,0.00000000
59.100000,0.00034487
59.116667,0.00000000
59.133333,0.00027319
59.150000,0.00048387
59.166667,0.00055756
59.183333,0.00000000
59.200000,0.00012327
59.216667,0.00081489
59.233333,0.00000000
59.250000,0.00000000
59.266667,0.00007574
59.283333,0.00000000
59.300000,0.00033147
59.316667,0.00000000
59.333333,0.00007361
59.350000,0.00022611
59.366667,0.00000000
59.383333,0.00000000
59.400000,0.00000000
59.416667,0.00022784
59.433333,0.00013740
59.450000,0.00042962
59.466667,0.00057059
59.483333,0.00000000
59.500000,0.00000000
59.516667,0.00011320
59.533333,0.00000000
59.550000,0.00000000
59.566667,0.00000000
59.583333,0.00019293
59.600000,0.00036654
59.616667,0.00000000
59.633333,0.00001115
59.650000,0.00007623
59.666667,0.00000000
59.683333,0.00054533
59.700000,0.00061774
59.716667,0.00000000
59.733333,0.00000000
59.750000,0.00013656
59.766667,0.00008402
59.783333,0.00000000
59.800000,0.00000000
59.816667,0.00017713
59.833333,0.00048672
59.850000,0.00000000
59.866667,0.00000000
59.883333,0.00000000
59.900000,0.00000000
59.916667,0.00000000
59.933333,0.00000000
59.950000,0.00033237
59.966667,0.00099768
59.983333,0.00008332
60.000000,0.00000000
60.016667,0.00000000
60.033333,0.00000000
60.050000,0.00000000
60.066667,0.00051111
60.083333,0.00000000
60.100000,0.00024227
60.116667,0.00036155
60.133333,0.00034077
60.150000,0.00000000
60.166667,0.00036320
60.183333,0.00108571
60.200000,0.00044725
60.216667,0.00115596
60.233333,0.00000000
60.250000,0.00017410
60.266667,0.00047085
60.283333,0.00044826
60.300000,0.00026839
60.316667,0.00000000
60.333333,0.00000000
60.350000,0.00000000
60.366667,0.00000000
60.383333,0.00000000
60.400000,0.00013991
60.416667,0.00000000
60.433333,0.00016046
60.450000,0.00000000
60.466667,0.00000000
60.483333,0.00000000
60.500000,0.00000000
60.516667,0.00036394
60.533333,0.00023416
60.550000,0.00005182
60.566667,0.00000000
60.583333,0.00103526
60.600000,0.00000000
60.616667,0.00027177
60.633333,0.00082320
60.650000,0.00000000
60.666667,0.00002500
60.683333,0.00000000
60.700000,0.00046080
60.716667,0.00082872
60.733333,0.00000000
60.750000,0.00000000
60.766667,0.00000000
60.783333,0.00000000
60.800000,0.00000000
60.816667,0.00011533
60.833333,0.00042878
60.850000,0.00011443
60.866667,0.00000000
60.883333,0.00000000
60.900000,0.00000000
60.916667,0.00104698
60.933333,0.00000000
60.950000,0.00031584
60.966667,0.00069350
60.983333,0.00103234
61.000000,0.00032310
61.016667,0.00004323
61.033333,0.00000000
61.050000,0.00061643
61.066667,0.00014814
61.083333,0.00044004
61.100000,0.00004930
61.116667,0.00000000
61.133333,0.00068911
61.150000,0.00002554
61.166667,0.00029967
61.183333,0.00000000
61.200000,0.00017951
61.216667,0.00000000
61.233333,0.00152952
61.250000,0.00052671
61.266667,0.00000000
61.283333,0.00116492
61.300000,0.00055717
61.316667,0.00124680
61.333333,0.00000000
61.350000,0.00084612
61.366667,0.00000000
61.383333,0.00045183
61.400000,0.00000000
61.416667,0.00000000
61.433333,0.00080189
61.450000,0.00058966
61.466667,0.00019324
61.483333,0.00110284
61.500000,0.00000000
61.516667,0.00000000
61.533333,0.00000000
61.550000,0.00000000
61.566667,0.00074680
61.583333,0.00033054
61.600000,0.00016324
61.616667,0.00026279
61.633333,0.00047982
61.650000,0.00005557
61.666667,0.00103288
61.683333,0.00046298
61.700000,0.00136269
61.716667,0.00000000
61.733333,0.00000000
61.750000,0.00003039
61.766667,0.00026464
61.783333,0.00131171
61.800000,0.00027532
61.816667,0.00013277
61.833333,0.00055511
61.850000,0.00024885
61.866667,0.00114934
61.883333,0.00016779
61.900000,0.00033962
61.916667,0.00000000
61.933333,0.00000000
61.950000,0.00004561
61.966667,0.00000000
61.983333,0.00000000
62.000000,0.00007625
62.016667,0.00000000
62.033333,0.00089927
62.050000,0.00030119
62.066667,0.00000000
62.083333,0.00013649
62.100000,0.00101592
62.116667,0.00000300
62.133333,0.00000000
62.150000,0.00000000
62.166667,0.00013923
62.183333,0.00120795
62.200000,0.00000000
62.216667,0.00062975
62.233333,0.00000000
62.250000,0.00000000
62.266667,0.00000000
62.283333,0.00000000
62.300000,0.00053467
62.316667,0.00006864
62.333333,0.00028163
62.350000,0.00000000
62.366667,0.00000000
62.383333,0.00051650
62.400000,0.00062993
62.416667,0.00001076
62.433333,0.00000000
62.450000,0.00000000
62.466667,0.00043438
62.483333,0.00000000
62.500000,0.00000000
62.516667,0.00063807
62.533333,0.00008217
62.550000,0.00032521
62.566667,0.00003158
62.583333,0.00000000
62.600000,0.00005380
62.616667,0.00055715
62.633333,0.00000000
62.650000,0.00000000
62.666667,0.00000000
62.683333,0.00052884
62.700000,0.00064804
62.716667,0.00032071
62.733333,0.00000000
62.750000,0.00028482
62.766667,0.00000000
62.783333,0.00000000
62.800000,0.00000000
62.816667,0.00033285
62.833333,0.00139808
62.850000,0.00012568
62.866667,0.00000000
62.883333,0.00056352
62.900000,0.00000000
62.916667,0.00079498
62.933333,0.00036145
62.950000,0.00066834
62.966667,0.00000000
62.983333,0.00000000
63.000000,0.00016618
63.016667,0.00000000
63.033333,0.00000000
63.050000,0.00000000
63.066667,0.00106227
63.083333,0.00000000
63.100000,0.00000000
63.116667,0.00000000
63.133333,0.00030400
63.150000,0.00035200
63.166667,0.00022967
63.183333,0.00000000
63.200000,0.00068519
63.216667,0.00000000
63.233333,0.00000000
63.250000,0.00000000
63.266667,0.00000000
63.283333,0.00005519
63.300000,0.00064818
63.316667,0.00000000
63.333333,0.00000000
63.350000,0.00000000
63.366667,0.00000000
63.383333,0.00007800
63.400000,0.00000000
63.416667,0.00000000
63.433333,0.00000000
63.450000,0.00000000
63.466667,0.00000000
63.483333,0.00000000
63.500000,0.00000000
63.516667,0.00000000
63.533333,0.00000000
63.550000,0.00000000
63.566667,0.00000000
63.583333,0.00068425
63.600000,0.00033825
63.616667,0.00000000
63.633333,0.00000000
63.650000,0.00093958
63.666667,0.00057047
63.683333,0.00000000
63.700000,0.00000000
63.716667,0.00000000
63.733333,0.00034238
63.750000,0.00043823
63.766667,0.00000000
63.783333,0.00003379
63.800000,0.00000000
63.816667,0.00000530
63.833333,0.00000000
63.850000,0.00000000
63.866667,0.00023147
63.883333,0.00002062
63.900000,0.00000000
63.916667,0.00000000
63.933333,0.00004807
63.950000,0.00000000
63.966667,0.00000000
63.983333,0.00000000
64.000000,0.00107802
64.016667,0.00000000
64.033333,0.00000000
64.050000,0.00027901
64.066667,0.00068367
64.083333,0.00089459
64.100000,0.00038748
64.116667,0.00003031
64.133333,0.00000000
64.150000,0.00089271
64.166667,0.00000000
64.183333,0.00035628
64.200000,0.00000000
64.216667,0.00005998
64.233333,0.00000000
64.250000,0.00000000
64.266667,0.00000000
64.283333,0.00034555
64.300000,0.00000000
64.316667,0.00083556
64.333333,0.00000000
64.350000,0.00000253
64.366667,0.00066191
64.383333,0.00112185
64.400000,0.00000000
64.416667,0.00061148
64.433333,0.00043965
64.450000,0.00000000
64.466667,0.00020881
64.483333,0.00115218
64.500000,0.00000000
64.516667,0.00014026
64.533333,0.00059553
64.550000,0.00000000
64.566667,0.00000000
64.583333,0.00141420
64.600000,0.00114639
64.616667,0.00094991
64.633333,0.00000000
64.650000,0.00041093
64.666667,0.00016221
64.683333,0.00003853
64.700000,0.00068866
64.716667,0.00000000
64.733333,0.00000000
64.750000,0.00000000
64.766667,0.00079901
64.783333,0.00000000
64.800000,0.00054545
64.816667,0.00022226
64.833333,0.00000000
64.850000,0.00203762
64.866667,0.00000000
64.883333,0.00037836
64.900000,0.00000000
64.916667,0.00000000
64.933333,0.00051289
64.950000,0.00032732
64.966667,0.00003676
64.983333,0.00096101
65.000000,0.00064404
65.016667,0.00031233
65.033333,0.00011623
65.050000,0.00000000
65.066667,0.00053182
65.083333,0.00056182
65.100000,0.00044459
65.116667,0.00086213
65.133333,0.00000000
65.150000,0.00006893
65.166667,0.00023616
65.183333,0.00000000
65.200000,0.00086615
65.216667,0.00061582
65.233333,0.00000000
65.250000,0.00024110
65.266667,0.00000000
65.283333,0.00044828
65.300000,0.00016277
65.316667,0.00115452
65.333333,0.00000000
65.350000,0.00041447
65.366667,0.00058029
65.383333,0.00000000
65.400000,0.00051168
65.416667,0.00000000
65.433333,0.00000000
65.450000,0.00000000
65.466667,0.00000000
65.483333,0.00000000
65.500000,0.00000000
65.516667,0.00059034
65.533333,0.00000000
65.550000,0.00009461
65.566667,0.00058943
65.583333,0.00000000
65.600000,0.00000000
65.616667,0.00084477
65.633333,0.00015942
65.650000,0.00010117
65.666667,0.00023379
65.683333,0.00000000
65.700000,0.00000000
65.716667,0.00047708
65.733333,0.00000000
65.750000,0.00032218
65.766667,0.00000000
65.783333,0.00000000
65.800000,0.00000000
65.816667,0.00000000
65.833333,0.00000000
65.850000,0.00004734
65.866667,0.00051847
65.883333,0.00134816
65.900000,0.00073943
65.916667,0.00088698
65.933333,0.00000000
65.950000,0.00000000
65.966667,0.00020087
65.983333,0.00000000
66.000000,0.00001344
66.016667,0.00010589
66.033333,0.00000000
66.050000,0.00000000
66.066667,0.00045683
66.083333,0.00018554
66.100000,0.00000000
66.116667,0.00021018
66.133333,0.00000000
66.150000,0.00072728
66.166667,0.00022686
66.183333,0.00004057
66.200000,0.00000000
66.216667,0.00025178
66.233333,0.00029236
66.250000,0.00030309
66.266667,0.00000000
66.283333,0.00000000
66.300000,0.00003855
66.316667,0.00000000
66.333333,0.00046249
66.350000,0.00067127
66.366667,0.00001073
66.383333,0.00076700
66.400000,0.00003339
66.416667,0.00044609
66.433333,0.00012969
66.450000,0.00000000
66.466667,0.00000000
66.483333,0.00000000
66.500000,0.00020267
66.516667,0.00000000
66.533333,0.00000666
66.550000,0.00148332
66.566667,0.00000000
66.583333,0.00054932
66.600000,0.00000000
66.616667,0.00000000
66.633333,0.00000000
66.650000,0.00052570
66.666667,0.00070643
66.683333,0.00089110
66.700000,0.00017207
66.716667,0.00000000
66.733333,0.00000000
66.750000,0.00000000
66.766667,0.00035688
66.783333,0.00000000
66.800000,0.00000000
66.816667,0.00058144
66.833333,0.00102918
66.850000,0.00000000
66.866667,0.00000000
66.883333,0.00000000
66.900000,0.00000000
66.916667,0.00000000
66.933333,0.00000000
66.950000,0.00030291
66.966667,0.00060901
66.983333,0.00089701
67.000000,0.00058184
67.016667,0.00000000
67.033333,0.00030935
67.050000,0.00000000
67.066667,0.00000000
67.083333,0.00000000
67.100000,0.00000000
67.116667,0.00029852
67.133333,0.00068514
67.150000,0.00090072
67.166667,0.00000000
67.183333,0.00042709
67.200000,0.00036200
67.216667,0.00061350
67.233333,0.00000000
67.250000,0.00000000
67.266667,0.00000000
67.283333,0.00000000
67.300000,0.00000000
67.316667,0.00015664
67.333333,0.00049943
67.350000,0.00000000
67.366667,0.00153103
67.383333,0.00079024
67.400000,0.00154867
67.416667,0.00025593
67.433333,0.00139078
67.450000,0.00000000
67.466667,0.00026342
67.483333,0.00000000
67.500000,0.00063376
67.516667,0.00000000
67.533333,0.00063510
67.550000,0.00000000
67.566667,0.00000000
67.583333,0.00000000
67.600000,0.00000000
67.616667,0.00003336
67.633333,0.00080928
67.650000,0.00000000
67.666667,0.00006926
67.683333,0.00000000
67.700000,0.00000000
67.716667,0.00000000
67.733333,0.00000000
67.750000,0.00072706
67.766667,0.00103911
67.783333,0.00035340
67.800000,0.00044723
67.816667,0.00000000
67.833333,0.00056550
67.850000,0.00000000
67.866667,0.00000000
67.883333,0.00074789
67.900000,0.00000000
67.916667,0.00000000
67.933333,0.00000000
67.950000,0.00000000
67.966667,0.00000000
67.983333,0.00035527
68.000000,0.00031343
68.016667,0.00000000
68.033333,0.00000000
68.050000,0.00036822
68.066667,0.00000000
68.083333,0.00000000
68.100000,0.00024035
68.116667,0.00063243
68.133333,0.00031289
68.150000,0.00071772
68.166667,0.00071359
68.183333,0.00065399
68.200000,0.00000000
68.216667,0.00072585
68.233333,0.00025840
68.250000,0.00004262
68.266667,0.00000000
68.283333,0.00065669
68.300000,0.00171690
68.316667,0.00000000
68.333333,0.00062119
68.350000,0.00094905
68.366667,0.00000000
68.383333,0.00000000
68.400000,0.00034416
68.416667,0.00000000
68.433333,0.00000000
68.450000,0.00000000
68.466667,0.00000000
68.483333,0.00000000
68.500000,0.00000000
68.516667,0.00000000
68.533333,0.00000000
68.550000,0.00051572
68.566667,0.00000000
68.583333,0.00043119
68.600000,0.00000000
68.616667,0.00073922
68.633333,0.00000000
68.650000,0.00000000
68.666667,0.00030777
68.683333,0.00007109
68.700000,0.00008337
68.716667,0.00019597
68.733333,0.00000000
68.750000,0.00039078
68.766667,0.00000000
68.783333,0.00036994
68.800000,0.00000000
68.816667,0.00036164
68.833333,0.00097150
68.850000,0.00000000
68.866667,0.00048892
68.883333,0.00000000
68.900000,0.00091425
68.916667,0.00000000
68.933333,0.00000000
68.950000,0.00156632
68.966667,0.00000000
68.983333,0.00000000
69.000000,0.00027911
69.016667,0.00000000
69.033333,0.00012982
69.050000,0.00000000
69.066667,0.00000000
69.083333,0.00000000
69.100000,0.00000000
69.116667,0.00051791
69.133333,0.00000000
69.150000,0.00019043
69.166667,0.00001584
69.183333,0.00043658
69.200000,0.00018603
69.216667,0.00000000
69.233333,0.00008703
69.250000,0.00043920
69.266667,0.00066136
69.283333,0.00092261
69.300000,0.00022392
69.316667,0.00051181
69.333333,0.00034020
69.350000,0.00000000
69.366667,0.00000000
69.383333,0.00033932
69.400000,0.00016407
69.416667,0.00000000
69.433333,0.00000000
69.450000,0.00110354
69.466667,0.00000000
69.483333,0.00000000
69.500000,0.00056328
69.516667,0.00061290
69.533333,0.00020147
69.550000,0.00022289
69.566667,0.00034467
69.583333,0.00062344
69.600000,0.00000000
69.616667,0.00022114
69.633333,0.00000000
69.650000,0.00037773
69.666667,0.00000000
69.683333,0.00000000
69.700000,0.00025210
69.716667,0.00022073
69.733333,0.00000000
69.750000,0.00000000
69.766667,0.00084772
69.783333,0.00117656
69.800000,0.00066581
69.816667,0.00029720
69.833333,0.00000000
69.850000,0.00000000
69.866667,0.00044044
69.883333,0.00000000
69.900000,0.00000000
69.916667,0.00005480
69.933333,0.00000000
69.950000,0.00064652
69.966667,0.00000017
69.983333,0.00118834
70.000000,0.00034025
70.016667,0.00020989
70.033333,0.00064271
70.050000,0.00000000
70.066667,0.00000000
70.083333,0.00012220
70.100000,0.00000000
70.116667,0.00000000
70.133333,0.00005353
70.150000,0.00015469
70.166667,0.00023740
70.183333,0.00000000
70.200000,0.00000000
70.216667,0.00000000
70.233333,0.00086956
70.250000,0.00000000
70.266667,0.00010458
70.283333,0.00101078
70.300000,0.00022687
70.316667,0.00024879
70.333333,0.00080876
70.350000,0.00048606
70.366667,0.00000000
70.383333,0.00000000
70.400000,0.00000000
70.416667,0.00000000
70.433333,0.00000000
70.450000,0.00011958
70.466667,0.00000000
70.483333,0.00000000
70.500000,0.00001196
70.516667,0.00000000
70.533333,0.00056621
70.550000,0.00000000
70.566667,0.00000000
70.583333,0.00064047
70.600000,0.00000000
70.616667,0.00010828
70.633333,0.00000909
70.650000,0.00036391
70.666667,0.00033961
70.683333,0.00023365
70.700000,0.00000000
70.716667,0.00000000
70.733333,0.00024877
70.750000,0.00000000
70.766667,0.00046194
70.783333,0.00000000
70.800000,0.00047926
70.816667,0.00000000
70.833333,0.00000000
70.850000,0.00020246
70.866667,0.00000000
70.883333,0.00078059
70.900000,0.00011447
70.916667,0.00000000
70.933333,0.00005776
70.950000,0.00001715
70.966667,0.00000000
70.983333,0.00031904
71.000000,0.00021965
71.016667,0.00017198
71.033333,0.00072565
71.050000,0.00000000
71.066667,0.00059226
71.083333,0.00000000
71.100000,0.00028836
71.116667,0.00078246
71.133333,0.00061492
71.150000,0.00000000
71.166667,0.00054793
71.183333,0.00055860
71.200000,0.00000000
71.216667,0.00129392
71.233333,0.00017557
71.250000,0.00020045
71.266667,0.00098873
71.283333,0.00062186
71.300000,0.00000000
71.316667,0.00000000
71.333333,0.00000000
71.350000,0.00000000
71.366667,0.00000000
71.383333,0.00059174
71.400000,0.00042097
71.416667,0.00068398
71.433333,0.00072297
71.450000,0.00000000
71.466667,0.00000000
71.483333,0.00033328
71.500000,0.00052480
71.516667,0.00046411
71.533333,0.00027897
71.550000,0.00000000
71.566667,0.00000000
71.583333,0.00000000
71.600000,0.00000000
71.616667,0.00000000
71.633333,0.00000000
71.650000,0.00088635
71.666667,0.00043475
71.683333,0.00077332
71.700000,0.00000000
71.716667,0.00000000
71.733333,0.00000000
71.750000,0.00000000
71.766667,0.00000000
71.783333,0.00000000
71.800000,0.00000000
71.816667,0.00000000
71.833333,0.00000000
71.850000,0.00053948
71.866667,0.00000000
71.883333,0.00002862
71.900000,0.00000000
71.916667,0.00000000
71.933333,0.00000000
71.950000,0.00000000
71.966667,0.00012612
71.983333,0.00000000
72.000000,0.00120490
72.016667,0.00082989
72.033333,0.00000000
72.050000,0.00000000
72.066667,0.00000000
72.083333,0.00000000
72.100000,0.00007594
72.116667,0.00000000
72.133333,0.00000000
72.150000,0.00033769
72.166667,0.00020427
72.183333,0.00026182
72.200000,0.00076887
72.216667,0.00000000
72.233333,0.00000000
72.250000,0.00023001
72.266667,0.00000000
72.283333,0.00058863
72.300000,0.00000000
72.316667,0.00019591
72.333333,0.00054441
72.350000,0.00000000
72.366667,0.00000000
72.383333,0.00000000
72.400000,0.00000000
72.416667,0.00045613
72.433333,0.00043212
72.450000,0.00135717
72.466667,0.00000757
72.483333,0.00000000
72.500000,0.00008487
72.516667,0.00000000
72.533333,0.00087895
72.550000,0.00000000
72.566667,0.00073213
72.583333,0.00006196
72.600000,0.00023855
72.616667,0.00020891
72.633333,0.00000000
72.650000,0.00000000
72.666667,0.00064349
72.683333,0.00014090
72.700000,0.00029056
72.716667,0.00000000
72.733333,0.00000000
72.750000,0.00000000
72.766667,0.00000000
72.783333,0.00000000
72.800000,0.00000000
72.816667,0.00000000
72.833333,0.00000000
72.850000,0.00000000
72.866667,0.00038774
72.883333,0.00000000
72.900000,0.00000000
72.916667,0.00000000
72.933333,0.00000000
72.950000,0.00032318
72.966667,0.00000000
72.983333,0.00000000
73.000000,0.00017360
73.016667,0.00077991
73.033333,0.00000000
73.050000,0.00000000
73.066667,0.00000000
73.083333,0.00099358
73.100000,0.00000000
73.116667,0.00005164
73.133333,0.00084672
73.150000,0.00000000
73.166667,0.00008299
73.183333,0.00000000
73.200000,0.00073901
73.216667,0.00017027
73.233333,0.00008566
73.250000,0.00084326
73.266667,0.00022584
73.283333,0.00000000
73.300000,0.00056537
73.316667,0.00051566
73.333333,0.00009094
73.350000,0.00075425
73.366667,0.00186231
73.383333,0.00143473
73.400000,0.00000000
73.416667,0.00096263
73.433333,0.00000000
73.450000,0.00062263
73.466667,0.00019379
73.483333,0.00000000
73.500000,0.00000000
73.516667,0.00000000
73.533333,0.00024266
73.550000,0.00055880
73.566667,0.00038011
73.583333,0.00068333
73.600000,0.00101182
73.616667,0.00000000
73.633333,0.00002386
73.650000,0.00000000
73.666667,0.00000000
73.683333,0.00000000
73.700000,0.00000000
73.716667,0.00000000
73.733333,0.00032667
73.750000,0.00000000
73.766667,0.00000000
73.783333,0.00003259
73.800000,0.00000000
73.816667,0.00069620
73.833333,0.00000000
73.850000,0.00017139
73.866667,0.00000000
73.883333,0.00000000
73.900000,0.00024840
73.916667,0.00000000
73.933333,0.00070781
73.950000,0.00118293
73.966667,0.00021942
73.983333,0.00000000
74.000000,0.00000000
74.016667,0.00036757
74.033333,0.00040490
74.050000,0.00000000
74.066667,0.00000000
74.083333,0.00034354
74.100000,0.00000000
74.116667,0.00021163
74.133333,0.00058567
74.150000,0.00000000
74.166667,0.00027278
74.183333,0.00000000
74.200000,0.00085740
74.216667,0.00002307
74.233333,0.00025620
74.250000,0.00044345
74.266667,0.00000000
74.283333,0.00023947
74.300000,0.00000000
74.316667,0.00042239
74.333333,0.00000094
74.350000,0.00000000
74.366667,0.00025988
74.383333,0.00014814
74.400000,0.00000000
74.416667,0.00037771
74.433333,0.00000000
74.450000,0.00010435
74.466667,0.00003446
74.483333,0.00061602
74.500000,0.00000000
74.516667,0.00007665
74.533333,0.00066268
74.550000,0.00000000
74.566667,0.00000000
74.583333,0.00000000
74.600000,0.00021705
74.616667,0.00050919
74.633333,0.00000000
74.650000,0.00056693
74.666667,0.00007442
74.683333,0.00049272
74.700000,0.00000000
74.716667,0.00023521
74.733333,0.00000000
74.750000,0.00056703
74.766667,0.00000000
74.783333,0.00043945
74.800000,0.00000000
74.816667,0.00000000
74.833333,0.00000000
74.850000,0.00000000
74.866667,0.00062701
74.883333,0.00000000
74.900000,0.00000000
74.916667,0.00000000
74.933333,0.00000000
74.950000,0.00022784
74.966667,0.00000000
74.983333,0.00000000
75.000000,0.00000000
75.016667,0.00000000
75.033333,0.00000000
75.050000,0.00068870
75.066667,0.00136867
75.083333,0.00051059
75.100000,0.00000000
75.116667,0.00018309
75.133333,0.00000000
75.150000,0.00000000
75.166667,0.00000000
75.183333,0.00000000
75.200000,0.00000000
75.216667,0.00000000
75.233333,0.00030238
75.250000,0.00036827
75.266667,0.00000000
75.283333,0.00000000
75.300000,0.00061236
75.316667,0.00000000
75.333333,0.00007350
75.350000,0.00005732
75.366667,0.00000000
75.383333,0.00000000
75.400000,0.00106524
75.416667,0.00000000
75.433333,0.00006334
75.450000,0.00000000
75.466667,0.00032348
75.483333,0.00000000
75.500000,0.00000000
75.516667,0.00079537
75.533333,0.00000000
75.550000,0.00142678
75.566667,0.00007506
75.583333,0.00081862
75.600000,0.00008467
75.616667,0.00035986
75.633333,0.00026544
75.650000,0.00000000
75.666667,0.00000000
75.683333,0.00000000
75.700000,0.00052233
75.716667,0.00000000
75.733333,0.00065229
75.750000,0.00000000
75.766667,0.00021691
75.783333,0.00065215
75.800000,0.00000000
75.816667,0.00099526
75.833333,0.00086910
75.850000,0.00000000
75.866667,0.00000000
75.883333,0.00058236
75.900000,0.00000000
75.916667,0.00045943
75.933333,0.00045847
75.950000,0.00010557
75.966667,0.00011250
75.983333,0.00000000
76.000000,0.00051859
76.016667,0.00004389
76.033333,0.00000000
76.050000,0.00057779
76.066667,0.00029890
76.083333,0.00000000
76.100000,0.00000000
76.116667,0.00000000
76.133333,0.00132051
76.150000,0.00041565
76.166667,0.00000000
76.183333,0.00000000
76.200000,0.00000000
76.216667,0.00050986
76.233333,0.00000000
76.250000,0.00000000
76.266667,0.00000000
76.283333,0.00000000
76.300000,0.00000370
76.316667,0.00000000
76.333333,0.00053960
76.350000,0.00005516
76.366667,0.00000000
76.383333,0.00000000
76.400000,0.00000000
76.416667,0.00090021
76.433333,0.00000000
76.450000,0.00016062
76.466667,0.00016992
76.483333,0.00025315
76.500000,0.00003946
76.516667,0.00000000
76.533333,0.00045020
76.550000,0.00000000
76.566667,0.00000000
76.583333,0.00000000
76.600000,0.00000000
76.616667,0.00000000
76.633333,0.00000000
76.650000,0.00029522
76.666667,0.00000000
76.683333,0.00000000
76.700000,0.00000931
76.716667,0.00000000
76.733333,0.00000000
76.750000,0.00070620
76.766667,0.00094771
76.783333,0.00000000
76.800000,0.00000000
76.816667,0.00000000
76.833333,0.00023838
76.850000,0.00001393
76.866667,0.00000000
76.883333,0.00000000
76.900000,0.00071000
76.916667,0.00017585
76.933333,0.00051573
76.950000,0.00058089
76.966667,0.00000000
76.983333,0.00036014
77.000000,0.00000000
77.016667,0.00104504
77.033333,0.00000000
77.050000,0.00000000
77.066667,0.00065472
77.083333,0.00000000
77.100000,0.00000000
77.116667,0.00061081
77.133333,0.00011073
77.150000,0.00000000
77.166667,0.00000000
77.183333,0.00025613
77.200000,0.00000000
77.216667,0.00026769
77.233333,0.00023290
77.250000,0.00000000
77.266667,0.00000000
77.283333,0.00000000
77.300000,0.00086555
77.316667,0.00000000
77.333333,0.00000000
77.350000,0.00000000
77.366667,0.00000000
77.383333,0.00026968
77.400000,0.00094651
77.416667,0.00000000
77.433333,0.00003520
77.450000,0.00026307
77.466667,0.00031715
77.483333,0.00026349
77.500000,0.00000000
77.516667,0.00000029
77.533333,0.00030144
77.550000,0.00000000
77.566667,0.00000000
77.583333,0.00004242
77.600000,0.00000000
77.616667,0.00000000
77.633333,0.00000000
77.650000,0.00000000
77.666667,0.00000000
77.683333,0.00000000
77.700000,0.00000000
77.716667,0.00000000
77.733333,0.00054016
77.750000,0.00000000
77.766667,0.00093103
77.783333,0.00007649
77.800000,0.00084484
77.816667,0.00062455
77.833333,0.00000000
77.850000,0.00000000
77.866667,0.00000000
77.883333,0.00000000
77.900000,0.00000000
77.916667,0.00000000
77.933333,0.00021136
77.950000,0.00065754
77.966667,0.00006570
77.983333,0.00013127
78.000000,0.00009125
78.016667,0.00000000
78.033333,0.00000000
78.050000,0.00087625
78.066667,0.00000000
78.083333,0.00014737
78.100000,0.00000000
78.116667,0.00044575
78.133333,0.00068858
78.150000,0.00035474
78.166667,0.00007944
78.183333,0.00000000
78.200000,0.00081443
78.216667,0.00018793
78.233333,0.00000000
78.250000,0.00000000
78.266667,0.00000000
78.283333,0.00000000
78.300000,0.00143327
78.316667,0.00000000
78.333333,0.00018000
78.350000,0.00060891
78.366667,0.00046212
78.383333,0.00054707
78.400000,0.00048460
78.416667,0.00000000
78.433333,0.00000000
78.450000,0.00000000
78.466667,0.00000000
78.483333,0.00000000
78.500000,0.00000000
78.516667,0.00000000
78.533333,0.00058247
78.550000,0.00000000
78.566667,0.00000000
78.583333,0.00006968
78.600000,0.00000000
78.616667,0.00000000
78.633333,0.00000000
78.650000,0.00022929
78.666667,0.00090617
78.683333,0.00000000
78.700000,0.00000000
78.716667,0.00000000
78.733333,0.00017739
78.750000,0.00000000
78.766667,0.00033179
78.783333,0.00000000
78.800000,0.00000000
78.816667,0.00000000
78.833333,0.00006470
78.850000,0.00030794
78.866667,0.00000000
78.883333,0.00034340
78.900000,0.00000000
78.916667,0.00000000
78.933333,0.00000000
78.950000,0.00000000
78.966667,0.00070643
78.983333,0.00000000
79.000000,0.00000000
79.016667,0.00060631
79.033333,0.00014243
79.050000,0.00021198
79.066667,0.00000000
79.083333,0.00000000
79.100000,0.00000000
79.116667,0.00075503
79.133333,0.00027487
79.150000,0.00042095
79.166667,0.00000000
79.183333,0.00056800
79.200000,0.00033992
79.216667,0.00000000
79.233333,0.00000000
79.250000,0.00003735
79.266667,0.00000000
79.283333,0.00000000
79.300000,0.00011804
79.316667,0.00016118
79.333333,0.00000000
79.350000,0.00000000
79.366667,0.00000000
79.383333,0.00077389
79.400000,0.00000000
79.416667,0.00041511
79.433333,0.00000000
79.450000,0.00065964
79.466667,0.00000000
79.483333,0.00000000
79.500000,0.00050595
79.516667,0.00000000
79.533333,0.00024378
79.550000,0.00031343
79.566667,0.00029716
79.583333,0.00000000
79.600000,0.00000000
79.616667,0.00000000
79.633333,0.00000000
79.650000,0.00000000
79.666667,0.00009869
79.683333,0.00048911
79.700000,0.00086187
79.716667,0.00071643
79.733333,0.00000000
79.750000,0.00019161
79.766667,0.00000000
79.783333,0.00015156
79.800000,0.00000000
79.816667,0.00009599
79.833333,0.00068244
79.850000,0.00000000
79.866667,0.00041096
79.883333,0.00000000
79.900000,0.00000000
79.916667,0.00021318
79.933333,0.00068609
79.950000,0.00000000
79.966667,0.00000000
79.983333,0.00025089
80.000000,0.00053017
80.016667,0.00000000
80.033333,0.00000000
80.050000,0.00000000
80.066667,0.00040729
80.083333,0.00000000
80.100000,0.00071414
80.116667,0.00060423
80.133333,0.00000000
80.150000,0.00011557
80.166667,0.00028668
80.183333,0.00071457
80.200000,0.00021614
80.216667,0.00000000
80.233333,0.00096789
80.250000,0.00000000
80.266667,0.00000000
80.283333,0.00094797
80.300000,0.00000000
80.316667,0.00000000
80.333333,0.00030038
80.350000,0.00000050
80.366667,0.00047889
80.383333,0.00126048
80.400000,0.00000000
80.416667,0.00005207
80.433333,0.00018838
80.450000,0.00000000
80.466667,0.00030633
80.483333,0.00109361
80.500000,0.00017373
80.516667,0.00000000
80.533333,0.00017970
80.550000,0.00000000
80.566667,0.00017871
80.583333,0.00029897
80.600000,0.00091499
80.616667,0.00005679
80.633333,0.00028664
80.650000,0.00033645
80.666667,0.00000000
80.683333,0.00002757
80.700000,0.00000000
80.716667,0.00009032
80.733333,0.00029839
80.750000,0.00021667
80.766667,0.00075938
80.783333,0.00109468
80.800000,0.00000000
80.816667,0.00000000
80.833333,0.00063781
80.850000,0.00016327
80.866667,0.00000000
80.883333,0.00000000
80.900000,0.00000000
80.916667,0.00042330
80.933333,0.00090156
80.950000,0.00000000
80.966667,0.00000000
80.983333,0.00000000
81.000000,0.00000000
81.016667,0.00000000
81.033333,0.00000000
81.050000,0.00013005
81.066667,0.00000000
81.083333,0.00000000
81.100000,0.00000000
81.116667,0.00035086
81.133333,0.00077338
81.150000,0.00027467
81.166667,0.00010107
81.183333,0.00000000
81.200000,0.00008068
81.216667,0.00000000
81.233333,0.00000000
81.250000,0.00030425
81.266667,0.00000000
81.283333,0.00000000
81.300000,0.00163465
81.316667,0.00053802
81.333333,0.00023583
81.350000,0.00000000
81.366667,0.00000000
81.383333,0.00049436
81.400000,0.00013716
81.416667,0.00000000
81.433333,0.00060501
81.450000,0.00000000
81.466667,0.00019360
81.483333,0.00000000
81.500000,0.00000000
81.516667,0.00000000
81.533333,0.00063778
81.550000,0.00061808
81.566667,0.00009797
81.583333,0.00018463
81.600000,0.00044350
81.616667,0.00017068
81.633333,0.00000000
81.650000,0.00000000
81.666667,0.00029010
81.683333,0.00014531
81.700000,0.00000000
81.716667,0.00075912
81.733333,0.00079941
81.750000,0.00033888
81.766667,0.00046218
81.783333,0.00000000
81.800000,0.00009013
81.816667,0.00000000
81.833333,0.00000000
81.850000,0.00000000
81.866667,0.00007040
81.883333,0.00042153
81.900000,0.00008613
81.916667,0.00008076
81.933333,0.00000000
81.950000,0.00000000
81.966667,0.00000000
81.983333,0.00018559
82.000000,0.00069426
82.016667,0.00000000
82.033333,0.00000000
82.050000,0.00000000
82.066667,0.00072129
82.083333,0.00012388
82.100000,0.00000000
82.116667,0.00000000
82.133333,0.00000000
82.150000,0.00000000
82.166667,0.00000000
82.183333,0.00034182
82.200000,0.00047708
82.216667,0.00018278
82.233333,0.00018415
82.250000,0.00004926
82.266667,0.00013456
82.283333,0.00000000
82.300000,0.00000000
82.316667,0.00000000
82.333333,0.00001385
82.350000,0.00000000
82.366667,0.00000000
82.383333,0.00029299
82.400000,0.00000000
82.416667,0.00041614
82.433333,0.00000000
82.450000,0.00000000
82.466667,0.00000000
82.483333,0.00111732
82.500000,0.00038075
82.516667,0.00010780
82.533333,0.00000000
82.550000,0.00043179
82.566667,0.00054960
82.583333,0.00000000
82.600000,0.00047577
82.616667,0.00000000
82.633333,0.00000000
82.650000,0.00000000
82.666667,0.00000000
82.683333,0.00009754
82.700000,0.00069165
82.716667,0.00006005
82.733333,0.00000000
82.750000,0.00052698
82.766667,0.00000000
82.783333,0.00023972
82.800000,0.00000000
82.816667,0.00039919
82.833333,0.00000000
82.850000,0.00000000
82.866667,0.00070374
82.883333,0.00000000
82.900000,0.00014455
82.916667,0.00016391
82.933333,0.00000000
82.950000,0.00003943
82.966667,0.00081640
82.983333,0.00000000
83.000000,0.00000000
83.016667,0.00000000
83.033333,0.00079034
83.050000,0.00000000
83.066667,0.00062569
83.083333,0.00011564
83.100000,0.00000000
83.116667,0.00015357
83.133333,0.00027257
83.150000,0.00000000
83.166667,0.00000000
83.183333,0.00000000
83.200000,0.00062014
83.216667,0.00000000
83.233333,0.00063905
83.250000,0.00012785
83.266667,0.00044092
83.283333,0.00002648
83.300000,0.00042453
83.316667,0.00028466
83.333333,0.00036395
83.350000,0.00036779
83.366667,0.00000000
83.383333,0.00000000
83.400000,0.00016353
83.416667,0.00000000
83.433333,0.00000000
83.450000,0.00000000
83.466667,0.00035648
83.483333,0.00000000
83.500000,0.00102355
83.516667,0.00049945
83.533333,0.00034342
83.550000,0.00022517
83.566667,0.00035153
83.583333,0.00000000
83.600000,0.00035799
83.616667,0.00020629
83.633333,0.00000000
83.650000,0.00098076
83.666667,0.00000000
83.683333,0.00026845
83.700000,0.00000000
83.716667,0.00055663
83.733333,0.00013423
83.750000,0.00000000
83.766667,0.00000000
83.783333,0.00000000
83.800000,0.00031871
83.816667,0.00009582
83.833333,0.00003190
83.850000,0.00000000
83.866667,0.00041617
83.883333,0.00000000
83.900000,0.00121771
83.916667,0.00000000
83.933333,0.00000000
83.950000,0.00000000
83.966667,0.00000000
83.983333,0.00022373
84.000000,0.00098004
84.016667,0.00000000
84.033333,0.00000000
84.050000,0.00000000
84.066667,0.00038552
84.083333,0.00056534
84.100000,0.00020835
84.116667,0.00000000
84.133333,0.00000000
84.150000,0.00000000
84.166667,0.00065570
84.183333,0.00000000
84.200000,0.00000000
84.216667,0.00000000
84.233333,0.00000000
84.250000,0.00041980
84.266667,0.00090098
84.283333,0.00048979
84.300000,0.00000000
84.316667,0.00000000
84.333333,0.00100772
84.350000,0.00124805
84.366667,0.00017662
84.383333,0.00023293
84.400000,0.00000000
84.416667,0.00000000
84.433333,0.00068800
84.450000,0.00045227
84.466667,0.00000000
84.483333,0.00030240
84.500000,0.00000000
84.516667,0.00000000
84.533333,0.00000000
84.550000,0.00000000
84.566667,0.00000000
84.583333,0.00035876
84.600000,0.00004401
84.616667,0.00055677
84.633333,0.00035510
84.650000,0.00000000
84.666667,0.00030447
84.683333,0.00038035
84.700000,0.00042541
84.716667,0.00000000
84.733333,0.00000000
84.750000,0.00086830
84.766667,0.00000000
84.783333,0.00031411
84.800000,0.00000000
84.816667,0.00000000
84.833333,0.00090164
84.850000,0.00000000
84.866667,0.00026747
84.883333,0.00000000
84.900000,0.00000000
84.916667,0.00099558
84.933333,0.00045440
84.950000,0.00014023
84.966667,0.00057703
84.983333,0.00085232
85.000000,0.00008369
85.016667,0.00000000
85.033333,0.00000000
85.050000,0.00000000
85.066667,0.00019146
85.083333,0.00034859
85.100000,0.00000000
85.116667,0.00000000
85.133333,0.00000000
85.150000,0.00032983
85.166667,0.00005500
85.183333,0.00030070
85.200000,0.00000000
85.216667,0.00106734
85.233333,0.00000000
85.250000,0.00115057
85.266667,0.00119476
85.283333,0.00000000
85.300000,0.00000000
85.316667,0.00030619
85.333333,0.00061773
85.350000,0.00000000
85.366667,0.00000000
85.383333,0.00000000
85.400000,0.00000000
85.416667,0.00113338
85.433333,0.00000000
85.450000,0.00017358
85.466667,0.00103211
85.483333,0.00000000
85.500000,0.00013682
85.516667,0.00000000
85.533333,0.00014005
85.550000,0.00086047
85.566667,0.00130812
85.583333,0.00000000
85.600000,0.00000000
85.616667,0.00055847
85.633333,0.00000000
85.650000,0.00087487
85.666667,0.00061366
85.683333,0.00000000
85.700000,0.00000000
85.716667,0.00000000
85.733333,0.00000000
85.750000,0.00000000
85.766667,0.00002910
85.783333,0.00000000
85.800000,0.00049495
85.816667,0.00015885
85.833333,0.00102588
85.850000,0.00000000
85.866667,0.00041246
85.883333,0.00074288
85.900000,0.00000000
85.916667,0.00058170
85.933333,0.00000000
85.950000,0.00050124
85.966667,0.00000000
85.983333,0.00053232
86.000000,0.00000000
86.016667,0.00000000
86.033333,0.00000000
86.050000,0.00002522
86.066667,0.00125651
86.083333,0.00059984
86.100000,0.00000000
86.116667,0.00000000
86.133333,0.00004217
86.150000,0.00000000
86.166667,0.00000000
86.183333,0.00026485
86.200000,0.00000000
86.216667,0.00044334
86.233333,0.00000000
86.250000,0.00018495
86.266667,0.00019567
86.283333,0.00000000
86.300000,0.00000000
86.316667,0.00000000
86.333333,0.00000000
86.350000,0.00000000
86.366667,0.00000000
86.383333,0.00000000
86.400000,0.00000000
86.416667,0.00067373
86.433333,0.00000000
86.450000,0.00000000
86.466667,0.00041550
86.483333,0.00000000
86.500000,0.00057388
86.516667,0.00073921
86.533333,0.00000000
86.550000,0.00096412
86.566667,0.00013625
86.583333,0.00099870
86.600000,0.00000000
86.616667,0.00026186
86.633333,0.00000000
86.650000,0.00029648
86.666667,0.00073512
86.683333,0.00015439
86.700000,0.00135582
86.716667,0.00000000
86.733333,0.00133854
86.750000,0.00000000
86.766667,0.00020582
86.783333,0.00111739
86.800000,0.00000000
86.816667,0.00000000
86.833333,0.00000000
86.850000,0.00006640
86.866667,0.00000000
86.883333,0.00000000
86.900000,0.00001982
86.916667,0.00008435
86.933333,0.00000000
86.950000,0.00000000
86.966667,0.00019598
86.983333,0.00000000
87.000000,0.00000000
87.016667,0.00022141
87.033333,0.00000000
87.050000,0.00080565
87.066667,0.00000000
87.083333,0.00000000
87.100000,0.00000000
87.116667,0.00060818
87.133333,0.00021628
87.150000,0.00000000
87.166667,0.00000000
87.183333,0.00018120
87.200000,0.00097027
87.216667,0.00000000
87.233333,0.00010102
87.250000,0.00012683
87.266667,0.00000000
87.283333,0.00000000
87.300000,0.00089390
87.316667,0.00000000
87.333333,0.00000000
87.350000,0.00000000
87.366667,0.00088984
87.383333,0.00000000
87.400000,0.00000682
87.416667,0.00045041
87.433333,0.00044773
87.450000,0.00000000
87.466667,0.00000000
87.483333,0.00000000
87.500000,0.00125067
87.516667,0.00095219
87.533333,0.00000000
87.550000,0.00000000
87.566667,0.00000000
87.583333,0.00044114
87.600000,0.00005708
87.616667,0.00000000
87.633333,0.00011801
87.650000,0.00065974
87.666667,0.00000000
87.683333,0.00000000
87.700000,0.00000000
87.716667,0.00026181
87.733333,0.00000000
87.750000,0.00039794
87.766667,0.00000000
87.783333,0.00000000
87.800000,0.00000000
87.816667,0.00028817
87.833333,0.00000000
87.850000,0.00055242
87.866667,0.00000000
87.883333,0.00000000
87.900000,0.00013892
87.916667,0.00000000
87.933333,0.00000000
87.950000,0.00000000
87.966667,0.00097822
87.983333,0.00000000
88.000000,0.00000000
88.016667,0.00104974
88.033333,0.00063441
88.050000,0.00000000
88.066667,0.00000000
88.083333,0.00000000
88.100000,0.00000000
88.116667,0.00001592
88.133333,0.00071241
88.150000,0.00051748
88.166667,0.00000157
88.183333,0.00024449
88.200000,0.00006983
88.216667,0.00007538
88.233333,0.00017141
88.250000,0.00000000
88.266667,0.00000000
88.283333,0.00000000
88.300000,0.00000000
88.316667,0.00130198
88.333333,0.00000000
88.350000,0.00000000
88.366667,0.00000000
88.383333,0.00076336
88.400000,0.00008156
88.416667,0.00063192
88.433333,0.00034521
88.450000,0.00052728
88.466667,0.00000000
88.483333,0.00000000
88.500000,0.00041890
88.516667,0.00000000
88.533333,0.00076140
88.550000,0.00052722
88.566667,0.00026953
88.583333,0.00038386
88.600000,0.00044523
88.616667,0.00067925
88.633333,0.00082740
88.650000,0.00043845
88.666667,0.00000000
88.683333,0.00000000
88.700000,0.00000000
88.716667,0.00000000
88.733333,0.00055479
88.750000,0.00000067
88.766667,0.00000000
88.783333,0.00000000
88.800000,0.00000000
88.816667,0.00000000
88.833333,0.00061832
88.850000,0.00000000
88.866667,0.00068166
88.883333,0.00000000
88.900000,0.00000000
88.916667,0.00000000
88.933333,0.00064152
88.950000,0.00062047
88.966667,0.00015207
88.983333,0.00058354
89.000000,0.00040962
89.016667,0.00033264
89.033333,0.00000000
89.050000,0.00000000
89.066667,0.00000000
89.083333,0.00000000
89.100000,0.00065593
89.116667,0.00000000
89.133333,0.00012990
89.150000,0.00059979
89.166667,0.00000000
89.183333,0.00000000
89.200000,0.00029867
89.216667,0.00000000
89.233333,0.00000000
89.250000,0.00000000
89.266667,0.00000000
89.283333,0.00000000
89.300000,0.00000000
89.316667,0.00000000
89.333333,0.00000000
89.350000,0.00000000
89.366667,0.00000000
89.383333,0.00052517
89.400000,0.00000000
89.416667,0.00000000
89.433333,0.00036572
89.450000,0.00000000
89.466667,0.00062862
89.483333,0.00074128
89.500000,0.00032659
89.516667,0.00020005
89.533333,0.00055228
89.550000,0.00000000
89.566667,0.00000000
89.583333,0.00000000
89.600000,0.00000000
89.616667,0.00007756
89.633333,0.00050796
89.650000,0.00000000
89.666667,0.00090550
89.683333,0.00021810
89.700000,0.00000000
89.716667,0.00105315
89.733333,0.00010773
89.750000,0.00080899
89.766667,0.00000000
89.783333,0.00000000
89.800000,0.00000000
89.816667,0.00010038
89.833333,0.00123587
89.850000,0.00030694
89.866667,0.00000000
89.883333,0.00062322
89.900000,0.00010870
89.916667,0.00011554
89.933333,0.00054450
89.950000,0.00045675
89.966667,0.00000000
89.983333,0.00015062
90.000000,0.00000000
90.016667,0.00041087
90.033333,0.00007189
90.050000,0.00023022
90.066667,0.00049389
90.083333,0.00023246
90.100000,0.00000000
90.116667,0.00070742
90.133333,0.00000000
90.150000,0.00000000
90.166667,0.00000000
90.183333,0.00077807
90.200000,0.00060722
90.216667,0.00000000
90.233333,0.00078085
90.250000,0.00151927
90.266667,0.00036127
90.283333,0.00000000
90.300000,0.00000000
90.316667,0.00000000
90.333333,0.00000000
90.350000,0.00032321
90.366667,0.00000000
90.383333,0.00010895
90.400000,0.00028891
90.416667,0.00070590
90.433333,0.00087947
90.450000,0.00049865
90.466667,0.00047878
90.483333,0.00026678
90.500000,0.00000000
90.516667,0.00000000
90.533333,0.00051929
90.550000,0.00000000
90.566667,0.00027982
90.583333,0.00000000
90.600000,0.00000000
90.616667,0.00000000
90.633333,0.00000000
90.650000,0.00097441
90.666667,0.00007882
90.683333,0.00000000
90.700000,0.00123617
90.716667,0.00045675
90.733333,0.00000000
90.750000,0.00000000
90.766667,0.00034996
90.783333,0.00000000
90.800000,0.00027441
90.816667,0.00000000
90.833333,0.00000000
90.850000,0.00000000
90.866667,0.00032005
90.883333,0.00000000
90.900000,0.00000000
90.916667,0.00000000
90.933333,0.00081401
90.950000,0.00029660
90.966667,0.00033533
90.983333,0.00000000
91.000000,0.00033477
91.016667,0.00000000
91.033333,0.00000000
91.050000,0.00082296
91.066667,0.00000000
91.083333,0.00020616
91.100000,0.00004725
91.116667,0.00116126
91.133333,0.00043226
91.150000,0.00013008
91.166667,0.00009738
91.183333,0.00020003
91.200000,0.00000000
91.216667,0.00001278
91.233333,0.00002530
91.250000,0.00029161
91.266667,0.00000000
91.283333,0.00000000
91.300000,0.00000000
91.316667,0.00066342
91.333333,0.00035961
91.350000,0.00000000
91.366667,0.00068004
91.383333,0.00000000
91.400000,0.00007675
91.416667,0.00000000
91.433333,0.00000000
91.450000,0.00034599
91.466667,0.00002649
91.483333,0.00000000
91.500000,0.00091167
91.516667,0.00000000
91.533333,0.00000000
91.550000,0.00066362
91.566667,0.00000000
91.583333,0.00000000
91.600000,0.00014458
91.616667,0.00000000
91.633333,0.00021231
91.650000,0.00000000
91.666667,0.00000000
91.683333,0.00003423
91.700000,0.00030225
91.716667,0.00000000
91.733333,0.00050226
91.750000,0.00050330
91.766667,0.00021607
91.783333,0.00000000
91.800000,0.00000000
91.816667,0.00062649
91.833333,0.00000000
91.850000,0.00023415
91.866667,0.00000000
91.883333,0.00065973
91.900000,0.00019169
91.916667,0.00028716
91.933333,0.00000000
91.950000,0.00000000
91.966667,0.00000000
91.983333,0.00000000
92.000000,0.00000000
92.016667,0.00000000
92.033333,0.00045390
92.050000,0.00000000
92.066667,0.00013546
92.083333,0.00000000
92.100000,0.00000000
92.116667,0.00000000
92.133333,0.00000000
92.150000,0.00065475
92.166667,0.00089794
92.183333,0.00012892
92.200000,0.00000000
92.216667,0.00043073
92.233333,0.00000000
92.250000,0.00018280
92.266667,0.00118375
92.283333,0.00003438
92.300000,0.00006987
92.316667,0.00005572
92.333333,0.00013186
92.350000,0.00026570
92.366667,0.00000000
92.383333,0.00062437
92.400000,0.00000000
92.416667,0.00003907
92.433333,0.00031444
92.450000,0.00038664
92.466667,0.00000000
92.483333,0.00000000
92.500000,0.00000000
92.516667,0.00000000
92.533333,0.00000000
92.550000,0.00073084
92.566667,0.00000000
92.583333,0.00000000
92.600000,0.00000000
92.616667,0.00000000
92.633333,0.00010850
92.650000,0.00055421
92.666667,0.00041618
92.683333,0.00017262
92.700000,0.00000000
92.716667,0.00035069
92.733333,0.00006572
92.750000,0.00039959
92.766667,0.00022891
92.783333,0.00023193
92.800000,0.00135679
92.816667,0.00018701
92.833333,0.00000000
92.850000,0.00000000
92.866667,0.00032805
92.883333,0.00000000
92.900000,0.00008403
92.916667,0.00000000
92.933333,0.00071598
92.950000,0.00000000
92.966667,0.00072022
92.983333,0.00116483
93.000000,0.00036472
93.016667,0.00000000
93.033333,0.00117153
93.050000,0.00004472
93.066667,0.00000000
93.083333,0.00033738
93.100000,0.00000000
93.116667,0.00003498
93.133333,0.00000000
93.150000,0.00000000
93.166667,0.00000000
93.183333,0.00000000
93.200000,0.00000000
93.216667,0.00099180
93.233333,0.00000000
93.250000,0.00000000
93.266667,0.00000000
93.283333,0.00000000
93.300000,0.00000000
93.316667,0.00037031
93.333333,0.00043090
93.350000,0.00000000
93.366667,0.00051580
93.383333,0.00000000
93.400000,0.00087852
93.416667,0.00101627
93.433333,0.00000000
93.450000,0.00000000
93.466667,0.00000000
93.483333,0.00000000
93.500000,0.00000000
93.516667,0.00000000
93.533333,0.00113014
93.550000,0.00073861
93.566667,0.00000000
93.583333,0.00006293
93.600000,0.00115010
93.616667,0.00000000
93.633333,0.00000000
93.650000,0.00006352
93.666667,0.00082050
93.683333,0.00036350
93.700000,0.00000000
93.716667,0.00000000
93.733333,0.00035078
93.750000,0.00000000
93.766667,0.00000000
93.783333,0.00000000
93.800000,0.00000000
93.816667,0.00000000
93.833333,0.00083023
93.850000,0.00051151
93.866667,0.00000000
93.883333,0.00000000
93.900000,0.00092867
93.916667,0.00000000
93.933333,0.00000000
93.950000,0.00000000
93.966667,0.00000000
93.983333,0.00003789
94.000000,0.00000000
94.016667,0.00017012
94.033333,0.00058408
94.050000,0.00000000
94.066667,0.00000000
94.083333,0.00018023
94.100000,0.00017257
94.116667,0.00000000
94.133333,0.00000000
94.150000,0.00059187
94.166667,0.00000000
94.183333,0.00077745
94.200000,0.00000000
94.216667,0.00016137
94.233333,0.00000000
94.250000,0.00000000
94.266667,0.00000000
94.283333,0.00000000
94.300000,0.00000000
94.316667,0.00000000
94.333333,0.00035427
94.350000,0.00078823
94.366667,0.00000000
94.383333,0.00000000
94.400000,0.00000000
94.416667,0.00000000
94.433333,0.00001961
94.450000,0.00068549
94.466667,0.00000000
94.483333,0.00000000
94.500000,0.00000000
94.516667,0.00039869
94.533333,0.00038247
94.550000,0.00000000
94.566667,0.00025066
94.583333,0.00010398
94.600000,0.00000000
94.616667,0.00000000
94.633333,0.00000000
94.650000,0.00000000
94.666667,0.00000000
94.683333,0.00066743
94.700000,0.00018299
94.716667,0.00000000
94.733333,0.00000000
94.750000,0.00051577
94.766667,0.00092169
94.783333,0.00000000
94.800000,0.00000000
94.816667,0.00000000
94.833333,0.00000000
94.850000,0.00116535
94.866667,0.00065988
94.883333,0.00067536
94.900000,0.00000000
94.916667,0.00000000
94.933333,0.00000000
94.950000,0.00000000
94.966667,0.00000000
94.983333,0.00000000
95.000000,0.00046519
95.016667,0.00066348
95.033333,0.00059557
95.050000,0.00028864
95.066667,0.00037359
95.083333,0.00000000
95.100000,0.00004864
95.116667,0.00000000
95.133333,0.00128083
95.150000,0.00068989
95.166667,0.00000000
95.183333,0.00000000
95.200000,0.00000000
95.216667,0.00000000
95.233333,0.00018896
95.250000,0.00002870
95.266667,0.00000000
95.283333,0.00122621
95.300000,0.00057672
95.316667,0.00029543
95.333333,0.00042618
95.350000,0.00000000
95.366667,0.00000000
95.383333,0.00104113
95.400000,0.00000000
95.416667,0.00068766
95.433333,0.00042877
95.450000,0.00000000
95.466667,0.00046444
95.483333,0.00017578
95.500000,0.00000000
95.516667,0.00000000
95.533333,0.00044600
95.550000,0.00060339
95.566667,0.00000000
95.583333,0.00027465
95.600000,0.00001638
95.616667,0.00000000
95.633333,0.00000000
95.650000,0.00000000
95.666667,0.00028821
95.683333,0.00000000
95.700000,0.00000000
95.716667,0.00053730
95.733333,0.00068081
95.750000,0.00000000
95.766667,0.00000000
95.783333,0.00009649
95.800000,0.00091626
95.816667,0.00019373
95.833333,0.00000000
95.850000,0.00000000
95.866667,0.00000919
95.883333,0.00000000
95.900000,0.00000000
95.916667,0.00000000
95.933333,0.00000000
95.950000,0.00000000
95.966667,0.00107869
95.983333,0.00036085
96.000000,0.00000000
96.016667,0.00000000
96.033333,0.00000000
96.050000,0.00043036
96.066667,0.00000000
96.083333,0.00000000
96.100000,0.00000000
96.116667,0.00081116
96.133333,0.00000000
96.150000,0.00000000
96.166667,0.00075277
96.183333,0.00000000
96.200000,0.00000000
96.216667,0.00000000
96.233333,0.00012831
96.250000,0.00107624
96.266667,0.00008547
96.283333,0.00010093
96.300000,0.00052139
96.316667,0.00000000
96.333333,0.00000000
96.350000,0.00000000
96.366667,0.00000000
96.383333,0.00024747
96.400000,0.00000000
96.416667,0.00000000
96.433333,0.00000000
96.450000,0.00092079
96.466667,0.00000000
96.483333,0.00015216
96.500000,0.00048272
96.516667,0.00000000
96.533333,0.00000000
96.550000,0.00024853
96.566667,0.00095819
96.583333,0.00000000
96.600000,0.00068721
96.616667,0.00000000
96.633333,0.00000000
96.650000,0.00000000
96.666667,0.00000000
96.683333,0.00021485
96.700000,0.00021057
96.716667,0.00000000
96.733333,0.00000000
96.750000,0.00000000
96.766667,0.00000000
96.783333,0.00026794
96.800000,0.00000000
96.816667,0.00000000
96.833333,0.00000000
96.850000,0.00000000
96.866667,0.00078114
96.883333,0.00000000
96.900000,0.00008757
96.916667,0.00000000
96.933333,0.00000000
96.950000,0.00013680
96.966667,0.00003364
96.983333,0.00000000
97.000000,0.00000000
97.016667,0.00068925
97.033333,0.00103270
97.050000,0.00000000
97.066667,0.00000000
97.083333,0.00020284
97.100000,0.00050739
97.116667,0.00022816
97.133333,0.00037979
97.150000,0.00011047
97.166667,0.00000000
97.183333,0.00041607
97.200000,0.00030585
97.216667,0.00027375
97.233333,0.00027382
97.250000,0.00033740
97.266667,0.00000000
97.283333,0.00033712
97.300000,0.00000000
97.316667,0.00000000
97.333333,0.00000000
97.350000,0.00040304
97.366667,0.00019548
97.383333,0.00000000
97.400000,0.00042555
97.416667,0.00000000
97.433333,0.00013740
97.450000,0.00000000
97.466667,0.00000000
97.483333,0.00000000
97.500000,0.00000000
97.516667,0.00003851
97.533333,0.00004478
97.550000,0.00003566
97.566667,0.00000000
97.583333,0.00000000
97.600000,0.00000000
97.616667,0.00018342
97.633333,0.00016905
97.650000,0.00000000
97.666667,0.00017885
97.683333,0.00063266
97.700000,0.00135541
97.716667,0.00033536
97.733333,0.00004446
97.750000,0.00000000
97.766667,0.00031195
97.783333,0.00000000
97.800000,0.00000000
97.816667,0.00034663
97.833333,0.00000000
97.850000,0.00016826
97.866667,0.00007948
97.883333,0.00000000
97.900000,0.00086331
97.916667,0.00000000
97.933333,0.00131189
97.950000,0.00107126
97.966667,0.00036724
97.983333,0.00000000
98.000000,0.00056378
98.016667,0.00000000
98.033333,0.00003994
98.050000,0.00043712
98.066667,0.00061220
98.083333,0.00003091
98.100000,0.00016800
98.116667,0.00033048
98.133333,0.00092410
98.150000,0.00110675
98.166667,0.00018285
98.183333,0.00022972
98.200000,0.00000000
98.216667,0.00028247
98.233333,0.00000000
98.250000,0.00038746
98.266667,0.00000000
98.283333,0.00038354
98.300000,0.00000000
98.316667,0.00000000
98.333333,0.00000000
98.350000,0.00066990
98.366667,0.00000000
98.383333,0.00000000
98.400000,0.00015762
98.416667,0.00030516
98.433333,0.00000000
98.450000,0.00000000
98.466667,0.00009101
98.483333,0.00000000
98.500000,0.00000000
98.516667,0.00000000
98.533333,0.00034580
98.550000,0.00000000
98.566667,0.00014921
98.583333,0.00000000
98.600000,0.00000000
98.616667,0.00054592
98.633333,0.00000000
98.650000,0.00059043
98.666667,0.00000000
98.683333,0.00000000
98.700000,0.00003072
98.716667,0.00043523
98.733333,0.00021527
98.750000,0.00012098
98.766667,0.00023091
98.783333,0.00000000
98.800000,0.00048438
98.816667,0.00000000
98.833333,0.00000000
98.850000,0.00000000
98.866667,0.00000000
98.883333,0.00004157
98.900000,0.00000000
98.916667,0.00082744
98.933333,0.00040005
98.950000,0.00000000
98.966667,0.00000000
98.983333,0.00000000
99.000000,0.00000000
99.016667,0.00000000
99.033333,0.00000000
99.050000,0.00013180
99.066667,0.00000000
99.083333,0.00016868
99.100000,0.00089770
99.116667,0.00000000
99.133333,0.00000000
99.150000,0.00000000
99.166667,0.00055106
99.183333,0.00000000
99.200000,0.00016044
99.216667,0.00016257
99.233333,0.00000000
99.250000,0.00061192
99.266667,0.00072298
99.283333,0.00000000
99.300000,0.00000000
99.316667,0.00000000
99.333333,0.00032603
99.350000,0.00060804
99.366667,0.00021330
99.383333,0.00046164
99.400000,0.00111626
99.416667,0.00057828
99.433333,0.00000000
99.450000,0.00000000
99.466667,0.00000000
99.483333,0.00030233
99.500000,0.00000000
99.516667,0.00000000
99.533333,0.00000000
99.550000,0.00000000
99.566667,0.00025228
99.583333,0.00000000
99.600000,0.00051426
99.616667,0.00041435
99.633333,0.00000000
99.650000,0.00005215
99.666667,0.00000000
99.683333,0.00072331
99.700000,0.00000000
99.716667,0.00000000
99.733333,0.00000000
99.750000,0.00037288
99.766667,0.00000000
99.783333,0.00128500
99.800000,0.00055829
99.816667,0.00012847
99.833333,0.00000000
99.850000,0.00013971
99.866667,0.00000000
99.883333,0.00000000
99.900000,0.00039307
99.916667,0.00020681
99.933333,0.00000000
99.950000,0.00000000
99.966667,0.00000000
99.983333,0.00112587
100.000000,0.00000000
