time_min,signal
0.000000,0.00000000
0.016667,0.00155547
0.033333,0.00000000
0.050000,0.00000000
0.066667,0.00023852
0.083333,0.00020075
0.100000,0.00005947
0.116667,0.00038295
0.133333,0.00000000
0.150000,0.00208378
0.166667,0.00015736
0.183333,0.00073238
0.200000,0.00064828
0.216667,0.00154440
0.233333,0.00047635
0.250000,0.00000000
0.266667,0.00051574
0.283333,0.00054531
0.300000,0.00109511
0.316667,0.00000000
0.333333,0.00008485
0.350000,0.00035484
0.366667,0.00000000
0.383333,0.00000000
0.400000,0.00054822
0.416667,0.00000000
0.433333,0.00003053
0.450000,0.00012698
0.466667,0.00000000
0.483333,0.00000000
0.500000,0.00000000
0.516667,0.00004344
0.533333,0.00078851
0.550000,0.00000000
0.566667,0.00000000
0.583333,0.00061556
0.600000,0.00092425
0.616667,0.00000000
0.633333,0.00011581
0.650000,0.00000000
0.666667,0.00016889
0.683333,0.00000000
0.700000,0.00070247
0.716667,0.00000000
0.733333,0.00000000
0.750000,0.00050877
0.766667,0.00016204
0.783333,0.00000000
0.800000,0.00000000
0.816667,0.00000000
0.833333,0.00000000
0.850000,0.00000000
0.866667,0.00000000
0.883333,0.00028476
0.900000,0.00006146
0.916667,0.00000000
0.933333,0.00000000
0.950000,0.00000000
0.966667,0.00059748
0.983333,0.00000000
1.000000,0.00000000
1.016667,0.00000000
1.033333,0.00050845
1.050000,0.00045215
1.066667,0.00000000
1.083333,0.00199800
1.100000,0.00078278
1.116667,0.00000000
1.133333,0.00000000
1.150000,0.00034222
1.166667,0.00012977
1.183333,0.00000000
1.200000,0.00011931
1.216667,0.00000000
1.233333,0.00147409
1.250000,0.00000000
1.266667,0.00000000
1.283333,0.00000000
1.300000,0.00000000
1.316667,0.00014422
1.333333,0.00036627
1.350000,0.00000000
1.366667,0.00000000
1.383333,0.00000000
1.400000,0.00065661
1.416667,0.00080902
1.433333,0.00054581
1.450000,0.00172118
1.466667,0.00049090
1.483333,0.00072358
1.500000,0.00000000
1.516667,0.00000000
1.533333,0.00000000
1.550000,0.00054642
1.566667,0.00000000
1.583333,0.00037971
1.600000,0.00116987
1.616667,0.00026051
1.633333,0.00000000
1.650000,0.00000000
1.666667,0.00078869
1.683333,0.00000000
1.700000,0.00068727
1.716667,0.00023005
1.733333,0.00083595
1.750000,0.00000000
1.766667,0.00000000
1.783333,0.00036417
1.800000,0.00000000
1.816667,0.00000000
1.833333,0.00000000
1.850000,0.00024395
1.866667,0.00000000
1.883333,0.00000000
1.900000,0.00084650
1.916667,0.00000000
1.933333,0.00000000
1.950000,0.00014269
1.966667,0.00000000
1.983333,0.00033498
2.000000,0.00077738
2.016667,0.00057529
2.033333,0.00062621
2.050000,0.00026716
2.066667,0.00000000
2.083333,0.00052684
2.100000,0.00000000
2.116667,0.00000000
2.133333,0.00013711
2.150000,0.00035727
2.166667,0.00000000
2.183333,0.00000000
2.200000,0.00000000
2.216667,0.00000000
2.233333,0.00127158
2.250000,0.00002421
2.266667,0.00034906
2.283333,0.00056723
2.300000,0.00000000
2.316667,0.00000000
2.333333,0.00000000
2.350000,0.00018029
2.366667,0.00000000
2.383333,0.00000000
2.400000,0.00092667
2.416667,0.00000000
2.433333,0.00049772
2.450000,0.00113442
2.466667,0.00000000
2.483333,0.00000000
2.500000,0.00007162
2.516667,0.00000000
2.533333,0.00000000
2.550000,0.00008577
2.566667,0.00000000
2.583333,0.00129977
2.600000,0.00094194
2.616667,0.00077104
2.633333,0.00167155
2.650000,0.00112237
2.666667,0.00253502
2.683333,0.00389069
2.700000,0.00714270
2.716667,0.01078134
2.733333,0.01563901
2.750000,0.02181612
2.766667,0.02833926
2.783333,0.03461195
2.800000,0.03896473
2.816667,0.04229044
2.833333,0.04330710
2.850000,0.04317073
2.866667,0.04240430
2.883333,0.03828122
2.900000,0.03362061
2.916667,0.02623851
2.933333,0.01940904
2.950000,0.01412706
2.966667,0.00971248
2.983333,0.00710921
3.000000,0.00491860
3.016667,0.00396442
3.033333,0.00209864
3.050000,0.00107316
3.066667,0.00074047
3.083333,0.00000000
3.100000,0.00050905
3.116667,0.00000000
3.133333,0.00000000
3.150000,0.00000000
3.166667,0.00004843
3.183333,0.00000000
3.200000,0.00000000
3.216667,0.00000000
3.233333,0.00019698
3.250000,0.00000000
3.266667,0.00000000
3.283333,0.00000000
3.300000,0.00001688
3.316667,0.00000000
3.333333,0.00004873
3.350000,0.00000000
3.366667,0.00000000
3.383333,0.00000000
3.400000,0.00050105
3.416667,0.00000000
3.433333,0.00000000
3.450000,0.00027735
3.466667,0.00019452
3.483333,0.00079310
3.500000,0.00000000
3.516667,0.00003787
3.533333,0.00000000
3.550000,0.00068865
3.566667,0.00037882
3.583333,0.00000000
3.600000,0.00027119
3.616667,0.00017720
3.633333,0.00000000
3.650000,0.00000000
3.666667,0.00028362
3.683333,0.00066371
3.700000,0.00035415
3.716667,0.00121107
3.733333,0.00000000
3.750000,0.00000000
3.766667,0.00000000
3.783333,0.00000000
3.800000,0.00000000
3.816667,0.00044300
3.833333,0.00000000
3.850000,0.00000000
3.866667,0.00054044
3.883333,0.00000000
3.900000,0.00000000
3.916667,0.00000000
3.933333,0.00000000
3.950000,0.00000000
3.966667,0.00000000
3.983333,0.00036319
4.000000,0.00056787
4.016667,0.00000000
4.033333,0.00158132
4.050000,0.00061629
4.066667,0.00000000
4.083333,0.00000000
4.100000,0.00081245
4.116667,0.00000000
4.133333,0.00000000
4.150000,0.00000000
4.166667,0.00000000
4.183333,0.00022276
4.200000,0.00000000
4.216667,0.00000000
4.233333,0.00000000
4.250000,0.00000000
4.266667,0.00000000
4.283333,0.00030459
4.300000,0.00014879
4.316667,0.00000000
4.333333,0.00080091
4.350000,0.00000000
4.366667,0.00000000
4.383333,0.00000000
4.400000,0.00015124
4.416667,0.00018741
4.433333,0.00032811
4.450000,0.00189494
4.466667,0.00004853
4.483333,0.00058429
4.500000,0.00120441
4.516667,0.00158012
4.533333,0.00000000
4.550000,0.00046867
4.566667,0.00016189
4.583333,0.00000000
4.600000,0.00000000
4.616667,0.00000000
4.633333,0.00000000
4.650000,0.00019173
4.666667,0.00000000
4.683333,0.00000000
4.700000,0.00000000
4.716667,0.00083019
4.733333,0.00000000
4.750000,0.00000000
4.766667,0.00073274
4.783333,0.00041415
4.800000,0.00000000
4.816667,0.00038782
4.833333,0.00044516
4.850000,0.00105880
4.866667,0.00000000
4.883333,0.00000000
4.900000,0.00000000
4.916667,0.00029574
4.933333,0.00030009
4.950000,0.00000000
4.966667,0.00083985
4.983333,0.00000000
5.000000,0.00007298
5.016667,0.00016604
5.033333,0.00080471
5.050000,0.00000000
5.066667,0.00096669
5.083333,0.00033294
5.100000,0.00000000
5.116667,0.00000000
5.133333,0.00000000
5.150000,0.00003255
5.166667,0.00025685
5.183333,0.00075710
5.200000,0.00000000
5.216667,0.00038950
5.233333,0.00035602
5.250000,0.00000000
5.266667,0.00036457
5.283333,0.00000000
5.300000,0.00053389
5.316667,0.00003829
5.333333,0.00000000
5.350000,0.00000000
5.366667,0.00137060
5.383333,0.00000000
5.400000,0.00000000
5.416667,0.00047421
5.433333,0.00052910
5.450000,0.00000000
5.466667,0.00081258
5.483333,0.00092080
5.500000,0.00000000
5.516667,0.00000000
5.533333,0.00136359
5.550000,0.00000000
5.566667,0.00000000
5.583333,0.00045895
5.600000,0.00032334
5.616667,0.00093275
5.633333,0.00005023
5.650000,0.00025531
5.666667,0.00000000
5.683333,0.00004255
5.700000,0.00000000
5.716667,0.00000000
5.733333,0.00000000
5.750000,0.00048059
5.766667,0.00000000
5.783333,0.00015701
5.800000,0.00000000
5.816667,0.00000000
5.833333,0.00000000
5.850000,0.00003494
5.866667,0.00011018
5.883333,0.00047334
5.900000,0.00020054
5.916667,0.00005012
5.933333,0.00000000
5.950000,0.00085067
5.966667,0.00000000
5.983333,0.00000000
6.000000,0.00098722
6.016667,0.00048130
6.033333,0.00002182
6.050000,0.00000000
6.066667,0.00000000
6.083333,0.00037800
6.100000,0.00032683
6.116667,0.00050337
6.133333,0.00012202
6.150000,0.00000000
6.166667,0.00000000
6.183333,0.00016519
6.200000,0.00104859
6.216667,0.00000000
6.233333,0.00000000
6.250000,0.00000000
6.266667,0.00000000
6.283333,0.00093448
6.300000,0.00000000
6.316667,0.00000000
6.333333,0.00000000
6.350000,0.00000000
6.366667,0.00000000
6.383333,0.00028038
6.400000,0.00000000
6.416667,0.00008341
6.433333,0.00071611
6.450000,0.00000000
6.466667,0.00079271
6.483333,0.00083734
6.500000,0.00036478
6.516667,0.00063701
6.533333,0.00054336
6.550000,0.00000000
6.566667,0.00000000
6.583333,0.00000000
6.600000,0.00000000
6.616667,0.00009477
6.633333,0.00000000
6.650000,0.00000000
6.666667,0.00000000
6.683333,0.00000000
6.700000,0.00084151
6.716667,0.00029890
6.733333,0.00030990
6.750000,0.00073937
6.766667,0.00013356
6.783333,0.00000000
6.800000,0.00014669
6.816667,0.00058065
6.833333,0.00007268
6.850000,0.00000000
6.866667,0.00000000
6.883333,0.00032022
6.900000,0.00064985
6.916667,0.00078190
6.933333,0.00000000
6.950000,0.00000000
6.966667,0.00000000
6.983333,0.00050071
7.000000,0.00001723
7.016667,0.00046941
7.033333,0.00000000
7.050000,0.00118537
7.066667,0.00000000
7.083333,0.00000000
7.100000,0.00000000
7.116667,0.00017359
7.133333,0.00010912
7.150000,0.00000000
7.166667,0.00015422
7.183333,0.00000000
7.200000,0.00084591
7.216667,0.00020684
7.233333,0.00024248
7.250000,0.00000000
7.266667,0.00048532
7.283333,0.00000000
7.300000,0.00058765
7.316667,0.00018129
7.333333,0.00028976
7.350000,0.00000000
7.366667,0.00000000
7.383333,0.00054972
7.400000,0.00007826
7.416667,0.00053470
7.433333,0.00000000
7.450000,0.00047444
7.466667,0.00000000
7.483333,0.00000000
7.500000,0.00080049
7.516667,0.00030825
7.533333,0.00000000
7.550000,0.00000000
7.566667,0.00000000
7.583333,0.00000000
7.600000,0.00000000
7.616667,0.00049172
7.633333,0.00019252
7.650000,0.00000000
7.666667,0.00038704
7.683333,0.00000000
7.700000,0.00000000
7.716667,0.00043079
7.733333,0.00000000
7.750000,0.00044628
7.766667,0.00051463
7.783333,0.00000000
7.800000,0.00000000
7.816667,0.00000000
7.833333,0.00000000
7.850000,0.00040952
7.866667,0.00051442
7.883333,0.00026342
7.900000,0.00000000
7.916667,0.00000000
7.933333,0.00008654
7.950000,0.00056349
7.966667,0.00036686
7.983333,0.00026297
8.000000,0.00053727
8.016667,0.00074315
8.033333,0.00078522
8.050000,0.00000000
8.066667,0.00058061
8.083333,0.00000000
8.100000,0.00000000
8.116667,0.00045507
8.133333,0.00068725
8.150000,0.00061336
8.166667,0.00000000
8.183333,0.00007082
8.200000,0.00003504
8.216667,0.00000000
8.233333,0.00000000
8.250000,0.00016249
8.266667,0.00012282
8.283333,0.00000000
8.300000,0.00133220
8.316667,0.00003364
8.333333,0.00000000
8.350000,0.00107321
8.366667,0.00064197
8.383333,0.00088788
8.400000,0.00000000
8.416667,0.00000000
8.433333,0.00028109
8.450000,0.00076909
8.466667,0.00000000
8.483333,0.00000000
8.500000,0.00059385
8.516667,0.00000000
8.533333,0.00000000
8.550000,0.00000000
8.566667,0.00000000
8.583333,0.00000000
8.600000,0.00044756
8.616667,0.00016475
8.633333,0.00043659
8.650000,0.00000000
8.666667,0.00047617
8.683333,0.00041009
8.700000,0.00073082
8.716667,0.00000000
8.733333,0.00049094
8.750000,0.00000000
8.766667,0.00000000
8.783333,0.00001777
8.800000,0.00062483
8.816667,0.00063226
8.833333,0.00000000
8.850000,0.00000000
8.866667,0.00008150
8.883333,0.00000000
8.900000,0.00048896
8.916667,0.00111272
8.933333,0.00000936
8.950000,0.00000000
8.966667,0.00000000
8.983333,0.00000000
9.000000,0.00005851
9.016667,0.00055007
9.033333,0.00000000
9.050000,0.00000000
9.066667,0.00000000
9.083333,0.00102788
9.100000,0.00000000
9.116667,0.00000000
9.133333,0.00000000
9.150000,0.00000000
9.166667,0.00000000
9.183333,0.00040165
9.200000,0.00119608
9.216667,0.00000000
9.233333,0.00154637
9.250000,0.00004085
9.266667,0.00094655
9.283333,0.00035349
9.300000,0.00143531
9.316667,0.00000000
9.333333,0.00000000
9.350000,0.00020126
9.366667,0.00000000
9.383333,0.00000000
9.400000,0.00000000
9.416667,0.00000000
9.433333,0.00000000
9.450000,0.00000000
9.466667,0.00110758
9.483333,0.00023438
9.500000,0.00000000
9.516667,0.00109342
9.533333,0.00093021
9.550000,0.00023682
9.566667,0.00000000
9.583333,0.00000000
9.600000,0.00000000
9.616667,0.00015477
9.633333,0.00094883
9.650000,0.00000000
9.666667,0.00012428
9.683333,0.00000000
9.700000,0.00000000
9.716667,0.00000000
9.733333,0.00000000
9.750000,0.00028674
9.766667,0.00053849
9.783333,0.00014268
9.800000,0.00000000
9.816667,0.00032438
9.833333,0.00000000
9.850000,0.00000000
9.866667,0.00000000
9.883333,0.00000000
9.900000,0.00072911
9.916667,0.00097064
9.933333,0.00019217
9.950000,0.00162410
9.966667,0.00000000
9.983333,0.00000000
10.000000,0.00070330
10.016667,0.00088153
10.033333,0.00000000
10.050000,0.00060593
10.066667,0.00044779
10.083333,0.00000000
10.100000,0.00000000
10.116667,0.00000000
10.133333,0.00052791
10.150000,0.00000000
10.166667,0.00064469
10.183333,0.00000000
10.200000,0.00047082
10.216667,0.00127846
10.233333,0.00000000
10.250000,0.00000000
10.266667,0.00000000
10.283333,0.00000000
10.300000,0.00119105
10.316667,0.00000000
10.333333,0.00000000
10.350000,0.00011432
10.366667,0.00000000
10.383333,0.00084958
10.400000,0.00000000
10.416667,0.00010188
10.433333,0.00000000
10.450000,0.00014703
10.466667,0.00029277
10.483333,0.00087586
10.500000,0.00006195
10.516667,0.00000000
10.533333,0.00062800
10.550000,0.00086315
10.566667,0.00000000
10.583333,0.00038872
10.600000,0.00083621
10.616667,0.00000000
10.633333,0.00056341
10.650000,0.00009466
10.666667,0.00000000
10.683333,0.00011597
10.700000,0.00000000
10.716667,0.00000000
10.733333,0.00076044
10.750000,0.00033404
10.766667,0.00083291
10.783333,0.00000000
10.800000,0.00127266
10.816667,0.00060740
10.833333,0.00148719
10.850000,0.00000000
10.866667,0.00048918
10.883333,0.00000000
10.900000,0.00000000
10.916667,0.00000000
10.933333,0.00003186
10.950000,0.00016509
10.966667,0.00000000
10.983333,0.00000000
11.000000,0.00063700
11.016667,0.00017508
11.033333,0.00019400
11.050000,0.00000000
11.066667,0.00000000
11.083333,0.00055758
11.100000,0.00000000
11.116667,0.00041002
11.133333,0.00108948
11.150000,0.00000000
11.166667,0.00000000
11.183333,0.00000000
11.200000,0.00001905
11.216667,0.00075654
11.233333,0.00012798
11.250000,0.00015293
11.266667,0.00000000
11.283333,0.00039680
11.300000,0.00029648
11.316667,0.00000000
11.333333,0.00000000
11.350000,0.00000000
11.366667,0.00000000
11.383333,0.00000000
11.400000,0.00000000
11.416667,0.00027504
11.433333,0.00000000
11.450000,0.00003261
11.466667,0.00015294
11.483333,0.00015297
11.500000,0.00012772
11.516667,0.00134836
11.533333,0.00000000
11.550000,0.00007675
11.566667,0.00000000
11.583333,0.00000000
11.600000,0.00002840
11.616667,0.00070211
11.633333,0.00045046
11.650000,0.00048447
11.666667,0.00156024
11.683333,0.00000000
11.700000,0.00000000
11.716667,0.00015006
11.733333,0.00000000
11.750000,0.00055505
11.766667,0.00000000
11.783333,0.00000112
11.800000,0.00018918
11.816667,0.00000000
11.833333,0.00038186
11.850000,0.00000000
11.866667,0.00101786
11.883333,0.00059833
11.900000,0.00000000
11.916667,0.00184575
11.933333,0.00000000
11.950000,0.00000000
11.966667,0.00000000
11.983333,0.00007295
12.000000,0.00082842
12.016667,0.00044813
12.033333,0.00000000
12.050000,0.00037798
12.066667,0.00071000
12.083333,0.00059049
12.100000,0.00000000
12.116667,0.00000000
12.133333,0.00027866
12.150000,0.00000000
12.166667,0.00000000
12.183333,0.00040390
12.200000,0.00000000
12.216667,0.00000000
12.233333,0.00000000
12.250000,0.00000000
12.266667,0.00000000
12.283333,0.00059706
12.300000,0.00027818
12.316667,0.00088978
12.333333,0.00126444
12.350000,0.00000000
12.366667,0.00000000
12.383333,0.00050278
12.400000,0.00000000
12.416667,0.00111036
12.433333,0.00000000
12.450000,0.00000000
12.466667,0.00000000
12.483333,0.00000000
12.500000,0.00000000
12.516667,0.00036395
12.533333,0.00028575
12.550000,0.00028317
12.566667,0.00000000
12.583333,0.00158940
12.600000,0.00000000
12.616667,0.00071372
12.633333,0.00119660
12.650000,0.00104873
12.666667,0.00000000
12.683333,0.00107553
12.700000,0.00072477
12.716667,0.00000000
12.733333,0.00010922
12.750000,0.00029467
12.766667,0.00021343
12.783333,0.00044520
12.800000,0.00000000
12.816667,0.00000000
12.833333,0.00000000
12.850000,0.00019803
12.866667,0.00000000
12.883333,0.00035771
12.900000,0.00020234
12.916667,0.00000000
12.933333,0.00013895
12.950000,0.00000000
12.966667,0.00000000
12.983333,0.00001678
13.000000,0.00021577
13.016667,0.00060045
13.033333,0.00073773
13.050000,0.00000000
13.066667,0.00000000
13.083333,0.00000000
13.100000,0.00025262
13.116667,0.00000000
13.133333,0.00175518
13.150000,0.00040504
13.166667,0.00000000
13.183333,0.00066776
13.200000,0.00000000
13.216667,0.00000000
13.233333,0.00000000
13.250000,0.00057753
13.266667,0.00041165
13.283333,0.00000000
13.300000,0.00015603
13.316667,0.00000000
13.333333,0.00037948
13.350000,0.00000000
13.366667,0.00009827
13.383333,0.00026927
13.400000,0.00082529
13.416667,0.00035317
13.433333,0.00000000
13.450000,0.00008831
13.466667,0.00000000
13.483333,0.00000000
13.500000,0.00121437
13.516667,0.00000000
13.533333,0.00000000
13.550000,0.00000000
13.566667,0.00000000
13.583333,0.00024435
13.600000,0.00000000
13.616667,0.00050892
13.633333,0.00023725
13.650000,0.00045797
13.666667,0.00052787
13.683333,0.00050298
13.700000,0.00000000
13.716667,0.00000000
13.733333,0.00017962
13.750000,0.00145984
13.766667,0.00001427
13.783333,0.00021489
13.800000,0.00000000
13.816667,0.00000000
13.833333,0.00011333
13.850000,0.00068925
13.866667,0.00071887
13.883333,0.00081887
13.900000,0.00013034
13.916667,0.00102340
13.933333,0.00000000
13.950000,0.00000000
13.966667,0.00000000
13.983333,0.00018758
14.000000,0.00000000
14.016667,0.00000000
14.033333,0.00000000
14.050000,0.00000000
14.066667,0.00036893
14.083333,0.00000000
14.100000,0.00103362
14.116667,0.00000000
14.133333,0.00000000
14.150000,0.00095837
14.166667,0.00067686
14.183333,0.00000000
14.200000,0.00060873
14.216667,0.00048511
14.233333,0.00000000
14.250000,0.00000000
14.266667,0.00000000
14.283333,0.00026739
14.300000,0.00000000
14.316667,0.00139474
14.333333,0.00157109
14.350000,0.00000000
14.366667,0.00000000
14.383333,0.00000000
14.400000,0.00005047
14.416667,0.00033009
14.433333,0.00000000
14.450000,0.00000000
14.466667,0.00000000
14.483333,0.00000000
14.500000,0.00000000
14.516667,0.00025889
14.533333,0.00000000
14.550000,0.00000000
14.566667,0.00000000
14.583333,0.00000000
14.600000,0.00049954
14.616667,0.00000000
14.633333,0.00000000
14.650000,0.00000000
14.666667,0.00000000
14.683333,0.00000000
14.700000,0.00107590
14.716667,0.00041939
14.733333,0.00000000
14.750000,0.00000000
14.766667,0.00140180
14.783333,0.00000000
14.800000,0.00000051
14.816667,0.00045117
14.833333,0.00000000
14.850000,0.00012488
14.866667,0.00000000
14.883333,0.00000000
14.900000,0.00000000
14.916667,0.00026269
14.933333,0.00000000
14.950000,0.00000000
14.966667,0.00000000
14.983333,0.00000000
15.000000,0.00039317
15.016667,0.00049645
15.033333,0.00052450
15.050000,0.00076346
15.066667,0.00078157
15.083333,0.00019107
15.100000,0.00169255
15.116667,0.00000000
15.133333,0.00000000
15.150000,0.00037012
15.166667,0.00000000
15.183333,0.00029820
15.200000,0.00033547
15.216667,0.00046815
15.233333,0.00000000
15.250000,0.00074301
15.266667,0.00000000
15.283333,0.00009998
15.300000,0.00000000
15.316667,0.00000000
15.333333,0.00034660
15.350000,0.00036184
15.366667,0.00000000
15.383333,0.00000000
15.400000,0.00000000
15.416667,0.00000000
15.433333,0.00000000
15.450000,0.00092153
15.466667,0.00000000
15.483333,0.00000000
15.500000,0.00000000
15.516667,0.00047085
15.533333,0.00000000
15.550000,0.00000000
15.566667,0.00017770
15.583333,0.00000000
15.600000,0.00024044
15.616667,0.00000000
15.633333,0.00000000
15.650000,0.00000000
15.666667,0.00000000
15.683333,0.00000000
15.700000,0.00000000
15.716667,0.00000000
15.733333,0.00000000
15.750000,0.00078234
15.766667,0.00000000
15.783333,0.00057903
15.800000,0.00000000
15.816667,0.00104699
15.833333,0.00000000
15.850000,0.00000000
15.866667,0.00000000
15.883333,0.00000000
15.900000,0.00000000
15.916667,0.00000000
15.933333,0.00003984
15.950000,0.00057275
15.966667,0.00000180
15.983333,0.00000000
16.000000,0.00033799
16.016667,0.00000000
16.033333,0.00014419
16.050000,0.00030486
16.066667,0.00005348
16.083333,0.00000000
16.100000,0.00000000
16.116667,0.00000000
16.133333,0.00000000
16.150000,0.00000000
16.166667,0.00000000
16.183333,0.00000000
16.200000,0.00000000
16.216667,0.00039952
16.233333,0.00038338
16.250000,0.00005606
16.266667,0.00000000
16.283333,0.00052458
16.300000,0.00000000
16.316667,0.00006900
16.333333,0.00000000
16.350000,0.00000000
16.366667,0.00000000
16.383333,0.00000000
16.400000,0.00029774
16.416667,0.00000000
16.433333,0.00077977
16.450000,0.00050748
16.466667,0.00011550
16.483333,0.00000000
16.500000,0.00000000
16.516667,0.00049495
16.533333,0.00017383
16.550000,0.00000000
16.566667,0.00000000
16.583333,0.00000000
16.600000,0.00011079
16.616667,0.00000000
16.633333,0.00000000
16.650000,0.00090912
16.666667,0.00076323
16.683333,0.00146821
16.700000,0.00000000
16.716667,0.00000000
16.733333,0.00000000
16.750000,0.00061600
16.766667,0.00001204
16.783333,0.00000000
16.800000,0.00000000
16.816667,0.00000000
16.833333,0.00003424
16.850000,0.00014523
16.866667,0.00036579
16.883333,0.00000000
16.900000,0.00008854
16.916667,0.00000000
16.933333,0.00039079
16.950000,0.00018377
16.966667,0.00000000
16.983333,0.00000000
17.000000,0.00026060
17.016667,0.00000000
17.033333,0.00053945
17.050000,0.00000000
17.066667,0.00016306
17.083333,0.00110348
17.100000,0.00059086
17.116667,0.00025156
17.133333,0.00000000
17.150000,0.00000000
17.166667,0.00060736
17.183333,0.00000000
17.200000,0.00028637
17.216667,0.00046281
17.233333,0.00000000
17.250000,0.00000000
17.266667,0.00000000
17.283333,0.00000000
17.300000,0.00000000
17.316667,0.00000000
17.333333,0.00009670
17.350000,0.00100101
17.366667,0.00000000
17.383333,0.00039396
17.400000,0.00120813
17.416667,0.00000000
17.433333,0.00014135
17.450000,0.00000000
17.466667,0.00000000
17.483333,0.00000000
17.500000,0.00039104
17.516667,0.00050012
17.533333,0.00000000
17.550000,0.00077990
17.566667,0.00000000
17.583333,0.00053631
17.600000,0.00010705
17.616667,0.00000000
17.633333,0.00016591
17.650000,0.00032577
17.666667,0.00000000
17.683333,0.00042148
17.700000,0.00027946
17.716667,0.00014076
17.733333,0.00000000
17.750000,0.00000000
17.766667,0.00000000
17.783333,0.00001872
17.800000,0.00014882
17.816667,0.00000000
17.833333,0.00000000
17.850000,0.00000000
17.866667,0.00026743
17.883333,0.00000000
17.900000,0.00000000
17.916667,0.00009372
17.933333,0.00042776
17.950000,0.00000000
17.966667,0.00029655
17.983333,0.00034552
18.000000,0.00000000
18.016667,0.00086490
18.033333,0.00000000
18.050000,0.00000000
18.066667,0.00043328
18.083333,0.00000000
18.100000,0.00017385
18.116667,0.00000000
18.133333,0.00000000
18.150000,0.00007397
18.166667,0.00000000
18.183333,0.00000000
18.200000,0.00000000
18.216667,0.00000000
18.233333,0.00000000
18.250000,0.00000000
18.266667,0.00000000
18.283333,0.00000000
18.300000,0.00047348
18.316667,0.00043373
18.333333,0.00000000
18.350000,0.00022427
18.366667,0.00000000
18.383333,0.00143386
18.400000,0.00000000
18.416667,0.00024777
18.433333,0.00000000
18.450000,0.00093528
18.466667,0.00000000
18.483333,0.00000000
18.500000,0.00000000
18.516667,0.00000000
18.533333,0.00006037
18.550000,0.00050654
18.566667,0.00000000
18.583333,0.00041740
18.600000,0.00000000
18.616667,0.00057683
18.633333,0.00000000
18.650000,0.00013067
18.666667,0.00000000
18.683333,0.00031254
18.700000,0.00000000
18.716667,0.00000000
18.733333,0.00026395
18.750000,0.00000000
18.766667,0.00062870
18.783333,0.00083960
18.800000,0.00000000
18.816667,0.00000000
18.833333,0.00036124
18.850000,0.00057434
18.866667,0.00002779
18.883333,0.00100884
18.900000,0.00000000
18.916667,0.00000000
18.933333,0.00082343
18.950000,0.00000000
18.966667,0.00000000
18.983333,0.00000000
19.000000,0.00000000
19.016667,0.00081452
19.033333,0.00081506
19.050000,0.00044710
19.066667,0.00036052
19.083333,0.00018356
19.100000,0.00016228
19.116667,0.00000000
19.133333,0.00000000
19.150000,0.00000000
19.166667,0.00000054
19.183333,0.00086951
19.200000,0.00000000
19.216667,0.00045031
19.233333,0.00016431
19.250000,0.00075579
19.266667,0.00000000
19.283333,0.00000000
19.300000,0.00020674
19.316667,0.00056926
19.333333,0.00140162
19.350000,0.00114868
19.366667,0.00000000
19.383333,0.00000000
19.400000,0.00000000
19.416667,0.00000000
19.433333,0.00000000
19.450000,0.00000904
19.466667,0.00056402
19.483333,0.00000000
19.500000,0.00000000
19.516667,0.00000000
19.533333,0.00000000
19.550000,0.00000000
19.566667,0.00003566
19.583333,0.00000000
19.600000,0.00075281
19.616667,0.00000000
19.633333,0.00000000
19.650000,0.00075842
19.666667,0.00093228
19.683333,0.00000000
19.700000,0.00071778
19.716667,0.00033683
19.733333,0.00015272
19.750000,0.00074662
19.766667,0.00000000
19.783333,0.00000000
19.800000,0.00030813
19.816667,0.00000000
19.833333,0.00057787
19.850000,0.00026796
19.866667,0.00000000
19.883333,0.00000000
19.900000,0.00000000
19.916667,0.00088540
19.933333,0.00000000
19.950000,0.00017942
19.966667,0.00005701
19.983333,0.00000000
20.000000,0.00051240
20.016667,0.00000000
20.033333,0.00034698
20.050000,0.00000000
20.066667,0.00001676
20.083333,0.00000000
20.100000,0.00013107
20.116667,0.00000000
20.133333,0.00000000
20.150000,0.00033955
20.166667,0.00096555
20.183333,0.00000000
20.200000,0.00070447
20.216667,0.00006336
20.233333,0.00000000
20.250000,0.00000000
20.266667,0.00090262
20.283333,0.00039495
20.300000,0.00080336
20.316667,0.00000000
20.333333,0.00000000
20.350000,0.00010550
20.366667,0.00000000
20.383333,0.00000000
20.400000,0.00000000
20.416667,0.00000000
20.433333,0.00023005
20.450000,0.00031222
20.466667,0.00087265
20.483333,0.00021471
20.500000,0.00010349
20.516667,0.00000000
20.533333,0.00000000
20.550000,0.00000000
20.566667,0.00000000
20.583333,0.00041424
20.600000,0.00125518
20.616667,0.00048339
20.633333,0.00000000
20.650000,0.00051913
20.666667,0.00000000
20.683333,0.00000000
20.700000,0.00037013
20.716667,0.00000000
20.733333,0.00018759
20.750000,0.00010035
20.766667,0.00007219
20.783333,0.00000000
20.800000,0.00050555
20.816667,0.00026738
20.833333,0.00033339
20.850000,0.00098590
20.866667,0.00000000
20.883333,0.00020642
20.900000,0.00050472
20.916667,0.00000412
20.933333,0.00000000
20.950000,0.00000000
20.966667,0.00000000
20.983333,0.00045772
21.000000,0.00054403
21.016667,0.00000000
21.033333,0.00000000
21.050000,0.00041446
21.066667,0.00022550
21.083333,0.00000000
21.100000,0.00000000
21.116667,0.00000000
21.133333,0.00000000
21.150000,0.00000000
21.166667,0.00000000
21.183333,0.00000000
21.200000,0.00033771
21.216667,0.00074756
21.233333,0.00051941
21.250000,0.00000000
21.266667,0.00074237
21.283333,0.00032293
21.300000,0.00000000
21.316667,0.00011905
21.333333,0.00063186
21.350000,0.00001205
21.366667,0.00022479
21.383333,0.00000000
21.400000,0.00070144
21.416667,0.00047804
21.433333,0.00038151
21.450000,0.00000000
21.466667,0.00037217
21.483333,0.00000000
21.500000,0.00068168
21.516667,0.00036072
21.533333,0.00051344
21.550000,0.00022919
21.566667,0.00000000
21.583333,0.00000000
21.600000,0.00000000
21.616667,0.00042112
21.633333,0.00129217
21.650000,0.00134163
21.666667,0.00000000
21.683333,0.00116597
21.700000,0.00000000
21.716667,0.00004401
21.733333,0.00011944
21.750000,0.00000000
21.766667,0.00084268
21.783333,0.00000000
21.800000,0.00000000
21.816667,0.00000000
21.833333,0.00000000
21.850000,0.00000000
21.866667,0.00037515
21.883333,0.00000000
21.900000,0.00102058
21.916667,0.00000000
21.933333,0.00000000
21.950000,0.00037349
21.966667,0.00016697
21.983333,0.00000000
22.000000,0.00000000
22.016667,0.00000000
22.033333,0.00070118
22.050000,0.00071366
22.066667,0.00000000
22.083333,0.00044086
22.100000,0.00042271
22.116667,0.00000000
22.133333,0.00115684
22.150000,0.00000000
22.166667,0.00000000
22.183333,0.00000000
22.200000,0.00056524
22.216667,0.00049899
22.233333,0.00000000
22.250000,0.00000000
22.266667,0.00000000
22.283333,0.00000000
22.300000,0.00000000
22.316667,0.00000000
22.333333,0.00000000
22.350000,0.00016834
22.366667,0.00000000
22.383333,0.00000000
22.400000,0.00000000
22.416667,0.00000000
22.433333,0.00000000
22.450000,0.00041152
22.466667,0.00000035
22.483333,0.00006846
22.500000,0.00032152
22.516667,0.00000000
22.533333,0.00064986
22.550000,0.00023272
22.566667,0.00059471
22.583333,0.00000000
22.600000,0.00000000
22.616667,0.00000000
22.633333,0.00000000
22.650000,0.00000000
22.666667,0.00133692
22.683333,0.00083998
22.700000,0.00014256
22.716667,0.00017694
22.733333,0.00124470
22.750000,0.00000000
22.766667,0.00130382
22.783333,0.00089713
22.800000,0.00001712
22.816667,0.00000000
22.833333,0.00000000
22.850000,0.00000000
22.866667,0.00004967
22.883333,0.00000000
22.900000,0.00000000
22.916667,0.00093263
22.933333,0.00074045
22.950000,0.00029498
22.966667,0.00006819
22.983333,0.00021120
23.000000,0.00017756
23.016667,0.00000000
23.033333,0.00000000
23.050000,0.00000000
23.066667,0.00000000
23.083333,0.00060301
23.100000,0.00012131
23.116667,0.00000000
23.133333,0.00034945
23.150000,0.00000000
23.166667,0.00000000
23.183333,0.00000000
23.200000,0.00000000
23.216667,0.00032284
23.233333,0.00024986
23.250000,0.00068071
23.266667,0.00000000
23.283333,0.00000000
23.300000,0.00027409
23.316667,0.00000000
23.333333,0.00000000
23.350000,0.00000000
23.366667,0.00072118
23.383333,0.00000000
23.400000,0.00106423
23.416667,0.00000000
23.433333,0.00000000
23.450000,0.00036023
23.466667,0.00000000
23.483333,0.00033264
23.500000,0.00031565
23.516667,0.00000000
23.533333,0.00000000
23.550000,0.00042042
23.566667,0.00000000
23.583333,0.00000000
23.600000,0.00000000
23.616667,0.00000000
23.633333,0.00110651
23.650000,0.00000000
23.666667,0.00049790
23.683333,0.00000000
23.700000,0.00093218
23.716667,0.00055177
23.733333,0.00013401
23.750000,0.00045125
23.766667,0.00000000
23.783333,0.00041514
23.800000,0.00000000
23.816667,0.00026192
23.833333,0.00011986
23.850000,0.00025043
23.866667,0.00045385
23.883333,0.00051740
23.900000,0.00000000
23.916667,0.00038253
23.933333,0.00017416
23.950000,0.00000000
23.966667,0.00110502
23.983333,0.00000000
24.000000,0.00060105
24.016667,0.00000000
24.033333,0.00000000
24.050000,0.00000976
24.066667,0.00105986
24.083333,0.00042084
24.100000,0.00005088
24.116667,0.00044705
24.133333,0.00071934
24.150000,0.00012887
24.166667,0.00000000
24.183333,0.00000000
24.200000,0.00000000
24.216667,0.00000000
24.233333,0.00121876
24.250000,0.00000850
24.266667,0.00108704
24.283333,0.00000000
24.300000,0.00044386
24.316667,0.00000000
24.333333,0.00052729
24.350000,0.00000000
24.366667,0.00134304
24.383333,0.00008593
24.400000,0.00025406
24.416667,0.00014859
24.433333,0.00018823
24.450000,0.00027632
24.466667,0.00055152
24.483333,0.00000000
24.500000,0.00008230
24.516667,0.00000000
24.533333,0.00000000
24.550000,0.00027539
24.566667,0.00000000
24.583333,0.00000000
24.600000,0.00002560
24.616667,0.00028855
24.633333,0.00000000
24.650000,0.00009594
24.666667,0.00065004
24.683333,0.00052759
24.700000,0.00000000
24.716667,0.00000000
24.733333,0.00005774
24.750000,0.00074073
24.766667,0.00000000
24.783333,0.00056226
24.800000,0.00000000
24.816667,0.00000000
24.833333,0.00028602
24.850000,0.00000000
24.866667,0.00053189
24.883333,0.00000000
24.900000,0.00056804
24.916667,0.00047188
24.933333,0.00000000
24.950000,0.00000000
24.966667,0.00030738
24.983333,0.00007907
25.000000,0.00060780
25.016667,0.00000000
25.033333,0.00000000
25.050000,0.00000000
25.066667,0.00000000
25.083333,0.00057567
25.100000,0.00041856
25.116667,0.00056977
25.133333,0.00000000
25.150000,0.00000000
25.166667,0.00037865
25.183333,0.00000000
25.200000,0.00000000
25.216667,0.00080168
25.233333,0.00036484
25.250000,0.00000000
25.266667,0.00000000
25.283333,0.00000000
25.300000,0.00000000
25.316667,0.00064754
25.333333,0.00000000
25.350000,0.00072963
25.366667,0.00000000
25.383333,0.00012326
25.400000,0.00013125
25.416667,0.00019894
25.433333,0.00000000
25.450000,0.00000000
25.466667,0.00000000
25.483333,0.00000000
25.500000,0.00000000
25.516667,0.00076362
25.533333,0.00000000
25.550000,0.00000000
25.566667,0.00000000
25.583333,0.00040354
25.600000,0.00014935
25.616667,0.00000000
25.633333,0.00000000
25.650000,0.00000000
25.666667,0.00034547
25.683333,0.00000000
25.700000,0.00049843
25.716667,0.00000000
25.733333,0.00000000
25.750000,0.00000000
25.766667,0.00001625
25.783333,0.00000000
25.800000,0.00000000
25.816667,0.00000000
25.833333,0.00060310
25.850000,0.00031614
25.866667,0.00000000
25.883333,0.00000000
25.900000,0.00005203
25.916667,0.00000000
25.933333,0.00002597
25.950000,0.00000000
25.966667,0.00000000
25.983333,0.00000000
26.000000,0.00000000
26.016667,0.00050704
26.033333,0.00000000
26.050000,0.00111364
26.066667,0.00000000
26.083333,0.00006184
26.100000,0.00086792
26.116667,0.00059073
26.133333,0.00000000
26.150000,0.00000000
26.166667,0.00002025
26.183333,0.00000000
26.200000,0.00071987
26.216667,0.00072794
26.233333,0.00094142
26.250000,0.00000000
26.266667,0.00148255
26.283333,0.00000000
26.300000,0.00104797
26.316667,0.00000000
26.333333,0.00000000
26.350000,0.00001006
26.366667,0.00016471
26.383333,0.00000000
26.400000,0.00000000
26.416667,0.00019166
26.433333,0.00096131
26.450000,0.00000000
26.466667,0.00057275
26.483333,0.00070684
26.500000,0.00000000
26.516667,0.00000000
26.533333,0.00059401
26.550000,0.00000000
26.566667,0.00011518
26.583333,0.00000000
26.600000,0.00008856
26.616667,0.00002712
26.633333,0.00000703
26.650000,0.00036944
26.666667,0.00028905
26.683333,0.00007159
26.700000,0.00000000
26.716667,0.00000000
26.733333,0.00066233
26.750000,0.00059799
26.766667,0.00003785
26.783333,0.00001955
26.800000,0.00017976
26.816667,0.00000000
26.833333,0.00097148
26.850000,0.00034834
26.866667,0.00000000
26.883333,0.00000000
26.900000,0.00039491
26.916667,0.00000000
26.933333,0.00023239
26.950000,0.00003000
26.966667,0.00000000
26.983333,0.00108885
27.000000,0.00000000
27.016667,0.00000000
27.033333,0.00036359
27.050000,0.00011989
27.066667,0.00000000
27.083333,0.00000000
27.100000,0.00000000
27.116667,0.00000000
27.133333,0.00000000
27.150000,0.00017159
27.166667,0.00000000
27.183333,0.00046770
27.200000,0.00013057
27.216667,0.00000000
27.233333,0.00039467
27.250000,0.00078197
27.266667,0.00115545
27.283333,0.00000000
27.300000,0.00032089
27.316667,0.00015135
27.333333,0.00000000
27.350000,0.00016697
27.366667,0.00000000
27.383333,0.00022962
27.400000,0.00000000
27.416667,0.00134774
27.433333,0.00044241
27.450000,0.00107409
27.466667,0.00003316
27.483333,0.00032790
27.500000,0.00000000
27.516667,0.00103866
27.533333,0.00000000
27.550000,0.00014042
27.566667,0.00000000
27.583333,0.00201534
27.600000,0.00148393
27.616667,0.00000000
27.633333,0.00032604
27.650000,0.00088195
27.666667,0.00048576
27.683333,0.00106636
27.700000,0.00000000
27.716667,0.00000000
27.733333,0.00000000
27.750000,0.00000000
27.766667,0.00000000
27.783333,0.00070360
27.800000,0.00000000
27.816667,0.00018187
27.833333,0.00000000
27.850000,0.00000000
27.866667,0.00060867
27.883333,0.00057755
27.900000,0.00032361
27.916667,0.00101297
27.933333,0.00122735
27.950000,0.00018622
27.966667,0.00059980
27.983333,0.00000000
28.000000,0.00024294
28.016667,0.00010108
28.033333,0.00003744
28.050000,0.00000000
28.066667,0.00049312
28.083333,0.00058287
28.100000,0.00052502
28.116667,0.00082669
28.133333,0.00000000
28.150000,0.00000000
28.166667,0.00000000
28.183333,0.00020007
28.200000,0.00064756
28.216667,0.00000000
28.233333,0.00108475
28.250000,0.00034960
28.266667,0.00000000
28.283333,0.00000000
28.300000,0.00028070
28.316667,0.00000000
28.333333,0.00000000
28.350000,0.00000000
28.366667,0.00000000
28.383333,0.00000000
28.400000,0.00000000
28.416667,0.00043325
28.433333,0.00000000
28.450000,0.00000000
28.466667,0.00055835
28.483333,0.00000000
28.500000,0.00015058
28.516667,0.00082635
28.533333,0.00000000
28.550000,0.00086357
28.566667,0.00021161
28.583333,0.00037315
28.600000,0.00000000
28.616667,0.00063752
28.633333,0.00000000
28.650000,0.00023432
28.666667,0.00173642
28.683333,0.00000000
28.700000,0.00047189
28.716667,0.00127483
28.733333,0.00000000
28.750000,0.00000000
28.766667,0.00000000
28.783333,0.00021887
28.800000,0.00046454
28.816667,0.00030656
28.833333,0.00000000
28.850000,0.00041055
28.866667,0.00000000
28.883333,0.00000000
28.900000,0.00072368
28.916667,0.00000000
28.933333,0.00060195
28.950000,0.00000000
28.966667,0.00000000
28.983333,0.00049600
29.000000,0.00000000
29.016667,0.00000000
29.033333,0.00028520
29.050000,0.00026564
29.066667,0.00000000
29.083333,0.00036635
29.100000,0.00057353
29.116667,0.00069248
29.133333,0.00000000
29.150000,0.00000000
29.166667,0.00000000
29.183333,0.00000000
29.200000,0.00021119
29.216667,0.00000000
29.233333,0.00021653
29.250000,0.00083459
29.266667,0.00045161
29.283333,0.00000000
29.300000,0.00008650
29.316667,0.00000000
29.333333,0.00022711
29.350000,0.00000000
29.366667,0.00017523
29.383333,0.00007043
29.400000,0.00029926
29.416667,0.00000000
29.433333,0.00000000
29.450000,0.00000000
29.466667,0.00000000
29.483333,0.00000000
29.500000,0.00000000
29.516667,0.00000000
29.533333,0.00011431
29.550000,0.00000000
29.566667,0.00050473
29.583333,0.00000000
29.600000,0.00033998
29.616667,0.00000000
29.633333,0.00000000
29.650000,0.00043734
29.666667,0.00000000
29.683333,0.00082667
29.700000,0.00000000
29.716667,0.00000000
29.733333,0.00000000
29.750000,0.00000000
29.766667,0.00000000
29.783333,0.00000000
29.800000,0.00000000
29.816667,0.00071213
29.833333,0.00000000
29.850000,0.00043485
29.866667,0.00117205
29.883333,0.00093948
29.900000,0.00080762
29.916667,0.00000000
29.933333,0.00001948
29.950000,0.00000000
29.966667,0.00017393
29.983333,0.00000000
30.000000,0.00000000
30.016667,0.00000000
30.033333,0.00000000
30.050000,0.00029245
30.066667,0.00000000
30.083333,0.00023123
30.100000,0.00017170
30.116667,0.00012949
30.133333,0.00000000
30.150000,0.00018066
30.166667,0.00124150
30.183333,0.00000000
30.200000,0.00000000
30.216667,0.00000000
30.233333,0.00000000
30.250000,0.00000000
30.266667,0.00000000
30.283333,0.00000000
30.300000,0.00070937
30.316667,0.00000000
30.333333,0.00000000
30.350000,0.00032312
30.366667,0.00000000
30.383333,0.00000000
30.400000,0.00134032
30.416667,0.00000000
30.433333,0.00000000
30.450000,0.00000000
30.466667,0.00070709
30.483333,0.00015183
30.500000,0.00058258
30.516667,0.00000000
30.533333,0.00000000
30.550000,0.00012896
30.566667,0.00000195
30.583333,0.00012063
30.600000,0.00012964
30.616667,0.00056638
30.633333,0.00020883
30.650000,0.00075612
30.666667,0.00075919
30.683333,0.00000000
30.700000,0.00000000
30.716667,0.00053844
30.733333,0.00119454
30.750000,0.00150868
30.766667,0.00059656
30.783333,0.00106472
30.800000,0.00000000
30.816667,0.00000000
30.833333,0.00000000
30.850000,0.00027068
30.866667,0.00014506
30.883333,0.00020768
30.900000,0.00000000
30.916667,0.00092484
30.933333,0.00000000
30.950000,0.00000000
30.966667,0.00059054
30.983333,0.00062344
31.000000,0.00000000
31.016667,0.00000000
31.033333,0.00000000
31.050000,0.00000000
31.066667,0.00000000
31.083333,0.00027000
31.100000,0.00030084
31.116667,0.00061350
31.133333,0.00017779
31.150000,0.00000000
31.166667,0.00051266
31.183333,0.00000000
31.200000,0.00000000
31.216667,0.00034498
31.233333,0.00090727
31.250000,0.00000000
31.266667,0.00000000
31.283333,0.00000000
31.300000,0.00131920
31.316667,0.00000000
31.333333,0.00000000
31.350000,0.00012292
31.366667,0.00000000
31.383333,0.00000000
31.400000,0.00000000
31.416667,0.00085431
31.433333,0.00000000
31.450000,0.00065858
31.466667,0.00000000
31.483333,0.00045186
31.500000,0.00000000
31.516667,0.00000000
31.533333,0.00000000
31.550000,0.00000000
31.566667,0.00045972
31.583333,0.00038323
31.600000,0.00144026
31.616667,0.00000000
31.633333,0.00000000
31.650000,0.00035994
31.666667,0.00000000
31.683333,0.00113738
31.700000,0.00047642
31.716667,0.00000000
31.733333,0.00014882
31.750000,0.00000000
31.766667,0.00000000
31.783333,0.00000000
31.800000,0.00121981
31.816667,0.00000000
31.833333,0.00000000
31.850000,0.00000000
31.866667,0.00000958
31.883333,0.00009184
31.900000,0.00031534
31.916667,0.00028766
31.933333,0.00000000
31.950000,0.00000000
31.966667,0.00000000
31.983333,0.00000000
32.000000,0.00001773
32.016667,0.00045731
32.033333,0.00007327
32.050000,0.00032073
32.066667,0.00000000
32.083333,0.00000000
32.100000,0.00000000
32.116667,0.00000000
32.133333,0.00086387
32.150000,0.00000000
32.166667,0.00043730
32.183333,0.00000000
32.200000,0.00000000
32.216667,0.00000000
32.233333,0.00119952
32.250000,0.00000000
32.266667,0.00062540
32.283333,0.00000000
32.300000,0.00000000
32.316667,0.00000000
32.333333,0.00083366
32.350000,0.00000000
32.366667,0.00000000
32.383333,0.00020359
32.400000,0.00000000
32.416667,0.00000000
32.433333,0.00112294
32.450000,0.00000000
32.466667,0.00000000
32.483333,0.00018827
32.500000,0.00000000
32.516667,0.00004451
32.533333,0.00040484
32.550000,0.00000000
32.566667,0.00026262
32.583333,0.00000000
32.600000,0.00000000
32.616667,0.00030918
32.633333,0.00000000
32.650000,0.00000000
32.666667,0.00088127
32.683333,0.00033568
32.700000,0.00000000
32.716667,0.00051359
32.733333,0.00000000
32.750000,0.00000000
32.766667,0.00000000
32.783333,0.00000000
32.800000,0.00000000
32.816667,0.00053786
32.833333,0.00000000
32.850000,0.00000000
32.866667,0.00031094
32.883333,0.00000000
32.900000,0.00024707
32.916667,0.00016043
32.933333,0.00000000
32.950000,0.00043824
32.966667,0.00000000
32.983333,0.00000000
33.000000,0.00000000
33.016667,0.00028744
33.033333,0.00000000
33.050000,0.00000000
33.066667,0.00000000
33.083333,0.00047152
33.100000,0.00000000
33.116667,0.00000000
33.133333,0.00000000
33.150000,0.00000000
33.166667,0.00000102
33.183333,0.00000000
33.200000,0.00000000
33.216667,0.00057089
33.233333,0.00095109
33.250000,0.00000000
33.266667,0.00050844
33.283333,0.00046051
33.300000,0.00053729
33.316667,0.00015862
33.333333,0.00014766
33.350000,0.00084968
33.366667,0.00000000
33.383333,0.00000000
33.400000,0.00074252
33.416667,0.00061704
33.433333,0.00052485
33.450000,0.00000000
33.466667,0.00044068
33.483333,0.00000000
33.500000,0.00000644
33.516667,0.00000000
33.533333,0.00018214
33.550000,0.00000000
33.566667,0.00032444
33.583333,0.00000000
33.600000,0.00015326
33.616667,0.00011875
33.633333,0.00000000
33.650000,0.00000000
33.666667,0.00044564
33.683333,0.00131741
33.700000,0.00072966
33.716667,0.00000000
33.733333,0.00000000
33.750000,0.00212396
33.766667,0.00065730
33.783333,0.00076617
33.800000,0.00000000
33.816667,0.00000000
33.833333,0.00077371
33.850000,0.00007960
33.866667,0.00037870
33.883333,0.00096079
33.900000,0.00132146
33.916667,0.00123200
33.933333,0.00129066
33.950000,0.00035061
33.966667,0.00078619
33.983333,0.00000000
34.000000,0.00000000
34.016667,0.00000000
34.033333,0.00058941
34.050000,0.00043400
34.066667,0.00032861
34.083333,0.00044555
34.100000,0.00000000
34.116667,0.00080312
34.133333,0.00000000
34.150000,0.00000000
34.166667,0.00000000
34.183333,0.00000000
34.200000,0.00038593
34.216667,0.00000000
34.233333,0.00000000
34.250000,0.00000000
34.266667,0.00000000
34.283333,0.00000000
34.300000,0.00000000
34.316667,0.00014840
34.333333,0.00000000
34.350000,0.00000000
34.366667,0.00086702
34.383333,0.00000000
34.400000,0.00070133
34.416667,0.00019124
34.433333,0.00030623
34.450000,0.00012420
34.466667,0.00042420
34.483333,0.00038649
34.500000,0.00000000
34.516667,0.00000000
34.533333,0.00000000
34.550000,0.00039065
34.566667,0.00104399
34.583333,0.00050128
34.600000,0.00000000
34.616667,0.00000000
34.633333,0.00000000
34.650000,0.00154924
34.666667,0.00026501
34.683333,0.00004400
34.700000,0.00067173
34.716667,0.00000000
34.733333,0.00092836
34.750000,0.00022841
34.766667,0.00038975
34.783333,0.00000000
34.800000,0.00043228
34.816667,0.00100316
34.833333,0.00045674
34.850000,0.00000000
34.866667,0.00000000
34.883333,0.00000000
34.900000,0.00000000
34.916667,0.00069710
34.933333,0.00035967
34.950000,0.00026052
34.966667,0.00018984
34.983333,0.00034898
35.000000,0.00000000
35.016667,0.00000000
35.033333,0.00049371
35.050000,0.00081977
35.066667,0.00000000
35.083333,0.00034726
35.100000,0.00000000
35.116667,0.00000000
35.133333,0.00052638
35.150000,0.00000000
35.166667,0.00010936
35.183333,0.00016373
35.200000,0.00000000
35.216667,0.00045990
35.233333,0.00038275
35.250000,0.00000000
35.266667,0.00000000
35.283333,0.00074080
35.300000,0.00000000
35.316667,0.00000000
35.333333,0.00008924
35.350000,0.00000000
35.366667,0.00000000
35.383333,0.00000000
35.400000,0.00000000
35.416667,0.00021453
35.433333,0.00028458
35.450000,0.00033524
35.466667,0.00000000
35.483333,0.00105737
35.500000,0.00037595
35.516667,0.00000000
35.533333,0.00000000
35.550000,0.00022162
35.566667,0.00000000
35.583333,0.00030849
35.600000,0.00024772
35.616667,0.00000000
35.633333,0.00000000
35.650000,0.00000000
35.666667,0.00104711
35.683333,0.00000000
35.700000,0.00026943
35.716667,0.00000000
35.733333,0.00026812
35.750000,0.00000000
35.766667,0.00038546
35.783333,0.00100269
35.800000,0.00000000
35.816667,0.00028957
35.833333,0.00026545
35.850000,0.00000000
35.866667,0.00000000
35.883333,0.00099098
35.900000,0.00000000
35.916667,0.00000000
35.933333,0.00000000
35.950000,0.00000000
35.966667,0.00013507
35.983333,0.00057739
36.000000,0.00000000
36.016667,0.00000000
36.033333,0.00043397
36.050000,0.00045968
36.066667,0.00000000
36.083333,0.00000000
36.100000,0.00000000
36.116667,0.00000000
36.133333,0.00000000
36.150000,0.00010730
36.166667,0.00043950
36.183333,0.00028575
36.200000,0.00000000
36.216667,0.00087294
36.233333,0.00000000
36.250000,0.00065881
36.266667,0.00000000
36.283333,0.00000000
36.300000,0.00000000
36.316667,0.00040951
36.333333,0.00000000
36.350000,0.00000000
36.366667,0.00070451
36.383333,0.00083337
36.400000,0.00000000
36.416667,0.00060170
36.433333,0.00059311
36.450000,0.00000000
36.466667,0.00006766
36.483333,0.00024861
36.500000,0.00058843
36.516667,0.00000000
36.533333,0.00000000
36.550000,0.00000000
36.566667,0.00062827
36.583333,0.00000000
36.600000,0.00000000
36.616667,0.00059183
36.633333,0.00001619
36.650000,0.00000000
36.666667,0.00000000
36.683333,0.00000000
36.700000,0.00000000
36.716667,0.00000000
36.733333,0.00000000
36.750000,0.00021702
36.766667,0.00085651
36.783333,0.00001256
36.800000,0.00022383
36.816667,0.00000000
36.833333,0.00048350
36.850000,0.00000000
36.866667,0.00042180
36.883333,0.00151299
36.900000,0.00000000
36.916667,0.00000000
36.933333,0.00009220
36.950000,0.00067296
36.966667,0.00000000
36.983333,0.00025982
37.000000,0.00095623
37.016667,0.00068128
37.033333,0.00088460
37.050000,0.00000000
37.066667,0.00000000
37.083333,0.00000000
37.100000,0.00030917
37.116667,0.00000000
37.133333,0.00018236
37.150000,0.00031570
37.166667,0.00000000
37.183333,0.00034803
37.200000,0.00000000
37.216667,0.00000000
37.233333,0.00000000
37.250000,0.00183664
37.266667,0.00005215
37.283333,0.00004165
37.300000,0.00071802
37.316667,0.00110741
37.333333,0.00000000
37.350000,0.00000000
37.366667,0.00000000
37.383333,0.00011775
37.400000,0.00000000
37.416667,0.00000000
37.433333,0.00000000
37.450000,0.00100885
37.466667,0.00000000
37.483333,0.00000000
37.500000,0.00020672
37.516667,0.00000000
37.533333,0.00000000
37.550000,0.00000000
37.566667,0.00028065
37.583333,0.00000000
37.600000,0.00072311
37.616667,0.00016200
37.633333,0.00063423
37.650000,0.00041921
37.666667,0.00000000
37.683333,0.00000000
37.700000,0.00000000
37.716667,0.00000000
37.733333,0.00000000
37.750000,0.00033299
37.766667,0.00026592
37.783333,0.00093294
37.800000,0.00000000
37.816667,0.00069847
37.833333,0.00000000
37.850000,0.00000000
37.866667,0.00000000
37.883333,0.00007875
37.900000,0.00000000
37.916667,0.00000000
37.933333,0.00008326
37.950000,0.00069535
37.966667,0.00095808
37.983333,0.00037680
38.000000,0.00006641
38.016667,0.00000855
38.033333,0.00021955
38.050000,0.00000000
38.066667,0.00046070
38.083333,0.00019299
38.100000,0.00097040
38.116667,0.00000000
38.133333,0.00000000
38.150000,0.00057276
38.166667,0.00000000
38.183333,0.00000000
38.200000,0.00000000
38.216667,0.00022239
38.233333,0.00095826
38.250000,0.00000000
38.266667,0.00000000
38.283333,0.00000000
38.300000,0.00023668
38.316667,0.00014552
38.333333,0.00000000
38.350000,0.00042167
38.366667,0.00000000
38.383333,0.00032246
38.400000,0.00017742
38.416667,0.00000000
38.433333,0.00000000
38.450000,0.00000000
38.466667,0.00045281
38.483333,0.00180235
38.500000,0.00069009
38.516667,0.00025217
38.533333,0.00151238
38.550000,0.00000000
38.566667,0.00000000
38.583333,0.00000000
38.600000,0.00053568
38.616667,0.00026549
38.633333,0.00000000
38.650000,0.00047585
38.666667,0.00000000
38.683333,0.00000000
38.700000,0.00000000
38.716667,0.00000000
38.733333,0.00010159
38.750000,0.00000000
38.766667,0.00016851
38.783333,0.00050531
38.800000,0.00000000
38.816667,0.00085659
38.833333,0.00000000
38.850000,0.00000000
38.866667,0.00000000
38.883333,0.00047398
38.900000,0.00000000
38.916667,0.00080147
38.933333,0.00000000
38.950000,0.00004131
38.966667,0.00034029
38.983333,0.00093059
39.000000,0.00000000
39.016667,0.00000000
39.033333,0.00000000
39.050000,0.00033917
39.066667,0.00000000
39.083333,0.00019541
39.100000,0.00080226
39.116667,0.00032213
39.133333,0.00138552
39.150000,0.00018961
39.166667,0.00000000
39.183333,0.00000000
39.200000,0.00136236
39.216667,0.00000000
39.233333,0.00025409
39.250000,0.00064356
39.266667,0.00052604
39.283333,0.00000000
39.300000,0.00059085
39.316667,0.00058235
39.333333,0.00046822
39.350000,0.00135833
39.366667,0.00000000
39.383333,0.00000000
39.400000,0.00000000
39.416667,0.00000000
39.433333,0.00000000
39.450000,0.00226901
39.466667,0.00001710
39.483333,0.00000000
39.500000,0.00032082
39.516667,0.00020772
39.533333,0.00000000
39.550000,0.00000000
39.566667,0.00161630
39.583333,0.00080649
39.600000,0.00015373
39.616667,0.00000000
39.633333,0.00000000
39.650000,0.00009956
39.666667,0.00106987
39.683333,0.00000000
39.700000,0.00009117
39.716667,0.00032509
39.733333,0.00000000
39.750000,0.00055691
39.766667,0.00000000
39.783333,0.00027773
39.800000,0.00003480
39.816667,0.00000000
39.833333,0.00021082
39.850000,0.00000000
39.866667,0.00015835
39.883333,0.00103456
39.900000,0.00000000
39.916667,0.00000000
39.933333,0.00000000
39.950000,0.00072539
39.966667,0.00041539
39.983333,0.00205694
40.000000,0.00000000
40.016667,0.00131267
40.033333,0.00023927
40.050000,0.00000000
40.066667,0.00000000
40.083333,0.00064074
40.100000,0.00085525
40.116667,0.00000000
40.133333,0.00097607
40.150000,0.00028218
40.166667,0.00000000
40.183333,0.00000000
40.200000,0.00000000
40.216667,0.00000000
40.233333,0.00009615
40.250000,0.00000000
40.266667,0.00021462
40.283333,0.00000000
40.300000,0.00000000
40.316667,0.00094081
40.333333,0.00000000
40.350000,0.00041909
40.366667,0.00000000
40.383333,0.00073261
40.400000,0.00088077
40.416667,0.00000000
40.433333,0.00000000
40.450000,0.00047443
40.466667,0.00006391
40.483333,0.00024798
40.500000,0.00000000
40.516667,0.00026051
40.533333,0.00000000
40.550000,0.00000000
40.566667,0.00000000
40.583333,0.00154502
40.600000,0.00000000
40.616667,0.00043441
40.633333,0.00000862
40.650000,0.00000000
40.666667,0.00000000
40.683333,0.00000000
40.700000,0.00000000
40.716667,0.00000000
40.733333,0.00000000
40.750000,0.00000000
40.766667,0.00000000
40.783333,0.00000000
40.800000,0.00006242
40.816667,0.00000000
40.833333,0.00026765
40.850000,0.00000000
40.866667,0.00000000
40.883333,0.00000000
40.900000,0.00036148
40.916667,0.00000000
40.933333,0.00000000
40.950000,0.00044271
40.966667,0.00080831
40.983333,0.00000000
41.000000,0.00072890
41.016667,0.00000000
41.033333,0.00000000
41.050000,0.00031245
41.066667,0.00000000
41.083333,0.00000000
41.100000,0.00000000
41.116667,0.00000000
41.133333,0.00050118
41.150000,0.00000000
41.166667,0.00002122
41.183333,0.00000000
41.200000,0.00000000
41.216667,0.00000000
41.233333,0.00000000
41.250000,0.00000000
41.266667,0.00046072
41.283333,0.00043061
41.300000,0.00000000
41.316667,0.00000000
41.333333,0.00050604
41.350000,0.00071962
41.366667,0.00015047
41.383333,0.00038721
41.400000,0.00011717
41.416667,0.00072140
41.433333,0.00000000
41.450000,0.00055193
41.466667,0.00000000
41.483333,0.00034068
41.500000,0.00061953
41.516667,0.00145583
41.533333,0.00130583
41.550000,0.00000000
41.566667,0.00023846
41.583333,0.00000000
41.600000,0.00012089
41.616667,0.00122895
41.633333,0.00024982
41.650000,0.00090595
41.666667,0.00000000
41.683333,0.00008917
41.700000,0.00155740
41.716667,0.00000000
41.733333,0.00000000
41.750000,0.00000000
41.766667,0.00000000
41.783333,0.00000000
41.800000,0.00000000
41.816667,0.00000000
41.833333,0.00000000
41.850000,0.00038945
41.866667,0.00000000
41.883333,0.00128714
41.900000,0.00060430
41.916667,0.00000000
41.933333,0.00000000
41.950000,0.00076967
41.966667,0.00127886
41.983333,0.00102069
42.000000,0.00083772
42.016667,0.00007847
42.033333,0.00000000
42.050000,0.00000000
42.066667,0.00009504
42.083333,0.00000000
42.100000,0.00016202
42.116667,0.00086856
42.133333,0.00000000
42.150000,0.00000000
42.166667,0.00017099
42.183333,0.00000000
42.200000,0.00000000
42.216667,0.00015034
42.233333,0.00001147
42.250000,0.00000000
42.266667,0.00046250
42.283333,0.00008675
42.300000,0.00151880
42.316667,0.00000000
42.333333,0.00008240
42.350000,0.00002911
42.366667,0.00068607
42.383333,0.00028252
42.400000,0.00003777
42.416667,0.00039250
42.433333,0.00000000
42.450000,0.00000000
42.466667,0.00000000
42.483333,0.00000000
42.500000,0.00083575
42.516667,0.00000000
42.533333,0.00041790
42.550000,0.00020048
42.566667,0.00015630
42.583333,0.00020553
42.600000,0.00012214
42.616667,0.00041469
42.633333,0.00097393
42.650000,0.00034782
42.666667,0.00000000
42.683333,0.00000000
42.700000,0.00031489
42.716667,0.00035062
42.733333,0.00083274
42.750000,0.00030818
42.766667,0.00039758
42.783333,0.00000000
42.800000,0.00000000
42.816667,0.00000000
42.833333,0.00000000
42.850000,0.00091306
42.866667,0.00080658
42.883333,0.00000000
42.900000,0.00000000
42.916667,0.00003884
42.933333,0.00023877
42.950000,0.00009069
42.966667,0.00000000
42.983333,0.00002760
43.000000,0.00000000
43.016667,0.00001061
43.033333,0.00069765
43.050000,0.00008756
43.066667,0.00000000
43.083333,0.00000000
43.100000,0.00000000
43.116667,0.00000000
43.133333,0.00079550
43.150000,0.00000000
43.166667,0.00000000
43.183333,0.00094877
43.200000,0.00010982
43.216667,0.00107550
43.233333,0.00000000
43.250000,0.00000000
43.266667,0.00023201
43.283333,0.00000000
43.300000,0.00000000
43.316667,0.00001906
43.333333,0.00000000
43.350000,0.00000000
43.366667,0.00066916
43.383333,0.00117485
43.400000,0.00022003
43.416667,0.00040649
43.433333,0.00014977
43.450000,0.00012229
43.466667,0.00004058
43.483333,0.00000000
43.500000,0.00080994
43.516667,0.00000000
43.533333,0.00003585
43.550000,0.00000000
43.566667,0.00054515
43.583333,0.00010911
43.600000,0.00000000
43.616667,0.00052472
43.633333,0.00000000
43.650000,0.00000000
43.666667,0.00067312
43.683333,0.00068307
43.700000,0.00044883
43.716667,0.00000000
43.733333,0.00070714
43.750000,0.00000000
43.766667,0.00068085
43.783333,0.00036957
43.800000,0.00029430
43.816667,0.00000000
43.833333,0.00000466
43.850000,0.00000000
43.866667,0.00013949
43.883333,0.00005761
43.900000,0.00023879
43.916667,0.00000000
43.933333,0.00030914
43.950000,0.00000000
43.966667,0.00083947
43.983333,0.00000000
44.000000,0.00000000
44.016667,0.00043544
44.033333,0.00014661
44.050000,0.00085370
44.066667,0.00000000
44.083333,0.00000000
44.100000,0.00000000
44.116667,0.00003307
44.133333,0.00086215
44.150000,0.00000000
44.166667,0.00068295
44.183333,0.00018507
44.200000,0.00000000
44.216667,0.00075826
44.233333,0.00023460
44.250000,0.00000000
44.266667,0.00000000
44.283333,0.00000000
44.300000,0.00029062
44.316667,0.00006169
44.333333,0.00000000
44.350000,0.00032319
44.366667,0.00041261
44.383333,0.00086794
44.400000,0.00060733
44.416667,0.00000000
44.433333,0.00000000
44.450000,0.00005884
44.466667,0.00025288
44.483333,0.00014505
44.500000,0.00071922
44.516667,0.00000000
44.533333,0.00000163
44.550000,0.00000000
44.566667,0.00000000
44.583333,0.00055172
44.600000,0.00000000
44.616667,0.00000000
44.633333,0.00078224
44.650000,0.00038289
44.666667,0.00066108
44.683333,0.00058273
44.700000,0.00132686
44.716667,0.00000000
44.733333,0.00000000
44.750000,0.00045457
44.766667,0.00000000
44.783333,0.00000000
44.800000,0.00021039
44.816667,0.00021395
44.833333,0.00020810
44.850000,0.00000000
44.866667,0.00107299
44.883333,0.00000000
44.900000,0.00000000
44.916667,0.00000000
44.933333,0.00199508
44.950000,0.00012246
44.966667,0.00065876
44.983333,0.00044033
45.000000,0.00000000
45.016667,0.00000000
45.033333,0.00000000
45.050000,0.00014387
45.066667,0.00050747
45.083333,0.00000000
45.100000,0.00014599
45.116667,0.00003031
45.133333,0.00073765
45.150000,0.00000000
45.166667,0.00000000
45.183333,0.00000000
45.200000,0.00000000
45.216667,0.00000000
45.233333,0.00005510
45.250000,0.00000000
45.266667,0.00044908
45.283333,0.00000000
45.300000,0.00039969
45.316667,0.00003953
45.333333,0.00000000
45.350000,0.00000000
45.366667,0.00000000
45.383333,0.00000000
45.400000,0.00067866
45.416667,0.00007857
45.433333,0.00026462
45.450000,0.00000000
45.466667,0.00035429
45.483333,0.00035973
45.500000,0.00000000
45.516667,0.00000000
45.533333,0.00000000
45.550000,0.00053275
45.566667,0.00000000
45.583333,0.00000000
45.600000,0.00079300
45.616667,0.00034659
45.633333,0.00000000
45.650000,0.00000000
45.666667,0.00052691
45.683333,0.00031063
45.700000,0.00085676
45.716667,0.00026007
45.733333,0.00042642
45.750000,0.00000000
45.766667,0.00026123
45.783333,0.00000000
45.800000,0.00000000
45.816667,0.00000000
45.833333,0.00028879
45.850000,0.00000000
45.866667,0.00067749
45.883333,0.00021051
45.900000,0.00109207
45.916667,0.00000000
45.933333,0.00000000
45.950000,0.00088902
45.966667,0.00030888
45.983333,0.00003238
46.000000,0.00000000
46.016667,0.00000000
46.033333,0.00000000
46.050000,0.00000000
46.066667,0.00000000
46.083333,0.00000000
46.100000,0.00000000
46.116667,0.00028108
46.133333,0.00060414
46.150000,0.00012815
46.166667,0.00000000
46.183333,0.00000000
46.200000,0.00051403
46.216667,0.00055067
46.233333,0.00000000
46.250000,0.00056049
46.266667,0.00000000
46.283333,0.00063981
46.300000,0.00031898
46.316667,0.00000000
46.333333,0.00097430
46.350000,0.00019114
46.366667,0.00088761
46.383333,0.00004743
46.400000,0.00060019
46.416667,0.00000000
46.433333,0.00003000
46.450000,0.00007971
46.466667,0.00058843
46.483333,0.00087910
46.500000,0.00079059
46.516667,0.00000000
46.533333,0.00110416
46.550000,0.00000000
46.566667,0.00000000
46.583333,0.00025965
46.600000,0.00074676
46.616667,0.00027992
46.633333,0.00058273
46.650000,0.00002807
46.666667,0.00000000
46.683333,0.00060183
46.700000,0.00029732
46.716667,0.00000103
46.733333,0.00071440
46.750000,0.00000000
46.766667,0.00000000
46.783333,0.00072635
46.800000,0.00000000
46.816667,0.00000000
46.833333,0.00000000
46.850000,0.00000000
46.866667,0.00000000
46.883333,0.00055334
46.900000,0.00081001
46.916667,0.00009636
46.933333,0.00000000
46.950000,0.00093713
46.966667,0.00033719
46.983333,0.00019074
47.000000,0.00000000
47.016667,0.00059407
47.033333,0.00000000
47.050000,0.00112599
47.066667,0.00000000
47.083333,0.00043755
47.100000,0.00000000
47.116667,0.00000000
47.133333,0.00000000
47.150000,0.00000000
47.166667,0.00000000
47.183333,0.00000000
47.200000,0.00000000
47.216667,0.00068857
47.233333,0.00000000
47.250000,0.00000000
47.266667,0.00000243
47.283333,0.00000000
47.300000,0.00015808
47.316667,0.00000000
47.333333,0.00000000
47.350000,0.00000000
47.366667,0.00048243
47.383333,0.00000000
47.400000,0.00000000
47.416667,0.00102081
47.433333,0.00000000
47.450000,0.00000000
47.466667,0.00000000
47.483333,0.00000000
47.500000,0.00046168
47.516667,0.00000000
47.533333,0.00017658
47.550000,0.00000000
47.566667,0.00000000
47.583333,0.00000000
47.600000,0.00025421
47.616667,0.00048749
47.633333,0.00070095
47.650000,0.00023101
47.666667,0.00026942
47.683333,0.00000000
47.700000,0.00120744
47.716667,0.00029905
47.733333,0.00038356
47.750000,0.00000000
47.766667,0.00163055
47.783333,0.00079931
47.800000,0.00000000
47.816667,0.00000000
47.833333,0.00053013
47.850000,0.00015968
47.866667,0.00006858
47.883333,0.00000000
47.900000,0.00000000
47.916667,0.00023357
47.933333,0.00000000
47.950000,0.00009510
47.966667,0.00039702
47.983333,0.00028498
48.000000,0.00000000
48.016667,0.00000000
48.033333,0.00020612
48.050000,0.00000000
48.066667,0.00065930
48.083333,0.00021142
48.100000,0.00172659
48.116667,0.00014611
48.133333,0.00000000
48.150000,0.00000000
48.166667,0.00000000
48.183333,0.00006494
48.200000,0.00154106
48.216667,0.00000000
48.233333,0.00019771
48.250000,0.00000000
48.266667,0.00050781
48.283333,0.00057715
48.300000,0.00013439
48.316667,0.00033282
48.333333,0.00023870
48.350000,0.00041293
48.366667,0.00090500
48.383333,0.00000000
48.400000,0.00020932
48.416667,0.00095728
48.433333,0.00009068
48.450000,0.00084668
48.466667,0.00050430
48.483333,0.00023064
48.500000,0.00090729
48.516667,0.00000000
48.533333,0.00000000
48.550000,0.00090634
48.566667,0.00000000
48.583333,0.00000000
48.600000,0.00000000
48.616667,0.00000000
48.633333,0.00000000
48.650000,0.00000000
48.666667,0.00000000
48.683333,0.00000000
48.700000,0.00000000
48.716667,0.00000000
48.733333,0.00000000
48.750000,0.00000000
48.766667,0.00060532
48.783333,0.00000000
48.800000,0.00000000
48.816667,0.00043932
48.833333,0.00072949
48.850000,0.00120878
48.866667,0.00011793
48.883333,0.00017022
48.900000,0.00000000
48.916667,0.00061274
48.933333,0.00028849
48.950000,0.00000000
48.966667,0.00007069
48.983333,0.00100337
49.000000,0.00000000
49.016667,0.00000000
49.033333,0.00036269
49.050000,0.00000000
49.066667,0.00000000
49.083333,0.00030379
49.100000,0.00001906
49.116667,0.00000000
49.133333,0.00000000
49.150000,0.00000000
49.166667,0.00000000
49.183333,0.00010951
49.200000,0.00000000
49.216667,0.00043630
49.233333,0.00000000
49.250000,0.00066700
49.266667,0.00131204
49.283333,0.00005976
49.300000,0.00060387
49.316667,0.00009791
49.333333,0.00031275
49.350000,0.00016616
49.366667,0.00035205
49.383333,0.00000000
49.400000,0.00000000
49.416667,0.00100810
49.433333,0.00000000
49.450000,0.00031588
49.466667,0.00136451
49.483333,0.00000000
49.500000,0.00003966
49.516667,0.00000000
49.533333,0.00090504
49.550000,0.00022877
49.566667,0.00009249
49.583333,0.00000000
49.600000,0.00000000
49.616667,0.00043285
49.633333,0.00000000
49.650000,0.00000000
49.666667,0.00112418
49.683333,0.00000000
49.700000,0.00000000
49.716667,0.00000000
49.733333,0.00029174
49.750000,0.00029640
49.766667,0.00063417
49.783333,0.00000000
49.800000,0.00000000
49.816667,0.00000000
49.833333,0.00000000
49.850000,0.00000000
49.866667,0.00000000
49.883333,0.00000000
49.900000,0.00054725
49.916667,0.00000000
49.933333,0.00000000
49.950000,0.00120490
49.966667,0.00000000
49.983333,0.00069630
50.000000,0.00000000
50.016667,0.00052260
50.033333,0.00060399
50.050000,0.00000000
50.066667,0.00104089
50.083333,0.00011789
50.100000,0.00016557
50.116667,0.00000000
50.133333,0.00024744
50.150000,0.00034038
50.166667,0.00000000
50.183333,0.00048777
50.200000,0.00000000
50.216667,0.00000000
50.233333,0.00000000
50.250000,0.00006203
50.266667,0.00000000
50.283333,0.00000000
50.300000,0.00000000
50.316667,0.00000000
50.333333,0.00000000
50.350000,0.00003081
50.366667,0.00039563
50.383333,0.00000000
50.400000,0.00000000
50.416667,0.00000000
50.433333,0.00000000
50.450000,0.00000000
50.466667,0.00000000
50.483333,0.00000000
50.500000,0.00033285
50.516667,0.00122954
50.533333,0.00000000
50.550000,0.00007509
50.566667,0.00000000
50.583333,0.00000000
50.600000,0.00000000
50.616667,0.00067856
50.633333,0.00074457
50.650000,0.00134425
50.666667,0.00074461
50.683333,0.00000000
50.700000,0.00000000
50.716667,0.00045003
50.733333,0.00000000
50.750000,0.00000000
50.766667,0.00153665
50.783333,0.00019211
50.800000,0.00003188
50.816667,0.00000000
50.833333,0.00060765
50.850000,0.00140577
50.866667,0.00031051
50.883333,0.00027492
50.900000,0.00068666
50.916667,0.00000000
50.933333,0.00093621
50.950000,0.00044699
50.966667,0.00000000
50.983333,0.00000000
51.000000,0.00000000
51.016667,0.00010720
51.033333,0.00060478
51.050000,0.00000000
51.066667,0.00000000
51.083333,0.00000000
51.100000,0.00076314
51.116667,0.00095583
51.133333,0.00000000
51.150000,0.00000000
51.166667,0.00000000
51.183333,0.00009203
51.200000,0.00008543
51.216667,0.00000000
51.233333,0.00000000
51.250000,0.00000000
51.266667,0.00118617
51.283333,0.00000000
51.300000,0.00105290
51.316667,0.00000000
51.333333,0.00000000
51.350000,0.00038587
51.366667,0.00027797
51.383333,0.00000000
51.400000,0.00000000
51.416667,0.00000000
51.433333,0.00057687
51.450000,0.00000000
51.466667,0.00000000
51.483333,0.00000000
51.500000,0.00000000
51.516667,0.00009579
51.533333,0.00084773
51.550000,0.00000000
51.566667,0.00162312
51.583333,0.00000000
51.600000,0.00054998
51.616667,0.00105040
51.633333,0.00000000
51.650000,0.00032644
51.666667,0.00011180
51.683333,0.00048595
51.700000,0.00018312
51.716667,0.00204762
51.733333,0.00116968
51.750000,0.00029123
51.766667,0.00000000
51.783333,0.00000000
51.800000,0.00000000
51.816667,0.00030480
51.833333,0.00000000
51.850000,0.00039066
51.866667,0.00028145
51.883333,0.00007584
51.900000,0.00052745
51.916667,0.00066569
51.933333,0.00039639
51.950000,0.00000000
51.966667,0.00000000
51.983333,0.00070700
52.000000,0.00000000
52.016667,0.00000000
52.033333,0.00112007
52.050000,0.00104857
52.066667,0.00024690
52.083333,0.00002990
52.100000,0.00011817
52.116667,0.00000000
52.133333,0.00000000
52.150000,0.00030427
52.166667,0.00045206
52.183333,0.00000000
52.200000,0.00000000
52.216667,0.00089231
52.233333,0.00000000
52.250000,0.00000000
52.266667,0.00000000
52.283333,0.00050526
52.300000,0.00000000
52.316667,0.00000000
52.333333,0.00000000
52.350000,0.00017998
52.366667,0.00021368
52.383333,0.00000000
52.400000,0.00058571
52.416667,0.00000000
52.433333,0.00004980
52.450000,0.00093053
52.466667,0.00000000
52.483333,0.00000000
52.500000,0.00000000
52.516667,0.00072307
52.533333,0.00013187
52.550000,0.00000000
52.566667,0.00000000
52.583333,0.00000000
52.600000,0.00000000
52.616667,0.00000000
52.633333,0.00002926
52.650000,0.00011797
52.666667,0.00000000
52.683333,0.00000000
52.700000,0.00000000
52.716667,0.00086893
52.733333,0.00000000
52.750000,0.00033488
52.766667,0.00000000
52.783333,0.00000000
52.800000,0.00010520
52.816667,0.00000000
52.833333,0.00000000
52.850000,0.00000000
52.866667,0.00045452
52.883333,0.00069314
52.900000,0.00000000
52.916667,0.00000000
52.933333,0.00000000
52.950000,0.00036892
52.966667,0.00154869
52.983333,0.00000000
53.000000,0.00000000
53.016667,0.00020333
53.033333,0.00000000
53.050000,0.00000000
53.066667,0.00001985
53.083333,0.00019188
53.100000,0.00000000
53.116667,0.00024095
53.133333,0.00000000
53.150000,0.00149569
53.166667,0.00063720
53.183333,0.00151229
53.200000,0.00177675
53.216667,0.00026303
53.233333,0.00025465
53.250000,0.00002038
53.266667,0.00045881
53.283333,0.00000000
53.300000,0.00077703
53.316667,0.00000000
53.333333,0.00000000
53.350000,0.00034103
53.366667,0.00000000
53.383333,0.00000000
53.400000,0.00000000
53.416667,0.00000000
53.433333,0.00000000
53.450000,0.00027328
53.466667,0.00004456
53.483333,0.00110942
53.500000,0.00000000
53.516667,0.00000000
53.533333,0.00000000
53.550000,0.00105132
53.566667,0.00111747
53.583333,0.00105544
53.600000,0.00000000
53.616667,0.00035973
53.633333,0.00000000
53.650000,0.00000000
53.666667,0.00047779
53.683333,0.00034883
53.700000,0.00000000
53.716667,0.00000000
53.733333,0.00000000
53.750000,0.00000000
53.766667,0.00115903
53.783333,0.00106063
53.800000,0.00087287
53.816667,0.00030763
53.833333,0.00000000
53.850000,0.00000000
53.866667,0.00017414
53.883333,0.00050334
53.900000,0.00000000
53.916667,0.00007126
53.933333,0.00000000
53.950000,0.00000000
53.966667,0.00014494
53.983333,0.00000000
54.000000,0.00030359
54.016667,0.00000000
54.033333,0.00000000
54.050000,0.00000000
54.066667,0.00052721
54.083333,0.00003791
54.100000,0.00000000
54.116667,0.00000000
54.133333,0.00172465
54.150000,0.00065265
54.166667,0.00000000
54.183333,0.00000000
54.200000,0.00021458
54.216667,0.00069997
54.233333,0.00000000
54.250000,0.00041853
54.266667,0.00015602
54.283333,0.00000000
54.300000,0.00069886
54.316667,0.00011227
54.333333,0.00057002
54.350000,0.00000000
54.366667,0.00047734
54.383333,0.00000000
54.400000,0.00000000
54.416667,0.00000000
54.433333,0.00000000
54.450000,0.00047240
54.466667,0.00032459
54.483333,0.00000000
54.500000,0.00000000
54.516667,0.00000000
54.533333,0.00000000
54.550000,0.00025259
54.566667,0.00000000
54.583333,0.00000000
54.600000,0.00028605
54.616667,0.00000000
54.633333,0.00018836
54.650000,0.00176781
54.666667,0.00019248
54.683333,0.00101838
54.700000,0.00000000
54.716667,0.00033404
54.733333,0.00000000
54.750000,0.00035551
54.766667,0.00021843
54.783333,0.00000000
54.800000,0.00009251
54.816667,0.00066123
54.833333,0.00053681
54.850000,0.00004072
54.866667,0.00056625
54.883333,0.00001280
54.900000,0.00000000
54.916667,0.00000000
54.933333,0.00015100
54.950000,0.00000000
54.966667,0.00019002
54.983333,0.00050486
55.000000,0.00006842
55.016667,0.00000000
55.033333,0.00000000
55.050000,0.00013695
55.066667,0.00012781
55.083333,0.00000000
55.100000,0.00114801
55.116667,0.00000000
55.133333,0.00027903
55.150000,0.00000000
55.166667,0.00000000
55.183333,0.00090139
55.200000,0.00000000
55.216667,0.00053729
55.233333,0.00000000
55.250000,0.00000000
55.266667,0.00030156
55.283333,0.00057477
55.300000,0.00000000
55.316667,0.00050886
55.333333,0.00051007
55.350000,0.00033584
55.366667,0.00051411
55.383333,0.00011356
55.400000,0.00000000
55.416667,0.00053393
55.433333,0.00000000
55.450000,0.00080776
55.466667,0.00000000
55.483333,0.00000000
55.500000,0.00000000
55.516667,0.00010014
55.533333,0.00000000
55.550000,0.00000000
55.566667,0.00019217
55.583333,0.00024584
55.600000,0.00015265
55.616667,0.00000000
55.633333,0.00047260
55.650000,0.00000000
55.666667,0.00086151
55.683333,0.00038477
55.700000,0.00005411
55.716667,0.00000000
55.733333,0.00019995
55.750000,0.00000000
55.766667,0.00032491
55.783333,0.00107413
55.800000,0.00000000
55.816667,0.00074573
55.833333,0.00044993
55.850000,0.00096540
55.866667,0.00000000
55.883333,0.00000000
55.900000,0.00000000
55.916667,0.00079102
55.933333,0.00000000
55.950000,0.00036411
55.966667,0.00000000
55.983333,0.00000000
56.000000,0.00000000
56.016667,0.00013543
56.033333,0.00063678
56.050000,0.00000000
56.066667,0.00070667
56.083333,0.00062932
56.100000,0.00018176
56.116667,0.00000000
56.133333,0.00000000
56.150000,0.00000000
56.166667,0.00000000
56.183333,0.00000000
56.200000,0.00000000
56.216667,0.00000000
56.233333,0.00000000
56.250000,0.00000000
56.266667,0.00125562
56.283333,0.00000000
56.300000,0.00013081
56.316667,0.00000000
56.333333,0.00039109
56.350000,0.00000000
56.366667,0.00000000
56.383333,0.00000924
56.400000,0.00000000
56.416667,0.00000000
56.433333,0.00000000
56.450000,0.00008748
56.466667,0.00033278
56.483333,0.00027195
56.500000,0.00000000
56.516667,0.00000000
56.533333,0.00089601
56.550000,0.00000000
56.566667,0.00000000
56.583333,0.00000000
56.600000,0.00050132
56.616667,0.00000000
56.633333,0.00000000
56.650000,0.00000161
56.666667,0.00000000
56.683333,0.00064010
56.700000,0.00135137
56.716667,0.00000000
56.733333,0.00000000
56.750000,0.00000000
56.766667,0.00012461
56.783333,0.00000000
56.800000,0.00011585
56.816667,0.00012604
56.833333,0.00000000
56.850000,0.00125715
56.866667,0.00117446
56.883333,0.00059046
56.900000,0.00000000
56.916667,0.00007817
56.933333,0.00059477
56.950000,0.00123946
56.966667,0.00000000
56.983333,0.00000000
57.000000,0.00191315
57.016667,0.00000000
57.033333,0.00000000
57.050000,0.00010632
57.066667,0.00000000
57.083333,0.00002846
57.100000,0.00054666
57.116667,0.00021083
57.133333,0.00000000
57.150000,0.00000000
57.166667,0.00004186
57.183333,0.00000000
57.200000,0.00069978
57.216667,0.00000000
57.233333,0.00015835
57.250000,0.00019846
57.266667,0.00001031
57.283333,0.00038141
57.300000,0.00000000
57.316667,0.00000000
57.333333,0.00000000
57.350000,0.00015863
57.366667,0.00000000
57.383333,0.00099679
57.400000,0.00055624
57.416667,0.00080418
57.433333,0.00000000
57.450000,0.00000000
57.466667,0.00033362
57.483333,0.00045830
57.500000,0.00005254
57.516667,0.00032523
57.533333,0.00000000
57.550000,0.00000000
57.566667,0.00000000
57.583333,0.00048250
57.600000,0.00000000
57.616667,0.00044987
57.633333,0.00083647
57.650000,0.00089604
57.666667,0.00061540
57.683333,0.00000000
57.700000,0.00059246
57.716667,0.00000000
57.733333,0.00043568
57.750000,0.00000000
57.766667,0.00000000
57.783333,0.00000000
57.800000,0.00000000
57.816667,0.00000000
57.833333,0.00000000
57.850000,0.00000000
57.866667,0.00001249
57.883333,0.00062119
57.900000,0.00000000
57.916667,0.00000000
57.933333,0.00049254
57.950000,0.00080895
57.966667,0.00000000
57.983333,0.00020843
58.000000,0.00032457
58.016667,0.00115515
58.033333,0.00022922
58.050000,0.00000000
58.066667,0.00000000
58.083333,0.00000000
58.100000,0.00044764
58.116667,0.00026381
58.133333,0.00000000
58.150000,0.00008187
58.166667,0.00002327
58.183333,0.00000000
58.200000,0.00000000
58.216667,0.00092721
58.233333,0.00000000
58.250000,0.00055387
58.266667,0.00000000
58.283333,0.00000000
58.300000,0.00000000
58.316667,0.00101688
58.333333,0.00105069
58.350000,0.00044658
58.366667,0.00026485
58.383333,0.00000000
58.400000,0.00054278
58.416667,0.00007168
58.433333,0.00000098
58.450000,0.00000000
58.466667,0.00000000
58.483333,0.00000000
58.500000,0.00104760
58.516667,0.00111144
58.533333,0.00097247
58.550000,0.00041137
58.566667,0.00000000
58.583333,0.00056170
58.600000,0.00000000
58.616667,0.00002426
58.633333,0.00000000
58.650000,0.00000000
58.666667,0.00000000
58.683333,0.00000000
58.700000,0.00000000
58.716667,0.00000000
58.733333,0.00055828
58.750000,0.00000000
58.766667,0.00020303
58.783333,0.00000000
58.800000,0.00109148
58.816667,0.00005707
58.833333,0.00008552
58.850000,0.00165654
58.866667,0.00000000
58.883333,0.00022412
58.900000,0.00082141
58.916667,0.00000000
58.933333,0.00000000
58.950000,0.00000000
58.966667,0.00000000
58.983333,0.00000000
59.000000,0.00020437
59.016667,0.00000000
59.033333,0.00000000
59.050000,0.00030774
59.066667,0.00100073
59.083333,0.00041666
59.100000,0.00010858
59.116667,0.00000000
59.133333,0.00000000
59.150000,0.00116998
59.166667,0.00051361
59.183333,0.00000000
59.200000,0.00043967
59.216667,0.00056902
59.233333,0.00000000
59.250000,0.00000000
59.266667,0.00000000
59.283333,0.00000000
59.300000,0.00016737
59.316667,0.00112491
59.333333,0.00016731
59.350000,0.00000000
59.366667,0.00020905
59.383333,0.00000000
59.400000,0.00000000
59.416667,0.00027188
59.433333,0.00000000
59.450000,0.00010686
59.466667,0.00023622
59.483333,0.00000000
59.500000,0.00000000
59.516667,0.00084377
59.533333,0.00000000
59.550000,0.00041694
59.566667,0.00049365
59.583333,0.00000000
59.600000,0.00000000
59.616667,0.00023266
59.633333,0.00081536
59.650000,0.00000000
59.666667,0.00000000
59.683333,0.00000000
59.700000,0.00062059
59.716667,0.00000000
59.733333,0.00000000
59.750000,0.00040796
59.766667,0.00000000
59.783333,0.00000000
59.800000,0.00000000
59.816667,0.00038801
59.833333,0.00000000
59.850000,0.00000000
59.866667,0.00077430
59.883333,0.00000000
59.900000,0.00000000
59.916667,0.00000040
59.933333,0.00010645
59.950000,0.00000000
59.966667,0.00000000
59.983333,0.00002223
60.000000,0.00000000
60.016667,0.00000000
60.033333,0.00080737
60.050000,0.00000000
60.066667,0.00013020
60.083333,0.00000000
60.100000,0.00075318
60.116667,0.00038054
60.133333,0.00000000
60.150000,0.00065485
60.166667,0.00000000
60.183333,0.00109901
60.200000,0.00068486
60.216667,0.00000000
60.233333,0.00054713
60.250000,0.00025545
60.266667,0.00053444
60.283333,0.00000000
60.300000,0.00000000
60.316667,0.00055152
60.333333,0.00005537
60.350000,0.00000000
60.366667,0.00162517
60.383333,0.00000000
60.400000,0.00000000
60.416667,0.00037261
60.433333,0.00000000
60.450000,0.00048385
60.466667,0.00000000
60.483333,0.00000000
60.500000,0.00050728
60.516667,0.00061022
60.533333,0.00002595
60.550000,0.00034688
60.566667,0.00000000
60.583333,0.00000000
60.600000,0.00028178
60.616667,0.00009887
60.633333,0.00000000
60.650000,0.00000000
60.666667,0.00000000
60.683333,0.00000000
60.700000,0.00000000
60.716667,0.00000000
60.733333,0.00065407
60.750000,0.00000000
60.766667,0.00000000
60.783333,0.00012915
60.800000,0.00053625
60.816667,0.00043899
60.833333,0.00000000
60.850000,0.00041502
60.866667,0.00035694
60.883333,0.00044756
60.900000,0.00038957
60.916667,0.00000000
60.933333,0.00030597
60.950000,0.00000000
60.966667,0.00098808
60.983333,0.00010505
61.000000,0.00000000
61.016667,0.00003134
61.033333,0.00000000
61.050000,0.00000000
61.066667,0.00000000
61.083333,0.00009603
61.100000,0.00043782
61.116667,0.00000000
61.133333,0.00000000
61.150000,0.00000000
61.166667,0.00090924
61.183333,0.00092689
61.200000,0.00000000
61.216667,0.00000000
61.233333,0.00070208
61.250000,0.00006871
61.266667,0.00000000
61.283333,0.00000000
61.300000,0.00000000
61.316667,0.00075176
61.333333,0.00000000
61.350000,0.00000000
61.366667,0.00000000
61.383333,0.00060035
61.400000,0.00000000
61.416667,0.00017285
61.433333,0.00000000
61.450000,0.00000000
61.466667,0.00000000
61.483333,0.00000000
61.500000,0.00000000
61.516667,0.00000000
61.533333,0.00042414
61.550000,0.00000000
61.566667,0.00050284
61.583333,0.00014183
61.600000,0.00078562
61.616667,0.00000000
61.633333,0.00008805
61.650000,0.00000000
61.666667,0.00000000
61.683333,0.00075693
61.700000,0.00000000
61.716667,0.00056902
61.733333,0.00000000
61.750000,0.00018774
61.766667,0.00011985
61.783333,0.00028390
61.800000,0.00000000
61.816667,0.00133651
61.833333,0.00001695
61.850000,0.00082607
61.866667,0.00097916
61.883333,0.00004118
61.900000,0.00000000
61.916667,0.00000000
61.933333,0.00061314
61.950000,0.00000000
61.966667,0.00027750
61.983333,0.00000000
62.000000,0.00000000
62.016667,0.00063488
62.033333,0.00003424
62.050000,0.00000000
62.066667,0.00000000
62.083333,0.00000000
62.100000,0.00024939
62.116667,0.00070183
62.133333,0.00032159
62.150000,0.00036172
62.166667,0.00000000
62.183333,0.00049699
62.200000,0.00000000
62.216667,0.00000000
62.233333,0.00031185
62.250000,0.00000000
62.266667,0.00000000
62.283333,0.00050359
62.300000,0.00010147
62.316667,0.00011904
62.333333,0.00000000
62.350000,0.00046860
62.366667,0.00000000
62.383333,0.00004938
62.400000,0.00000000
62.416667,0.00097072
62.433333,0.00000000
62.450000,0.00037845
62.466667,0.00059029
62.483333,0.00000000
62.500000,0.00045853
62.516667,0.00000000
62.533333,0.00049242
62.550000,0.00000000
62.566667,0.00041749
62.583333,0.00000000
62.600000,0.00000000
62.616667,0.00024065
62.633333,0.00040168
62.650000,0.00086669
62.666667,0.00022708
62.683333,0.00000000
62.700000,0.00000000
62.716667,0.00000000
62.733333,0.00048152
62.750000,0.00000000
62.766667,0.00158924
62.783333,0.00157090
62.800000,0.00080782
62.816667,0.00011952
62.833333,0.00111712
62.850000,0.00000000
62.866667,0.00000000
62.883333,0.00000000
62.900000,0.00000000
62.916667,0.00000000
62.933333,0.00065683
62.950000,0.00000000
62.966667,0.00000000
62.983333,0.00000000
63.000000,0.00012489
63.016667,0.00000000
63.033333,0.00043379
63.050000,0.00084487
63.066667,0.00031494
63.083333,0.00000000
63.100000,0.00000000
63.116667,0.00000000
63.133333,0.00040506
63.150000,0.00000000
63.166667,0.00000000
63.183333,0.00000000
63.200000,0.00083993
63.216667,0.00000000
63.233333,0.00070576
63.250000,0.00099850
63.266667,0.00003461
63.283333,0.00085615
63.300000,0.00000000
63.316667,0.00000000
63.333333,0.00000000
63.350000,0.00029005
63.366667,0.00090124
63.383333,0.00000000
63.400000,0.00204188
63.416667,0.00000000
63.433333,0.00153995
63.450000,0.00000000
63.466667,0.00000000
63.483333,0.00000000
63.500000,0.00000000
63.516667,0.00042802
63.533333,0.00000000
63.550000,0.00000000
63.566667,0.00095277
63.583333,0.00031738
63.600000,0.00000000
63.616667,0.00078219
63.633333,0.00107787
63.650000,0.00057667
63.666667,0.00035050
63.683333,0.00102120
63.700000,0.00054749
63.716667,0.00000000
63.733333,0.00007938
63.750000,0.00000000
63.766667,0.00019986
63.783333,0.00061932
63.800000,0.00000000
63.816667,0.00000000
63.833333,0.00073215
63.850000,0.00069239
63.866667,0.00066964
63.883333,0.00000000
63.900000,0.00064568
63.916667,0.00026905
63.933333,0.00000000
63.950000,0.00052930
63.966667,0.00000000
63.983333,0.00000000
64.000000,0.00047604
64.016667,0.00075372
64.033333,0.00000000
64.050000,0.00076861
64.066667,0.00000000
64.083333,0.00000000
64.100000,0.00012103
64.116667,0.00039950
64.133333,0.00062405
64.150000,0.00000000
64.166667,0.00000000
64.183333,0.00000000
64.200000,0.00002383
64.216667,0.00207359
64.233333,0.00011134
64.250000,0.00000000
64.266667,0.00019505
64.283333,0.00000000
64.300000,0.00044798
64.316667,0.00041103
64.333333,0.00148000
64.350000,0.00064993
64.366667,0.00000000
64.383333,0.00000000
64.400000,0.00000000
64.416667,0.00000000
64.433333,0.00063093
64.450000,0.00000000
64.466667,0.00000000
64.483333,0.00000000
64.500000,0.00000000
64.516667,0.00043508
64.533333,0.00000000
64.550000,0.00000000
64.566667,0.00000000
64.583333,0.00064663
64.600000,0.00068897
64.616667,0.00117895
64.633333,0.00000000
64.650000,0.00000000
64.666667,0.00042600
64.683333,0.00036112
64.700000,0.00008015
64.716667,0.00000000
64.733333,0.00000000
64.750000,0.00000000
64.766667,0.00000000
64.783333,0.00000000
64.800000,0.00120895
64.816667,0.00057796
64.833333,0.00000000
64.850000,0.00059323
64.866667,0.00116520
64.883333,0.00105171
64.900000,0.00000000
64.916667,0.00000000
64.933333,0.00019191
64.950000,0.00000000
64.966667,0.00019995
64.983333,0.00015086
65.000000,0.00000000
65.016667,0.00000000
65.033333,0.00000000
65.050000,0.00000000
65.066667,0.00000000
65.083333,0.00000000
65.100000,0.00000000
65.116667,0.00050395
65.133333,0.00000000
65.150000,0.00000000
65.166667,0.00000000
65.183333,0.00000000
65.200000,0.00000000
65.216667,0.00000000
65.233333,0.00037429
65.250000,0.00077242
65.266667,0.00000000
65.283333,0.00000000
65.300000,0.00000000
65.316667,0.00000000
65.333333,0.00000000
65.350000,0.00000000
65.366667,0.00000000
65.383333,0.00074022
65.400000,0.00000000
65.416667,0.00065539
65.433333,0.00044676
65.450000,0.00127766
65.466667,0.00066030
65.483333,0.00000000
65.500000,0.00000000
65.516667,0.00058566
65.533333,0.00123449
65.550000,0.00000000
65.566667,0.00046511
65.583333,0.00017673
65.600000,0.00000000
65.616667,0.00000000
65.633333,0.00000000
65.650000,0.00001899
65.666667,0.00107163
65.683333,0.00009401
65.700000,0.00027993
65.716667,0.00000000
65.733333,0.00019470
65.750000,0.00019816
65.766667,0.00070398
65.783333,0.00086261
65.800000,0.00020511
65.816667,0.00000000
65.833333,0.00000000
65.850000,0.00005736
65.866667,0.00000000
65.883333,0.00000000
65.900000,0.00015596
65.916667,0.00000000
65.933333,0.00000000
65.950000,0.00000000
65.966667,0.00000000
65.983333,0.00000000
66.000000,0.00007768
66.016667,0.00154323
66.033333,0.00000000
66.050000,0.00032651
66.066667,0.00035396
66.083333,0.00000000
66.100000,0.00000000
66.116667,0.00020050
66.133333,0.00000000
66.150000,0.00021011
66.166667,0.00000000
66.183333,0.00098232
66.200000,0.00000000
66.216667,0.00000000
66.233333,0.00000000
66.250000,0.00000000
66.266667,0.00000000
66.283333,0.00078992
66.300000,0.00000000
66.316667,0.00000000
66.333333,0.00000000
66.350000,0.00020152
66.366667,0.00000000
66.383333,0.00110703
66.400000,0.00000000
66.416667,0.00000000
66.433333,0.00000000
66.450000,0.00000000
66.466667,0.00000000
66.483333,0.00038820
66.500000,0.00000000
66.516667,0.00059749
66.533333,0.00122864
66.550000,0.00033422
66.566667,0.00000000
66.583333,0.00000000
66.600000,0.00010277
66.616667,0.00046474
66.633333,0.00000000
66.650000,0.00000000
66.666667,0.00051548
66.683333,0.00000000
66.700000,0.00000000
66.716667,0.00000000
66.733333,0.00000000
66.750000,0.00000000
66.766667,0.00000000
66.783333,0.00000000
66.800000,0.00056950
66.816667,0.00058165
66.833333,0.00000000
66.850000,0.00052076
66.866667,0.00000000
66.883333,0.00000000
66.900000,0.00071706
66.916667,0.00000000
66.933333,0.00041355
66.950000,0.00000000
66.966667,0.00072911
66.983333,0.00044625
67.000000,0.00026047
67.016667,0.00081960
67.033333,0.00085835
67.050000,0.00093683
67.066667,0.00000000
67.083333,0.00000000
67.100000,0.00081754
67.116667,0.00000000
67.133333,0.00090701
67.150000,0.00004991
67.166667,0.00003354
67.183333,0.00069843
67.200000,0.00000000
67.216667,0.00030543
67.233333,0.00000000
67.250000,0.00134774
67.266667,0.00035014
67.283333,0.00000000
67.300000,0.00031658
67.316667,0.00000000
67.333333,0.00088458
67.350000,0.00098642
67.366667,0.00039024
67.383333,0.00046128
67.400000,0.00000000
67.416667,0.00000000
67.433333,0.00077283
67.450000,0.00000000
67.466667,0.00000000
67.483333,0.00151246
67.500000,0.00000000
67.516667,0.00063231
67.533333,0.00055677
67.550000,0.00001907
67.566667,0.00000000
67.583333,0.00000000
67.600000,0.00096188
67.616667,0.00000000
67.633333,0.00068326
67.650000,0.00000000
67.666667,0.00000000
67.683333,0.00000000
67.700000,0.00103921
67.716667,0.00017563
67.733333,0.00061552
67.750000,0.00000000
67.766667,0.00000000
67.783333,0.00000000
67.800000,0.00005721
67.816667,0.00199056
67.833333,0.00000000
67.850000,0.00000000
67.866667,0.00115829
67.883333,0.00000000
67.900000,0.00000000
67.916667,0.00026373
67.933333,0.00000000
67.950000,0.00072730
67.966667,0.00000000
67.983333,0.00101644
68.000000,0.00000329
68.016667,0.00000000
68.033333,0.00091891
68.050000,0.00061520
68.066667,0.00015889
68.083333,0.00073128
68.100000,0.00000000
68.116667,0.00085253
68.133333,0.00029392
68.150000,0.00000000
68.166667,0.00000000
68.183333,0.00000000
68.200000,0.00071331
68.216667,0.00000000
68.233333,0.00067629
68.250000,0.00060840
68.266667,0.00079466
68.283333,0.00000000
68.300000,0.00139537
68.316667,0.00039276
68.333333,0.00000000
68.350000,0.00000000
68.366667,0.00021844
68.383333,0.00000000
68.400000,0.00055515
68.416667,0.00000000
68.433333,0.00030017
68.450000,0.00046508
68.466667,0.00081637
68.483333,0.00145028
68.500000,0.00000000
68.516667,0.00000000
68.533333,0.00000000
68.550000,0.00000000
68.566667,0.00045033
68.583333,0.00000000
68.600000,0.00000000
68.616667,0.00000000
68.633333,0.00000000
68.650000,0.00005059
68.666667,0.00059850
68.683333,0.00000000
68.700000,0.00000000
68.716667,0.00141128
68.733333,0.00000890
68.750000,0.00000000
68.766667,0.00000000
68.783333,0.00106224
68.800000,0.00041917
68.816667,0.00002398
68.833333,0.00064292
68.850000,0.00080851
68.866667,0.00065632
68.883333,0.00006029
68.900000,0.00000000
68.916667,0.00000000
68.933333,0.00000000
68.950000,0.00021857
68.966667,0.00034967
68.983333,0.00000000
69.000000,0.00000000
69.016667,0.00000000
69.033333,0.00075388
69.050000,0.00030344
69.066667,0.00051310
69.083333,0.00035202
69.100000,0.00000000
69.116667,0.00112939
69.133333,0.00001320
69.150000,0.00052038
69.166667,0.00087445
69.183333,0.00056916
69.200000,0.00000000
69.216667,0.00000000
69.233333,0.00028402
69.250000,0.00000000
69.266667,0.00012542
69.283333,0.00011397
69.300000,0.00112040
69.316667,0.00099041
69.333333,0.00000000
69.350000,0.00000000
69.366667,0.00000000
69.383333,0.00000000
69.400000,0.00053489
69.416667,0.00000000
69.433333,0.00144874
69.450000,0.00063045
69.466667,0.00000000
69.483333,0.00000000
69.500000,0.00057480
69.516667,0.00001916
69.533333,0.00000000
69.550000,0.00014633
69.566667,0.00042802
69.583333,0.00095706
69.600000,0.00039214
69.616667,0.00068294
69.633333,0.00063624
69.650000,0.00000000
69.666667,0.00000000
69.683333,0.00049405
69.700000,0.00040802
69.716667,0.00011680
69.733333,0.00009115
69.750000,0.00000000
69.766667,0.00000000
69.783333,0.00065750
69.800000,0.00000000
69.816667,0.00000464
69.833333,0.00031740
69.850000,0.00002037
69.866667,0.00000000
69.883333,0.00000000
69.900000,0.00020817
69.916667,0.00000000
69.933333,0.00000000
69.950000,0.00009769
69.966667,0.00003183
69.983333,0.00000000
70.000000,0.00014145
70.016667,0.00000000
70.033333,0.00052543
70.050000,0.00000000
70.066667,0.00000000
70.083333,0.00020961
70.100000,0.00000000
70.116667,0.00000000
70.133333,0.00000000
70.150000,0.00106950
70.166667,0.00000000
70.183333,0.00000000
70.200000,0.00000000
70.216667,0.00062266
70.233333,0.00011354
70.250000,0.00046570
70.266667,0.00007308
70.283333,0.00000000
70.300000,0.00001340
70.316667,0.00070916
70.333333,0.00022595
70.350000,0.00098402
70.366667,0.00000000
70.383333,0.00000000
70.400000,0.00000000
70.416667,0.00040773
70.433333,0.00054281
70.450000,0.00034007
70.466667,0.00000000
70.483333,0.00000000
70.500000,0.00000000
70.516667,0.00000000
70.533333,0.00077456
70.550000,0.00149903
70.566667,0.00044239
70.583333,0.00000000
70.600000,0.00000000
70.616667,0.00000000
70.633333,0.00000000
70.650000,0.00010984
70.666667,0.00000000
70.683333,0.00000000
70.700000,0.00000000
70.716667,0.00000000
70.733333,0.00000000
70.750000,0.00000000
70.766667,0.00089196
70.783333,0.00043388
70.800000,0.00059669
70.816667,0.00002565
70.833333,0.00000000
70.850000,0.00000000
70.866667,0.00000000
70.883333,0.00155311
70.900000,0.00000000
70.916667,0.00000000
70.933333,0.00001677
70.950000,0.00005553
70.966667,0.00000000
70.983333,0.00043052
71.000000,0.00043214
71.016667,0.00020110
71.033333,0.00059468
71.050000,0.00043184
71.066667,0.00000000
71.083333,0.00070635
71.100000,0.00000000
71.116667,0.00008196
71.133333,0.00000000
71.150000,0.00098529
71.166667,0.00046248
71.183333,0.00000000
71.200000,0.00022950
71.216667,0.00092308
71.233333,0.00000000
71.250000,0.00000000
71.266667,0.00134043
71.283333,0.00019344
71.300000,0.00000000
71.316667,0.00000000
71.333333,0.00000000
71.350000,0.00000000
71.366667,0.00000000
71.383333,0.00000000
71.400000,0.00104152
71.416667,0.00102895
71.433333,0.00000000
71.450000,0.00000000
71.466667,0.00000000
71.483333,0.00000000
71.500000,0.00060489
71.516667,0.00062521
71.533333,0.00072622
71.550000,0.00101133
71.566667,0.00075202
71.583333,0.00000000
71.600000,0.00090448
71.616667,0.00152346
71.633333,0.00008923
71.650000,0.00029429
71.666667,0.00000000
71.683333,0.00000000
71.700000,0.00000000
71.716667,0.00132279
71.733333,0.00000000
71.750000,0.00035198
71.766667,0.00000000
71.783333,0.00066662
71.800000,0.00000000
71.816667,0.00055730
71.833333,0.00000000
71.850000,0.00000000
71.866667,0.00000000
71.883333,0.00000000
71.900000,0.00001821
71.916667,0.00000000
71.933333,0.00000000
71.950000,0.00034612
71.966667,0.00000000
71.983333,0.00000000
72.000000,0.00082198
72.016667,0.00111585
72.033333,0.00030425
72.050000,0.00000000
72.066667,0.00000000
72.083333,0.00084050
72.100000,0.00041733
72.116667,0.00000000
72.133333,0.00079754
72.150000,0.00000000
72.166667,0.00000000
72.183333,0.00000000
72.200000,0.00023428
72.216667,0.00000000
72.233333,0.00014563
72.250000,0.00000000
72.266667,0.00022632
72.283333,0.00000000
72.300000,0.00043015
72.316667,0.00000000
72.333333,0.00000000
72.350000,0.00000000
72.366667,0.00035653
72.383333,0.00000000
72.400000,0.00000000
72.416667,0.00015272
72.433333,0.00000000
72.450000,0.00000622
72.466667,0.00026508
72.483333,0.00000000
72.500000,0.00000000
72.516667,0.00000000
72.533333,0.00058576
72.550000,0.00038790
72.566667,0.00035676
72.583333,0.00000000
72.600000,0.00000000
72.616667,0.00029948
72.633333,0.00000000
72.650000,0.00100938
72.666667,0.00000000
72.683333,0.00110824
72.700000,0.00000000
72.716667,0.00000000
72.733333,0.00001016
72.750000,0.00057087
72.766667,0.00000000
72.783333,0.00000000
72.800000,0.00053543
72.816667,0.00033902
72.833333,0.00034989
72.850000,0.00018281
72.866667,0.00000000
72.883333,0.00042415
72.900000,0.00025376
72.916667,0.00051776
72.933333,0.00000000
72.950000,0.00000000
72.966667,0.00064485
72.983333,0.00054614
73.000000,0.00017154
73.016667,0.00070120
73.033333,0.00000000
73.050000,0.00061062
73.066667,0.00000000
73.083333,0.00000000
73.100000,0.00042092
73.116667,0.00000000
73.133333,0.00011253
73.150000,0.00027429
73.166667,0.00000000
73.183333,0.00160677
73.200000,0.00000000
73.216667,0.00000000
73.233333,0.00000000
73.250000,0.00000000
73.266667,0.00000000
73.283333,0.00000000
73.300000,0.00000000
73.316667,0.00022942
73.333333,0.00008602
73.350000,0.00000000
73.366667,0.00021333
73.383333,0.00000000
73.400000,0.00000000
73.416667,0.00066243
73.433333,0.00013613
73.450000,0.00077562
73.466667,0.00000000
73.483333,0.00071406
73.500000,0.00018999
73.516667,0.00000000
73.533333,0.00028644
73.550000,0.00140493
73.566667,0.00000000
73.583333,0.00000000
73.600000,0.00086977
73.616667,0.00050333
73.633333,0.00006400
73.650000,0.00032335
73.666667,0.00000000
73.683333,0.00056076
73.700000,0.00000000
73.716667,0.00089705
73.733333,0.00058734
73.750000,0.00003398
73.766667,0.00040023
73.783333,0.00000000
73.800000,0.00006804
73.816667,0.00000000
73.833333,0.00000000
73.850000,0.00002645
73.866667,0.00093767
73.883333,0.00031278
73.900000,0.00015106
73.916667,0.00047460
73.933333,0.00000000
73.950000,0.00000000
73.966667,0.00000000
73.983333,0.00148250
74.000000,0.00000000
74.016667,0.00138709
74.033333,0.00000000
74.050000,0.00080683
74.066667,0.00116909
74.083333,0.00000000
74.100000,0.00036332
74.116667,0.00045824
74.133333,0.00068200
74.150000,0.00000000
74.166667,0.00017416
74.183333,0.00036663
74.200000,0.00000000
74.216667,0.00045447
74.233333,0.00078065
74.250000,0.00035777
74.266667,0.00000000
74.283333,0.00042176
74.300000,0.00014074
74.316667,0.00059013
74.333333,0.00106030
74.350000,0.00114351
74.366667,0.00010268
74.383333,0.00105290
74.400000,0.00000000
74.416667,0.00000000
74.433333,0.00000000
74.450000,0.00104002
74.466667,0.00000000
74.483333,0.00074924
74.500000,0.00000000
74.516667,0.00000000
74.533333,0.00114188
74.550000,0.00000000
74.566667,0.00000000
74.583333,0.00000000
74.600000,0.00000000
74.616667,0.00000000
74.633333,0.00046841
74.650000,0.00056714
74.666667,0.00000000
74.683333,0.00003702
74.700000,0.00021600
74.716667,0.00039610
74.733333,0.00000000
74.750000,0.00047002
74.766667,0.00005605
74.783333,0.00000000
74.800000,0.00012940
74.816667,0.00064638
74.833333,0.00027450
74.850000,0.00000000
74.866667,0.00173451
74.883333,0.00001315
74.900000,0.00177702
74.916667,0.00021027
74.933333,0.00000000
74.950000,0.00019973
74.966667,0.00000000
74.983333,0.00000000
75.000000,0.00060251
75.016667,0.00082971
75.033333,0.00000000
75.050000,0.00018563
75.066667,0.00006112
75.083333,0.00083628
75.100000,0.00000000
75.116667,0.00114292
75.133333,0.00000000
75.150000,0.00103587
75.166667,0.00000000
75.183333,0.00000000
75.200000,0.00000000
75.216667,0.00000000
75.233333,0.00099540
75.250000,0.00015301
75.266667,0.00000000
75.283333,0.00028863
75.300000,0.00000000
75.316667,0.00000000
75.333333,0.00000000
75.350000,0.00000000
75.366667,0.00000000
75.383333,0.00004972
75.400000,0.00033141
75.416667,0.00018708
75.433333,0.00036579
75.450000,0.00000000
75.466667,0.00039908
75.483333,0.00168910
75.500000,0.00028367
75.516667,0.00000000
75.533333,0.00000000
75.550000,0.00000000
75.566667,0.00022788
75.583333,0.00000000
75.600000,0.00000000
75.616667,0.00083064
75.633333,0.00059687
75.650000,0.00063049
75.666667,0.00000000
75.683333,0.00000000
75.700000,0.00014610
75.716667,0.00010477
75.733333,0.00080902
75.750000,0.00000000
75.766667,0.00000000
75.783333,0.00042662
75.800000,0.00004638
75.816667,0.00006807
75.833333,0.00005140
75.850000,0.00000000
75.866667,0.00000000
75.883333,0.00017794
75.900000,0.00000000
75.916667,0.00000000
75.933333,0.00045749
75.950000,0.00000000
75.966667,0.00000000
75.983333,0.00011211
76.000000,0.00000000
76.016667,0.00044885
76.033333,0.00008205
76.050000,0.00000000
76.066667,0.00000000
76.083333,0.00082023
76.100000,0.00063251
76.116667,0.00000000
76.133333,0.00069337
76.150000,0.00000000
76.166667,0.00074848
76.183333,0.00100791
76.200000,0.00068822
76.216667,0.00039552
76.233333,0.00000000
76.250000,0.00000000
76.266667,0.00042564
76.283333,0.00000000
76.300000,0.00069555
76.316667,0.00104765
76.333333,0.00000000
76.350000,0.00000000
76.366667,0.00082096
76.383333,0.00085595
76.400000,0.00058922
76.416667,0.00000000
76.433333,0.00006615
76.450000,0.00065317
76.466667,0.00000000
76.483333,0.00094785
76.500000,0.00000000
76.516667,0.00000000
76.533333,0.00076866
76.550000,0.00000000
76.566667,0.00023535
76.583333,0.00083842
76.600000,0.00033103
76.616667,0.00015710
76.633333,0.00028896
76.650000,0.00000000
76.666667,0.00122348
76.683333,0.00000000
76.700000,0.00000000
76.716667,0.00045467
76.733333,0.00204032
76.750000,0.00000000
76.766667,0.00000000
76.783333,0.00000000
76.800000,0.00000000
76.816667,0.00000000
76.833333,0.00086490
76.850000,0.00000000
76.866667,0.00000000
76.883333,0.00026550
76.900000,0.00000000
76.916667,0.00054216
76.933333,0.00000000
76.950000,0.00000000
76.966667,0.00000000
76.983333,0.00000000
77.000000,0.00035654
77.016667,0.00000000
77.033333,0.00046233
77.050000,0.00138173
77.066667,0.00000000
77.083333,0.00042986
77.100000,0.00064706
77.116667,0.00000000
77.133333,0.00005140
77.150000,0.00000000
77.166667,0.00000000
77.183333,0.00000000
77.200000,0.00000000
77.216667,0.00000000
77.233333,0.00000000
77.250000,0.00000000
77.266667,0.00034142
77.283333,0.00079160
77.300000,0.00084133
77.316667,0.00083785
77.333333,0.00000000
77.350000,0.00093579
77.366667,0.00039905
77.383333,0.00000000
77.400000,0.00149025
77.416667,0.00000000
77.433333,0.00000000
77.450000,0.00031311
77.466667,0.00014253
77.483333,0.00000000
77.500000,0.00038067
77.516667,0.00000000
77.533333,0.00030597
77.550000,0.00000000
77.566667,0.00057875
77.583333,0.00000000
77.600000,0.00000000
77.616667,0.00040524
77.633333,0.00093882
77.650000,0.00000000
77.666667,0.00000000
77.683333,0.00016794
77.700000,0.00010644
77.716667,0.00061401
77.733333,0.00000000
77.750000,0.00000000
77.766667,0.00000000
77.783333,0.00000000
77.800000,0.00000000
77.816667,0.00000000
77.833333,0.00000000
77.850000,0.00000000
77.866667,0.00028953
77.883333,0.00043943
77.900000,0.00000000
77.916667,0.00093010
77.933333,0.00000000
77.950000,0.00000000
77.966667,0.00000000
77.983333,0.00014494
78.000000,0.00039495
78.016667,0.00000000
78.033333,0.00006119
78.050000,0.00000000
78.066667,0.00024792
78.083333,0.00000000
78.100000,0.00047562
78.116667,0.00014153
78.133333,0.00000000
78.150000,0.00000000
78.166667,0.00000000
78.183333,0.00000000
78.200000,0.00000000
78.216667,0.00068810
78.233333,0.00101946
78.250000,0.00043400
78.266667,0.00000000
78.283333,0.00146512
78.300000,0.00023691
78.316667,0.00000000
78.333333,0.00008072
78.350000,0.00000000
78.366667,0.00124014
78.383333,0.00016144
78.400000,0.00024550
78.416667,0.00004484
78.433333,0.00039148
78.450000,0.00074016
78.466667,0.00000000
78.483333,0.00000000
78.500000,0.00002050
78.516667,0.00007131
78.533333,0.00000000
78.550000,0.00024662
78.566667,0.00045197
78.583333,0.00070679
78.600000,0.00000000
78.616667,0.00070565
78.633333,0.00000000
78.650000,0.00017577
78.666667,0.00000000
78.683333,0.00000000
78.700000,0.00000000
78.716667,0.00000000
78.733333,0.00000000
78.750000,0.00000000
78.766667,0.00032960
78.783333,0.00088502
78.800000,0.00116980
78.816667,0.00009266
78.833333,0.00036864
78.850000,0.00018691
78.866667,0.00029809
78.883333,0.00000000
78.900000,0.00026391
78.916667,0.00000000
78.933333,0.00000000
78.950000,0.00000000
78.966667,0.00028594
78.983333,0.00000000
79.000000,0.00000000
79.016667,0.00000000
79.033333,0.00000000
79.050000,0.00000000
79.066667,0.00019478
79.083333,0.00145462
79.100000,0.00024294
79.116667,0.00008475
79.133333,0.00149743
79.150000,0.00000000
79.166667,0.00000000
79.183333,0.00026021
79.200000,0.00088114
79.216667,0.00037061
79.233333,0.00055521
79.250000,0.00000000
79.266667,0.00000000
79.283333,0.00094140
79.300000,0.00000000
79.316667,0.00004336
79.333333,0.00135256
79.350000,0.00026639
79.366667,0.00000000
79.383333,0.00000000
79.400000,0.00000000
79.416667,0.00000000
79.433333,0.00026416
79.450000,0.00026424
79.466667,0.00042213
79.483333,0.00000000
79.500000,0.00000000
79.516667,0.00054997
79.533333,0.00006117
79.550000,0.00049714
79.566667,0.00000000
79.583333,0.00013059
79.600000,0.00113715
79.616667,0.00000000
79.633333,0.00000000
79.650000,0.00042626
79.666667,0.00000000
79.683333,0.00114780
79.700000,0.00000000
79.716667,0.00000000
79.733333,0.00070575
79.750000,0.00008126
79.766667,0.00000000
79.783333,0.00000000
79.800000,0.00071314
79.816667,0.00000000
79.833333,0.00035245
79.850000,0.00000000
79.866667,0.00023743
79.883333,0.00000000
79.900000,0.00000000
79.916667,0.00004094
79.933333,0.00042737
79.950000,0.00013994
79.966667,0.00064516
79.983333,0.00001646
80.000000,0.00000000
80.016667,0.00000000
80.033333,0.00000000
80.050000,0.00006279
80.066667,0.00000000
80.083333,0.00000000
80.100000,0.00018441
80.116667,0.00000000
80.133333,0.00038994
80.150000,0.00059151
80.166667,0.00000000
80.183333,0.00000000
80.200000,0.00074679
80.216667,0.00000000
80.233333,0.00000000
80.250000,0.00000000
80.266667,0.00000000
80.283333,0.00000000
80.300000,0.00000000
80.316667,0.00067959
80.333333,0.00000000
80.350000,0.00000000
80.366667,0.00000000
80.383333,0.00000000
80.400000,0.00010343
80.416667,0.00018893
80.433333,0.00110689
80.450000,0.00014773
80.466667,0.00009550
80.483333,0.00000000
80.500000,0.00000000
80.516667,0.00000000
80.533333,0.00058558
80.550000,0.00092774
80.566667,0.00024136
80.583333,0.00005917
80.600000,0.00000000
80.616667,0.00000000
80.633333,0.00000000
80.650000,0.00000000
80.666667,0.00000000
80.683333,0.00084019
80.700000,0.00000000
80.716667,0.00000000
80.733333,0.00017750
80.750000,0.00082584
80.766667,0.00066614
80.783333,0.00000000
80.800000,0.00000000
80.816667,0.00000000
80.833333,0.00076567
80.850000,0.00036573
80.866667,0.00066868
80.883333,0.00000000
80.900000,0.00000000
80.916667,0.00000000
80.933333,0.00000000
80.950000,0.00000000
80.966667,0.00000000
80.983333,0.00038412
81.000000,0.00049981
81.016667,0.00051745
81.033333,0.00000000
81.050000,0.00000000
81.066667,0.00000000
81.083333,0.00023695
81.100000,0.00022811
81.116667,0.00000000
81.133333,0.00000000
81.150000,0.00031557
81.166667,0.00000000
81.183333,0.00025971
81.200000,0.00000000
81.216667,0.00003794
81.233333,0.00000000
81.250000,0.00038856
81.266667,0.00037269
81.283333,0.00136736
81.300000,0.00000000
81.316667,0.00036548
81.333333,0.00000000
81.350000,0.00000000
81.366667,0.00007336
81.383333,0.00035893
81.400000,0.00000000
81.416667,0.00000000
81.433333,0.00000000
81.450000,0.00000000
81.466667,0.00000000
81.483333,0.00119452
81.500000,0.00068636
81.516667,0.00027651
81.533333,0.00015382
81.550000,0.00071185
81.566667,0.00086476
81.583333,0.00091838
81.600000,0.00002559
81.616667,0.00015599
81.633333,0.00028426
81.650000,0.00000000
81.666667,0.00016159
81.683333,0.00117929
81.700000,0.00001031
81.716667,0.00014481
81.733333,0.00023582
81.750000,0.00000000
81.766667,0.00069367
81.783333,0.00000000
81.800000,0.00000000
81.816667,0.00022171
81.833333,0.00000000
81.850000,0.00000000
81.866667,0.00000000
81.883333,0.00004412
81.900000,0.00081777
81.916667,0.00049529
81.933333,0.00040436
81.950000,0.00000000
81.966667,0.00038714
81.983333,0.00054696
82.000000,0.00000000
82.016667,0.00000000
82.033333,0.00026568
82.050000,0.00000000
82.066667,0.00000000
82.083333,0.00027165
82.100000,0.00000000
82.116667,0.00000000
82.133333,0.00021762
82.150000,0.00076361
82.166667,0.00022467
82.183333,0.00025556
82.200000,0.00063772
82.216667,0.00047432
82.233333,0.00051476
82.250000,0.00000000
82.266667,0.00011793
82.283333,0.00000000
82.300000,0.00011189
82.316667,0.00000000
82.333333,0.00000000
82.350000,0.00122931
82.366667,0.00047971
82.383333,0.00000000
82.400000,0.00049918
82.416667,0.00000000
82.433333,0.00000000
82.450000,0.00022997
82.466667,0.00061058
82.483333,0.00000000
82.500000,0.00011370
82.516667,0.00078978
82.533333,0.00117340
82.550000,0.00095470
82.566667,0.00000000
82.583333,0.00021660
82.600000,0.00000000
82.616667,0.00000000
82.633333,0.00089853
82.650000,0.00040132
82.666667,0.00000000
82.683333,0.00000000
82.700000,0.00000000
82.716667,0.00003119
82.733333,0.00001983
82.750000,0.00000000
82.766667,0.00000000
82.783333,0.00000000
82.800000,0.00017910
82.816667,0.00000000
82.833333,0.00062311
82.850000,0.00007102
82.866667,0.00000000
82.883333,0.00021239
82.900000,0.00125912
82.916667,0.00012035
82.933333,0.00000000
82.950000,0.00000000
82.966667,0.00000000
82.983333,0.00000000
83.000000,0.00000000
83.016667,0.00000000
83.033333,0.00072833
83.050000,0.00005115
83.066667,0.00000000
83.083333,0.00000000
83.100000,0.00000000
83.116667,0.00000000
83.133333,0.00000000
83.150000,0.00000000
83.166667,0.00048831
83.183333,0.00009441
83.200000,0.00025609
83.216667,0.00087775
83.233333,0.00027620
83.250000,0.00113866
83.266667,0.00000000
83.283333,0.00055462
83.300000,0.00000000
83.316667,0.00000000
83.333333,0.00048911
83.350000,0.00000000
83.366667,0.00053710
83.383333,0.00000000
83.400000,0.00083346
83.416667,0.00170032
83.433333,0.00043620
83.450000,0.00010165
83.466667,0.00092048
83.483333,0.00000000
83.500000,0.00056454
83.516667,0.00000000
83.533333,0.00118320
83.550000,0.00000000
83.566667,0.00059423
83.583333,0.00000000
83.600000,0.00162548
83.616667,0.00105245
83.633333,0.00000000
83.650000,0.00000000
83.666667,0.00105524
83.683333,0.00000000
83.700000,0.00000000
83.716667,0.00013498
83.733333,0.00015076
83.750000,0.00199847
83.766667,0.00000000
83.783333,0.00074480
83.800000,0.00087765
83.816667,0.00000000
83.833333,0.00036617
83.850000,0.00000000
83.866667,0.00059268
83.883333,0.00022808
83.900000,0.00000000
83.916667,0.00000000
83.933333,0.00000000
83.950000,0.00092077
83.966667,0.00039393
83.983333,0.00067118
84.000000,0.00007683
84.016667,0.00000000
84.033333,0.00000000
84.050000,0.00000000
84.066667,0.00014110
84.083333,0.00013596
84.100000,0.00000000
84.116667,0.00000000
84.133333,0.00046713
84.150000,0.00000000
84.166667,0.00037582
84.183333,0.00000000
84.200000,0.00035343
84.216667,0.00004501
84.233333,0.00000000
84.250000,0.00000000
84.266667,0.00000000
84.283333,0.00000000
84.300000,0.00056327
84.316667,0.00125562
84.333333,0.00000000
84.350000,0.00000000
84.366667,0.00015582
84.383333,0.00000000
84.400000,0.00000000
84.416667,0.00000000
84.433333,0.00019591
84.450000,0.00012873
84.466667,0.00070974
84.483333,0.00096465
84.500000,0.00004219
84.516667,0.00013021
84.533333,0.00000000
84.550000,0.00036557
84.566667,0.00094649
84.583333,0.00000000
84.600000,0.00019585
84.616667,0.00102518
84.633333,0.00022634
84.650000,0.00000000
84.666667,0.00000000
84.683333,0.00007312
84.700000,0.00000000
84.716667,0.00063125
84.733333,0.00035173
84.750000,0.00000000
84.766667,0.00000000
84.783333,0.00129298
84.800000,0.00024680
84.816667,0.00000000
84.833333,0.00021428
84.850000,0.00171253
84.866667,0.00000000
84.883333,0.00137144
84.900000,0.00010730
84.916667,0.00000000
84.933333,0.00000000
84.950000,0.00000000
84.966667,0.00098626
84.983333,0.00000000
85.000000,0.00000000
85.016667,0.00000000
85.033333,0.00119337
85.050000,0.00000000
85.066667,0.00060027
85.083333,0.00000000
85.100000,0.00000000
85.116667,0.00000000
85.133333,0.00006235
85.150000,0.00016832
85.166667,0.00068489
85.183333,0.00085061
85.200000,0.00000000
85.216667,0.00136295
85.233333,0.00064960
85.250000,0.00036756
85.266667,0.00002380
85.283333,0.00000000
85.300000,0.00000000
85.316667,0.00000000
85.333333,0.00000000
85.350000,0.00070389
85.366667,0.00046946
85.383333,0.00000000
85.400000,0.00000000
85.416667,0.00000000
85.433333,0.00000000
85.450000,0.00000000
85.466667,0.00000000
85.483333,0.00000000
85.500000,0.00000000
85.516667,0.00000000
85.533333,0.00023006
85.550000,0.00000000
85.566667,0.00000000
85.583333,0.00000000
85.600000,0.00000000
85.616667,0.00005277
85.633333,0.00000000
85.650000,0.00030482
85.666667,0.00012509
85.683333,0.00047460
85.700000,0.00036727
85.716667,0.00058423
85.733333,0.00052216
85.750000,0.00000000
85.766667,0.00000000
85.783333,0.00010373
85.800000,0.00000000
85.816667,0.00148604
85.833333,0.00000000
85.850000,0.00074768
85.866667,0.00173044
85.883333,0.00020781
85.900000,0.00000000
85.916667,0.00000000
85.933333,0.00065604
85.950000,0.00000000
85.966667,0.00003887
85.983333,0.00030903
86.000000,0.00000000
86.016667,0.00000000
86.033333,0.00000000
86.050000,0.00000000
86.066667,0.00119293
86.083333,0.00106423
86.100000,0.00000000
86.116667,0.00000000
86.133333,0.00000000
86.150000,0.00000000
86.166667,0.00000000
86.183333,0.00029807
86.200000,0.00000000
86.216667,0.00000000
86.233333,0.00000000
86.250000,0.00000000
86.266667,0.00000000
86.283333,0.00095183
86.300000,0.00000000
86.316667,0.00005038
86.333333,0.00000000
86.350000,0.00000000
86.366667,0.00000000
86.383333,0.00000000
86.400000,0.00000000
86.416667,0.00000000
86.433333,0.00000000
86.450000,0.00000000
86.466667,0.00000000
86.483333,0.00000000
86.500000,0.00015761
86.516667,0.00000000
86.533333,0.00000000
86.550000,0.00069096
86.566667,0.00116074
86.583333,0.00000000
86.600000,0.00091296
86.616667,0.00002159
86.633333,0.00028762
86.650000,0.00056767
86.666667,0.00012662
86.683333,0.00000000
86.700000,0.00029373
86.716667,0.00000000
86.733333,0.00010011
86.750000,0.00096059
86.766667,0.00059032
86.783333,0.00061501
86.800000,0.00000000
86.816667,0.00000000
86.833333,0.00000000
86.850000,0.00050938
86.866667,0.00022411
86.883333,0.00094793
86.900000,0.00010916
86.916667,0.00011731
86.933333,0.00000000
86.950000,0.00000000
86.966667,0.00004553
86.983333,0.00052890
87.000000,0.00190566
87.016667,0.00000000
87.033333,0.00056714
87.050000,0.00000000
87.066667,0.00000000
87.083333,0.00130349
87.100000,0.00000000
87.116667,0.00096669
87.133333,0.00112495
87.150000,0.00001158
87.166667,0.00000000
87.183333,0.00017336
87.200000,0.00000000
87.216667,0.00000000
87.233333,0.00003690
87.250000,0.00000000
87.266667,0.00078317
87.283333,0.00000000
87.300000,0.00051319
87.316667,0.00067195
87.333333,0.00000000
87.350000,0.00000000
87.366667,0.00034823
87.383333,0.00000000
87.400000,0.00000000
87.416667,0.00103020
87.433333,0.00053725
87.450000,0.00000000
87.466667,0.00000000
87.483333,0.00049681
87.500000,0.00000000
87.516667,0.00145542
87.533333,0.00000000
87.550000,0.00028806
87.566667,0.00034839
87.583333,0.00021541
87.600000,0.00000000
87.616667,0.00000000
87.633333,0.00015584
87.650000,0.00081757
87.666667,0.00041132
87.683333,0.00000000
87.700000,0.00000000
87.716667,0.00000000
87.733333,0.00000000
87.750000,0.00000000
87.766667,0.00017215
87.783333,0.00000000
87.800000,0.00000000
87.816667,0.00077537
87.833333,0.00000000
87.850000,0.00128413
87.866667,0.00000000
87.883333,0.00000000
87.900000,0.00000000
87.916667,0.00044023
87.933333,0.00000000
87.950000,0.00061776
87.966667,0.00014287
87.983333,0.00000000
88.000000,0.00000000
88.016667,0.00000000
88.033333,0.00000000
88.050000,0.00000000
88.066667,0.00000000
88.083333,0.00011454
88.100000,0.00000000
88.116667,0.00063724
88.133333,0.00000000
88.150000,0.00000000
88.166667,0.00005260
88.183333,0.00069718
88.200000,0.00000000
88.216667,0.00075994
88.233333,0.00127761
88.250000,0.00000000
88.266667,0.00000000
88.283333,0.00000000
88.300000,0.00000000
88.316667,0.00000000
88.333333,0.00002411
88.350000,0.00000000
88.366667,0.00000000
88.383333,0.00000000
88.400000,0.00000000
88.416667,0.00000000
88.433333,0.00000000
88.450000,0.00048429
88.466667,0.00000000
88.483333,0.00000000
88.500000,0.00059474
88.516667,0.00000000
88.533333,0.00000000
88.550000,0.00043503
88.566667,0.00000000
88.583333,0.00000000
88.600000,0.00044190
88.616667,0.00000000
88.633333,0.00024463
88.650000,0.00013793
88.666667,0.00000000
88.683333,0.00076299
88.700000,0.00041646
88.716667,0.00000000
88.733333,0.00000000
88.750000,0.00000000
88.766667,0.00000000
88.783333,0.00038773
88.800000,0.00118670
88.816667,0.00033995
88.833333,0.00135719
88.850000,0.00000000
88.866667,0.00011260
88.883333,0.00000000
88.900000,0.00086461
88.916667,0.00013280
88.933333,0.00000000
88.950000,0.00000000
88.966667,0.00072497
88.983333,0.00000000
89.000000,0.00006979
89.016667,0.00000000
89.033333,0.00005485
89.050000,0.00012793
89.066667,0.00000000
89.083333,0.00056151
89.100000,0.00058372
89.116667,0.00000000
89.133333,0.00020638
89.150000,0.00020699
89.166667,0.00000000
89.183333,0.00000000
89.200000,0.00000000
89.216667,0.00027464
89.233333,0.00000000
89.250000,0.00031647
89.266667,0.00000000
89.283333,0.00000000
89.300000,0.00028056
89.316667,0.00008075
89.333333,0.00009175
89.350000,0.00003201
89.366667,0.00000000
89.383333,0.00000000
89.400000,0.00000000
89.416667,0.00045501
89.433333,0.00030396
89.450000,0.00000000
89.466667,0.00000000
89.483333,0.00000000
89.500000,0.00069874
89.516667,0.00046333
89.533333,0.00031952
89.550000,0.00110879
89.566667,0.00024760
89.583333,0.00000000
89.600000,0.00025581
89.616667,0.00000000
89.633333,0.00005148
89.650000,0.00047827
89.666667,0.00094746
89.683333,0.00000000
89.700000,0.00000000
89.716667,0.00060382
89.733333,0.00000000
89.750000,0.00056659
89.766667,0.00000000
89.783333,0.00087896
89.800000,0.00000000
89.816667,0.00092567
89.833333,0.00052306
89.850000,0.00021358
89.866667,0.00000000
89.883333,0.00038779
89.900000,0.00000000
89.916667,0.00041217
89.933333,0.00000000
89.950000,0.00016598
89.966667,0.00014323
89.983333,0.00039447
90.000000,0.00031668
90.016667,0.00000000
90.033333,0.00000000
90.050000,0.00090000
90.066667,0.00000000
90.083333,0.00004150
90.100000,0.00000000
90.116667,0.00000000
90.133333,0.00000000
90.150000,0.00111174
90.166667,0.00100722
90.183333,0.00025849
90.200000,0.00056306
90.216667,0.00000000
90.233333,0.00000000
90.250000,0.00058118
90.266667,0.00000000
90.283333,0.00038427
90.300000,0.00079763
90.316667,0.00000000
90.333333,0.00057204
90.350000,0.00060359
90.366667,0.00107613
90.383333,0.00000000
90.400000,0.00067656
90.416667,0.00000000
90.433333,0.00000000
90.450000,0.00000000
90.466667,0.00000000
90.483333,0.00058914
90.500000,0.00006383
90.516667,0.00075861
90.533333,0.00100562
90.550000,0.00000000
90.566667,0.00026372
90.583333,0.00029964
90.600000,0.00000000
90.616667,0.00000000
90.633333,0.00000000
90.650000,0.00181233
90.666667,0.00000000
90.683333,0.00000000
90.700000,0.00000000
90.716667,0.00030370
90.733333,0.00030225
90.750000,0.00025570
90.766667,0.00000000
90.783333,0.00032512
90.800000,0.00000000
90.816667,0.00101967
90.833333,0.00000000
90.850000,0.00057290
90.866667,0.00021797
90.883333,0.00017973
90.900000,0.00118523
90.916667,0.00067828
90.933333,0.00084700
90.950000,0.00037806
90.966667,0.00000000
90.983333,0.00013127
91.000000,0.00000000
91.016667,0.00016467
91.033333,0.00010744
91.050000,0.00000000
91.066667,0.00000000
91.083333,0.00000000
91.100000,0.00000000
91.116667,0.00037254
91.133333,0.00000000
91.150000,0.00000000
91.166667,0.00060222
91.183333,0.00018312
91.200000,0.00014946
91.216667,0.00000000
91.233333,0.00012158
91.250000,0.00000000
91.266667,0.00066335
91.283333,0.00069645
91.300000,0.00000000
91.316667,0.00000000
91.333333,0.00065594
91.350000,0.00000000
91.366667,0.00000000
91.383333,0.00012577
91.400000,0.00000000
91.416667,0.00000000
91.433333,0.00099914
91.450000,0.00000000
91.466667,0.00000000
91.483333,0.00000000
91.500000,0.00141890
91.516667,0.00000000
91.533333,0.00000000
91.550000,0.00092561
91.566667,0.00000000
91.583333,0.00000000
91.600000,0.00006263
91.616667,0.00000000
91.633333,0.00035842
91.650000,0.00008661
91.666667,0.00000000
91.683333,0.00054142
91.700000,0.00066794
91.716667,0.00037834
91.733333,0.00000000
91.750000,0.00000000
91.766667,0.00034578
91.783333,0.00000000
91.800000,0.00044188
91.816667,0.00092494
91.833333,0.00000000
91.850000,0.00121179
91.866667,0.00058790
91.883333,0.00000000
91.900000,0.00000724
91.916667,0.00000000
91.933333,0.00072757
91.950000,0.00000000
91.966667,0.00000000
91.983333,0.00036818
92.000000,0.00000000
92.016667,0.00000000
92.033333,0.00000000
92.050000,0.00000000
92.066667,0.00089909
92.083333,0.00000000
92.100000,0.00000000
92.116667,0.00000000
92.133333,0.00000000
92.150000,0.00002465
92.166667,0.00063526
92.183333,0.00000000
92.200000,0.00031570
92.216667,0.00114704
92.233333,0.00000000
92.250000,0.00001169
92.266667,0.00045810
92.283333,0.00000000
92.300000,0.00000000
92.316667,0.00012028
92.333333,0.00000000
92.350000,0.00000000
92.366667,0.00000000
92.383333,0.00000000
92.400000,0.00004536
92.416667,0.00000000
92.433333,0.00043686
92.450000,0.00000000
92.466667,0.00067103
92.483333,0.00021095
92.500000,0.00000000
92.516667,0.00053759
92.533333,0.00000000
92.550000,0.00000000
92.566667,0.00013528
92.583333,0.00000000
92.600000,0.00033903
92.616667,0.00000000
92.633333,0.00098194
92.650000,0.00027227
92.666667,0.00043876
92.683333,0.00070077
92.700000,0.00061195
92.716667,0.00000000
92.733333,0.00049142
92.750000,0.00012275
92.766667,0.00029855
92.783333,0.00000000
92.800000,0.00059023
92.816667,0.00000000
92.833333,0.00000000
92.850000,0.00000000
92.866667,0.00052407
92.883333,0.00056544
92.900000,0.00000000
92.916667,0.00046391
92.933333,0.00000000
92.950000,0.00038077
92.966667,0.00031174
92.983333,0.00000000
93.000000,0.00051224
93.016667,0.00000000
93.033333,0.00000000
93.050000,0.00038731
93.066667,0.00000000
93.083333,0.00000000
93.100000,0.00000000
93.116667,0.00047005
93.133333,0.00084040
93.150000,0.00000000
93.166667,0.00000000
93.183333,0.00038274
93.200000,0.00087161
93.216667,0.00000000
93.233333,0.00064550
93.250000,0.00153770
93.266667,0.00000000
93.283333,0.00025710
93.300000,0.00044063
93.316667,0.00053609
93.333333,0.00000000
93.350000,0.00034767
93.366667,0.00022127
93.383333,0.00041414
93.400000,0.00000000
93.416667,0.00000000
93.433333,0.00121898
93.450000,0.00000000
93.466667,0.00052301
93.483333,0.00112572
93.500000,0.00000000
93.516667,0.00006119
93.533333,0.00000000
93.550000,0.00000000
93.566667,0.00000000
93.583333,0.00000000
93.600000,0.00018052
93.616667,0.00010244
93.633333,0.00109605
93.650000,0.00039479
93.666667,0.00053812
93.683333,0.00000000
93.700000,0.00008810
93.716667,0.00013154
93.733333,0.00000000
93.750000,0.00088779
93.766667,0.00074305
93.783333,0.00126064
93.800000,0.00071365
93.816667,0.00000000
93.833333,0.00000000
93.850000,0.00000000
93.866667,0.00000000
93.883333,0.00123775
93.900000,0.00002212
93.916667,0.00056734
93.933333,0.00014585
93.950000,0.00000000
93.966667,0.00000000
93.983333,0.00000000
94.000000,0.00037320
94.016667,0.00132782
94.033333,0.00000000
94.050000,0.00039819
94.066667,0.00000000
94.083333,0.00004329
94.100000,0.00068348
94.116667,0.00046451
94.133333,0.00058349
94.150000,0.00080119
94.166667,0.00052526
94.183333,0.00000000
94.200000,0.00000000
94.216667,0.00000000
94.233333,0.00000000
94.250000,0.00070231
94.266667,0.00097159
94.283333,0.00005405
94.300000,0.00000000
94.316667,0.00000000
94.333333,0.00000000
94.350000,0.00000000
94.366667,0.00000000
94.383333,0.00124044
94.400000,0.00000000
94.416667,0.00000000
94.433333,0.00000000
94.450000,0.00058488
94.466667,0.00055688
94.483333,0.00000000
94.500000,0.00000000
94.516667,0.00000000
94.533333,0.00000000
94.550000,0.00000000
94.566667,0.00000000
94.583333,0.00000000
94.600000,0.00040126
94.616667,0.00008961
94.633333,0.00000000
94.650000,0.00091926
94.666667,0.00002244
94.683333,0.00081215
94.700000,0.00066227
94.716667,0.00000000
94.733333,0.00098631
94.750000,0.00000000
94.766667,0.00005949
94.783333,0.00046070
94.800000,0.00000000
94.816667,0.00000000
94.833333,0.00000000
94.850000,0.00000000
94.866667,0.00000000
94.883333,0.00075717
94.900000,0.00052629
94.916667,0.00105643
94.933333,0.00000000
94.950000,0.00099144
94.966667,0.00009086
94.983333,0.00000000
95.000000,0.00028024
95.016667,0.00103778
95.033333,0.00061373
95.050000,0.00000000
95.066667,0.00000000
95.083333,0.00026801
95.100000,0.00037038
95.116667,0.00000000
95.133333,0.00093777
95.150000,0.00064211
95.166667,0.00000000
95.183333,0.00000000
95.200000,0.00000000
95.216667,0.00000000
95.233333,0.00050373
95.250000,0.00000000
95.266667,0.00000000
95.283333,0.00000000
95.300000,0.00000000
95.316667,0.00049507
95.333333,0.00000345
95.350000,0.00000000
95.366667,0.00000000
95.383333,0.00000000
95.400000,0.00079913
95.416667,0.00020667
95.433333,0.00000000
95.450000,0.00031080
95.466667,0.00000289
95.483333,0.00020415
95.500000,0.00000000
95.516667,0.00044866
95.533333,0.00000000
95.550000,0.00000000
95.566667,0.00000000
95.583333,0.00133317
95.600000,0.00070798
95.616667,0.00000000
95.633333,0.00021803
95.650000,0.00009989
95.666667,0.00061961
95.683333,0.00000000
95.700000,0.00032676
95.716667,0.00000000
95.733333,0.00000000
95.750000,0.00071197
95.766667,0.00000000
95.783333,0.00103879
95.800000,0.00000000
95.816667,0.00084919
95.833333,0.00000314
95.850000,0.00000000
95.866667,0.00000000
95.883333,0.00183720
95.900000,0.00031226
95.916667,0.00020560
95.933333,0.00033823
95.950000,0.00000000
95.966667,0.00045747
95.983333,0.00000000
96.000000,0.00041685
96.016667,0.00000000
96.033333,0.00000000
96.050000,0.00000000
96.066667,0.00069010
96.083333,0.00073286
96.100000,0.00014761
96.116667,0.00000000
96.133333,0.00142651
96.150000,0.00000000
96.166667,0.00087528
96.183333,0.00024644
96.200000,0.00000000
96.216667,0.00002078
96.233333,0.00037578
96.250000,0.00000000
96.266667,0.00000000
96.283333,0.00027301
96.300000,0.00000000
96.316667,0.00000000
96.333333,0.00039447
96.350000,0.00100432
96.366667,0.00074219
96.383333,0.00000000
96.400000,0.00080132
96.416667,0.00048514
96.433333,0.00000000
96.450000,0.00073606
96.466667,0.00000000
96.483333,0.00090566
96.500000,0.00042506
96.516667,0.00084561
96.533333,0.00000000
96.550000,0.00027663
96.566667,0.00002272
96.583333,0.00057568
96.600000,0.00027473
96.616667,0.00000000
96.633333,0.00000000
96.650000,0.00139242
96.666667,0.00074093
96.683333,0.00027331
96.700000,0.00000000
96.716667,0.00000000
96.733333,0.00000000
96.750000,0.00000000
96.766667,0.00000000
96.783333,0.00000000
96.800000,0.00000000
96.816667,0.00097335
96.833333,0.00000000
96.850000,0.00071155
96.866667,0.00023187
96.883333,0.00025262
96.900000,0.00000000
96.916667,0.00000000
96.933333,0.00000000
96.950000,0.00033417
96.966667,0.00020507
96.983333,0.00000000
97.000000,0.00089291
97.016667,0.00000000
97.033333,0.00000000
97.050000,0.00014398
97.066667,0.00000000
97.083333,0.00000000
97.100000,0.00000000
97.116667,0.00074537
97.133333,0.00035260
97.150000,0.00003841
97.166667,0.00112658
97.183333,0.00000000
97.200000,0.00000000
97.216667,0.00000000
97.233333,0.00000000
97.250000,0.00054708
97.266667,0.00000000
97.283333,0.00113704
97.300000,0.00000000
97.316667,0.00000000
97.333333,0.00067588
97.350000,0.00017141
97.366667,0.00111687
97.383333,0.00151276
97.400000,0.00063146
97.416667,0.00079526
97.433333,0.00010667
97.450000,0.00010618
97.466667,0.00064499
97.483333,0.00000000
97.500000,0.00000000
97.516667,0.00000000
97.533333,0.00000000
97.550000,0.00000000
97.566667,0.00000000
97.583333,0.00037076
97.600000,0.00027306
97.616667,0.00000000
97.633333,0.00000000
97.650000,0.00081852
97.666667,0.00033452
97.683333,0.00000000
97.700000,0.00034152
97.716667,0.00000000
97.733333,0.00000000
97.750000,0.00028484
97.766667,0.00000000
97.783333,0.00000000
97.800000,0.00012189
97.816667,0.00010596
97.833333,0.00000000
97.850000,0.00031933
97.866667,0.00027193
97.883333,0.00104958
97.900000,0.00000000
97.916667,0.00029134
97.933333,0.00011954
97.950000,0.00103331
97.966667,0.00021639
97.983333,0.00059687
98.000000,0.00000000
98.016667,0.00000000
98.033333,0.00000000
98.050000,0.00000000
98.066667,0.00064883
98.083333,0.00025323
98.100000,0.00000000
98.116667,0.00000000
98.133333,0.00000000
98.150000,0.00000000
98.166667,0.00077261
98.183333,0.00058388
98.200000,0.00064708
98.216667,0.00024207
98.233333,0.00034764
98.250000,0.00000000
98.266667,0.00032126
98.283333,0.00065124
98.300000,0.00050710
98.316667,0.00000000
98.333333,0.00003009
98.350000,0.00158500
98.366667,0.00030423
98.383333,0.00004771
98.400000,0.00018762
98.416667,0.00000000
98.433333,0.00011184
98.450000,0.00000000
98.466667,0.00000000
98.483333,0.00000000
98.500000,0.00065815
98.516667,0.00000000
98.533333,0.00060753
98.550000,0.00042609
98.566667,0.00074777
98.583333,0.00006760
98.600000,0.00004748
98.616667,0.00000000
98.633333,0.00000000
98.650000,0.00034367
98.666667,0.00000000
98.683333,0.00000000
98.700000,0.00000000
98.716667,0.00000000
98.733333,0.00000000
98.750000,0.00090096
98.766667,0.00139063
98.783333,0.00013586
98.800000,0.00000000
98.816667,0.00000000
98.833333,0.00000000
98.850000,0.00078761
98.866667,0.00025022
98.883333,0.00000000
98.900000,0.00051245
98.916667,0.00000000
98.933333,0.00021317
98.950000,0.00000000
98.966667,0.00045791
98.983333,0.00000000
99.000000,0.00000000
99.016667,0.00000000
99.033333,0.00066805
99.050000,0.00058027
99.066667,0.00024375
99.083333,0.00000000
99.100000,0.00060500
99.116667,0.00132685
99.133333,0.00000000
99.150000,0.00013833
99.166667,0.00000000
99.183333,0.00000000
99.200000,0.00085548
99.216667,0.00028987
99.233333,0.00000920
99.250000,0.00000000
99.266667,0.00026781
99.283333,0.00055968
99.300000,0.00000000
99.316667,0.00014789
99.333333,0.00014529
99.350000,0.00031920
99.366667,0.00045576
99.383333,0.00109712
99.400000,0.00039428
99.416667,0.00000000
99.433333,0.00096727
99.450000,0.00000000
99.466667,0.00038499
99.483333,0.00011034
99.500000,0.00057641
99.516667,0.00000000
99.533333,0.00031268
99.550000,0.00094651
99.566667,0.00060818
99.583333,0.00000000
99.600000,0.00000000
99.616667,0.00000000
99.633333,0.00000000
99.650000,0.00039587
99.666667,0.00029063
99.683333,0.00000798
99.700000,0.00039761
99.716667,0.00052400
99.733333,0.00000000
99.750000,0.00000000
99.766667,0.00000000
99.783333,0.00058002
99.800000,0.00000000
99.816667,0.00092332
99.833333,0.00050877
99.850000,0.00034780
99.866667,0.00000000
99.883333,0.00000000
99.900000,0.00091587
99.916667,0.00000000
99.933333,0.00000000
99.950000,0.00000000
99.966667,0.00000000
99.983333,0.00000000
100.000000,0.00000000
