time_min,signal
0.000000,0.00056471
0.016667,0.00000000
0.033333,0.00000000
0.050000,0.00024525
0.066667,0.00035121
0.083333,0.00000000
0.100000,0.00020044
0.116667,0.00000000
0.133333,0.00000000
0.150000,0.00000000
0.166667,0.00000000
0.183333,0.00016291
0.200000,0.00165691
0.216667,0.00001268
0.233333,0.00029414
0.250000,0.00000000
0.266667,0.00000000
0.283333,0.00000000
0.300000,0.00139004
0.316667,0.00000000
0.333333,0.00000000
0.350000,0.00030175
0.366667,0.00017417
0.383333,0.00080759
0.400000,0.00098208
0.416667,0.00000000
0.433333,0.00000000
0.450000,0.00000000
0.466667,0.00000000
0.483333,0.00049327
0.500000,0.00000000
0.516667,0.00020311
0.533333,0.00000000
0.550000,0.00000000
0.566667,0.00000000
0.583333,0.00000000
0.600000,0.00000000
0.616667,0.00000000
0.633333,0.00064188
0.650000,0.00000000
0.666667,0.00000000
0.683333,0.00064994
0.700000,0.00042894
0.716667,0.00074598
0.733333,0.00000000
0.750000,0.00000000
0.766667,0.00000000
0.783333,0.00000000
0.800000,0.00000000
0.816667,0.00000000
0.833333,0.00005414
0.850000,0.00000000
0.866667,0.00075249
0.883333,0.00015293
0.900000,0.00000000
0.916667,0.00000000
0.933333,0.00016435
0.950000,0.00094011
0.966667,0.00000000
0.983333,0.00000000
1.000000,0.00063448
1.016667,0.00077891
1.033333,0.00000000
1.050000,0.00110087
1.066667,0.00020538
1.083333,0.00023989
1.100000,0.00060482
1.116667,0.00045092
1.133333,0.00002181
1.150000,0.00013757
1.166667,0.00001145
1.183333,0.00000000
1.200000,0.00008508
1.216667,0.00000000
1.233333,0.00003407
1.250000,0.00068504
1.266667,0.00068469
1.283333,0.00000000
1.300000,0.00108688
1.316667,0.00000000
1.333333,0.00109254
1.350000,0.00000000
1.366667,0.00000000
1.383333,0.00000000
1.400000,0.00000000
1.416667,0.00106624
1.433333,0.00048131
1.450000,0.00000000
1.466667,0.00022656
1.483333,0.00176398
1.500000,0.00057094
1.516667,0.00000000
1.533333,0.00000000
1.550000,0.00009591
1.566667,0.00056802
1.583333,0.00014426
1.600000,0.00011898
1.616667,0.00000000
1.633333,0.00000000
1.650000,0.00000000
1.666667,0.00031042
1.683333,0.00000000
1.700000,0.00000000
1.716667,0.00000000
1.733333,0.00000000
1.750000,0.00003108
1.766667,0.00004155
1.783333,0.00070410
1.800000,0.00000000
1.816667,0.00000000
1.833333,0.00000000
1.850000,0.00014709
1.866667,0.00045004
1.883333,0.00000000
1.900000,0.00000000
1.916667,0.00088976
1.933333,0.00052498
1.950000,0.00000000
1.966667,0.00090192
1.983333,0.00000000
2.000000,0.00135792
2.016667,0.00000000
2.033333,0.00000000
2.050000,0.00076868
2.066667,0.00000000
2.083333,0.00000000
2.100000,0.00070898
2.116667,0.00059821
2.133333,0.00000000
2.150000,0.00000000
2.166667,0.00000000
2.183333,0.00000000
2.200000,0.00000000
2.216667,0.00000000
2.233333,0.00000000
2.250000,0.00000000
2.266667,0.00059746
2.283333,0.00000000
2.300000,0.00000000
2.316667,0.00027640
2.333333,0.00000000
2.350000,0.00000000
2.366667,0.00016861
2.383333,0.00027523
2.400000,0.00078432
2.416667,0.00000000
2.433333,0.00000000
2.450000,0.00000000
2.466667,0.00000000
2.483333,0.00000000
2.500000,0.00005802
2.516667,0.00111036
2.533333,0.00007930
2.550000,0.00046389
2.566667,0.00000000
2.583333,0.00000000
2.600000,0.00000000
2.616667,0.00078355
2.633333,0.00124328
2.650000,0.00187120
2.666667,0.00262609
2.683333,0.00504161
2.700000,0.00701964
2.716667,0.01103542
2.733333,0.01606958
2.750000,0.02180712
2.766667,0.02724822
2.783333,0.03373796
2.800000,0.03891721
2.816667,0.04273103
2.833333,0.04329929
2.850000,0.04344004
2.866667,0.04240371
2.883333,0.03840938
2.900000,0.03435621
2.916667,0.02678310
2.933333,0.02064616
2.950000,0.01409551
2.966667,0.01036137
2.983333,0.00647852
3.000000,0.00558580
3.016667,0.00185486
3.033333,0.00271711
3.050000,0.00067914
3.066667,0.00132135
3.083333,0.00160189
3.100000,0.00041409
3.116667,0.00028039
3.133333,0.00002144
3.150000,0.00063276
3.166667,0.00034949
3.183333,0.00000000
3.200000,0.00000000
3.216667,0.00051029
3.233333,0.00000000
3.250000,0.00047878
3.266667,0.00000000
3.283333,0.00000000
3.300000,0.00047661
3.316667,0.00016948
3.333333,0.00000000
3.350000,0.00000000
3.366667,0.00002915
3.383333,0.00015962
3.400000,0.00000000
3.416667,0.00000000
3.433333,0.00000000
3.450000,0.00000000
3.466667,0.00000000
3.483333,0.00098182
3.500000,0.00007772
3.516667,0.00030093
3.533333,0.00000000
3.550000,0.00000000
3.566667,0.00006635
3.583333,0.00000000
3.600000,0.00000000
3.616667,0.00013858
3.633333,0.00090361
3.650000,0.00000000
3.666667,0.00104274
3.683333,0.00000000
3.700000,0.00023418
3.716667,0.00000000
3.733333,0.00048348
3.750000,0.00000000
3.766667,0.00000000
3.783333,0.00060302
3.800000,0.00000000
3.816667,0.00000000
3.833333,0.00000000
3.850000,0.00034109
3.866667,0.00000000
3.883333,0.00000000
3.900000,0.00000000
3.916667,0.00059462
3.933333,0.00000000
3.950000,0.00048332
3.966667,0.00000000
3.983333,0.00045474
4.000000,0.00034455
4.016667,0.00120026
4.033333,0.00081255
4.050000,0.00000000
4.066667,0.00000000
4.083333,0.00000000
4.100000,0.00032550
4.116667,0.00000000
4.133333,0.00000000
4.150000,0.00068522
4.166667,0.00000000
4.183333,0.00002113
4.200000,0.00046611
4.216667,0.00082453
4.233333,0.00122825
4.250000,0.00098173
4.266667,0.00000000
4.283333,0.00000000
4.300000,0.00061859
4.316667,0.00000000
4.333333,0.00000000
4.350000,0.00000000
4.366667,0.00000000
4.383333,0.00000000
4.400000,0.00000000
4.416667,0.00048282
4.433333,0.00000000
4.450000,0.00021759
4.466667,0.00072316
4.483333,0.00048673
4.500000,0.00044023
4.516667,0.00068518
4.533333,0.00000000
4.550000,0.00000000
4.566667,0.00028116
4.583333,0.00000000
4.600000,0.00000000
4.616667,0.00157461
4.633333,0.00000000
4.650000,0.00000000
4.666667,0.00057249
4.683333,0.00055191
4.700000,0.00000000
4.716667,0.00026496
4.733333,0.00086902
4.750000,0.00000000
4.766667,0.00000000
4.783333,0.00000000
4.800000,0.00000308
4.816667,0.00108533
4.833333,0.00000000
4.850000,0.00154506
4.866667,0.00000000
4.883333,0.00000000
4.900000,0.00000000
4.916667,0.00044541
4.933333,0.00000000
4.950000,0.00043605
4.966667,0.00000000
4.983333,0.00029964
5.000000,0.00033581
5.016667,0.00026496
5.033333,0.00000000
5.050000,0.00000000
5.066667,0.00000000
5.083333,0.00000000
5.100000,0.00018442
5.116667,0.00000000
5.133333,0.00109045
5.150000,0.00000000
5.166667,0.00000000
5.183333,0.00000000
5.200000,0.00000000
5.216667,0.00000000
5.233333,0.00000000
5.250000,0.00057042
5.266667,0.00050781
5.283333,0.00000000
5.300000,0.00000000
5.316667,0.00005232
5.333333,0.00007524
5.350000,0.00068476
5.366667,0.00000000
5.383333,0.00050191
5.400000,0.00000000
5.416667,0.00000000
5.433333,0.00034432
5.450000,0.00000000
5.466667,0.00169659
5.483333,0.00000000
5.500000,0.00000000
5.516667,0.00051964
5.533333,0.00042004
5.550000,0.00121291
5.566667,0.00034603
5.583333,0.00016744
5.600000,0.00000000
5.616667,0.00070904
5.633333,0.00000000
5.650000,0.00001347
5.666667,0.00000000
5.683333,0.00057697
5.700000,0.00037196
5.716667,0.00000000
5.733333,0.00051067
5.750000,0.00000000
5.766667,0.00000000
5.783333,0.00000000
5.800000,0.00000000
5.816667,0.00000000
5.833333,0.00000000
5.850000,0.00120205
5.866667,0.00000000
5.883333,0.00037497
5.900000,0.00000000
5.916667,0.00000000
5.933333,0.00000000
5.950000,0.00000000
5.966667,0.00000000
5.983333,0.00000000
6.000000,0.00000000
6.016667,0.00000000
6.033333,0.00000000
6.050000,0.00000000
6.066667,0.00000000
6.083333,0.00000000
6.100000,0.00014711
6.116667,0.00000000
6.133333,0.00006456
6.150000,0.00026778
6.166667,0.00000000
6.183333,0.00168536
6.200000,0.00000000
6.216667,0.00139213
6.233333,0.00000000
6.250000,0.00003863
6.266667,0.00005321
6.283333,0.00041711
6.300000,0.00058035
6.316667,0.00000000
6.333333,0.00015172
6.350000,0.00129782
6.366667,0.00000000
6.383333,0.00004476
6.400000,0.00000000
6.416667,0.00000000
6.433333,0.00000000
6.450000,0.00000000
6.466667,0.00013616
6.483333,0.00018834
6.500000,0.00029760
6.516667,0.00071141
6.533333,0.00065994
6.550000,0.00000000
6.566667,0.00000000
6.583333,0.00105028
6.600000,0.00000000
6.616667,0.00109842
6.633333,0.00000000
6.650000,0.00000000
6.666667,0.00000000
6.683333,0.00021689
6.700000,0.00000000
6.716667,0.00006453
6.733333,0.00075699
6.750000,0.00000000
6.766667,0.00156758
6.783333,0.00031113
6.800000,0.00000000
6.816667,0.00000000
6.833333,0.00029097
6.850000,0.00000000
6.866667,0.00000000
6.883333,0.00137222
6.900000,0.00038909
6.916667,0.00000000
6.933333,0.00000000
6.950000,0.00116931
6.966667,0.00000000
6.983333,0.00038016
7.000000,0.00000000
7.016667,0.00000000
7.033333,0.00000000
7.050000,0.00073502
7.066667,0.00073329
7.083333,0.00037125
7.100000,0.00000000
7.116667,0.00054395
7.133333,0.00000000
7.150000,0.00057813
7.166667,0.00000000
7.183333,0.00000000
7.200000,0.00000000
7.216667,0.00000000
7.233333,0.00000000
7.250000,0.00068391
7.266667,0.00000000
7.283333,0.00000000
7.300000,0.00000000
7.316667,0.00094708
7.333333,0.00000000
7.350000,0.00000000
7.366667,0.00000000
7.383333,0.00000000
7.400000,0.00082491
7.416667,0.00000000
7.433333,0.00130319
7.450000,0.00000000
7.466667,0.00000000
7.483333,0.00000000
7.500000,0.00000000
7.516667,0.00000000
7.533333,0.00000000
7.550000,0.00000000
7.566667,0.00020315
7.583333,0.00092747
7.600000,0.00075747
7.616667,0.00000000
7.633333,0.00045756
7.650000,0.00005560
7.666667,0.00041342
7.683333,0.00000000
7.700000,0.00000000
7.716667,0.00000000
7.733333,0.00000000
7.750000,0.00022230
7.766667,0.00000000
7.783333,0.00000000
7.800000,0.00000000
7.816667,0.00000000
7.833333,0.00000000
7.850000,0.00108418
7.866667,0.00000000
7.883333,0.00000000
7.900000,0.00000000
7.916667,0.00029250
7.933333,0.00024419
7.950000,0.00000000
7.966667,0.00113048
7.983333,0.00039278
8.000000,0.00036713
8.016667,0.00019411
8.033333,0.00050654
8.050000,0.00042880
8.066667,0.00032351
8.083333,0.00012675
8.100000,0.00035184
8.116667,0.00000000
8.133333,0.00061771
8.150000,0.00087432
8.166667,0.00021201
8.183333,0.00026064
8.200000,0.00000000
8.216667,0.00046104
8.233333,0.00053787
8.250000,0.00000000
8.266667,0.00000000
8.283333,0.00000000
8.300000,0.00000000
8.316667,0.00031769
8.333333,0.00097786
8.350000,0.00148773
8.366667,0.00079930
8.383333,0.00000000
8.400000,0.00089343
8.416667,0.00000000
8.433333,0.00066391
8.450000,0.00092186
8.466667,0.00025956
8.483333,0.00000000
8.500000,0.00006447
8.516667,0.00000000
8.533333,0.00161292
8.550000,0.00085962
8.566667,0.00026327
8.583333,0.00000000
8.600000,0.00000000
8.616667,0.00000000
8.633333,0.00000000
8.650000,0.00000000
8.666667,0.00000000
8.683333,0.00000000
8.700000,0.00000000
8.716667,0.00000000
8.733333,0.00015151
8.750000,0.00000000
8.766667,0.00021652
8.783333,0.00000000
8.800000,0.00000000
8.816667,0.00000000
8.833333,0.00000000
8.850000,0.00042652
8.866667,0.00000000
8.883333,0.00000000
8.900000,0.00000000
8.916667,0.00085221
8.933333,0.00000000
8.950000,0.00016796
8.966667,0.00021729
8.983333,0.00065113
9.000000,0.00014888
9.016667,0.00097566
9.033333,0.00000000
9.050000,0.00000000
9.066667,0.00015562
9.083333,0.00000000
9.100000,0.00000000
9.116667,0.00040287
9.133333,0.00073574
9.150000,0.00059217
9.166667,0.00000000
9.183333,0.00000000
9.200000,0.00000000
9.216667,0.00000000
9.233333,0.00000000
9.250000,0.00000000
9.266667,0.00000000
9.283333,0.00000000
9.300000,0.00000000
9.316667,0.00000000
9.333333,0.00000000
9.350000,0.00019930
9.366667,0.00006708
9.383333,0.00000000
9.400000,0.00000000
9.416667,0.00058239
9.433333,0.00000000
9.450000,0.00000000
9.466667,0.00070598
9.483333,0.00000000
9.500000,0.00000000
9.516667,0.00000000
9.533333,0.00110530
9.550000,0.00000000
9.566667,0.00000000
9.583333,0.00000000
9.600000,0.00000000
9.616667,0.00012996
9.633333,0.00000000
9.650000,0.00038058
9.666667,0.00000000
9.683333,0.00000000
9.700000,0.00000000
9.716667,0.00089875
9.733333,0.00053030
9.750000,0.00025384
9.766667,0.00000000
9.783333,0.00000000
9.800000,0.00000000
9.816667,0.00000000
9.833333,0.00172292
9.850000,0.00007665
9.866667,0.00000000
9.883333,0.00121138
9.900000,0.00000000
9.916667,0.00024772
9.933333,0.00000000
9.950000,0.00000000
9.966667,0.00000000
9.983333,0.00000000
10.000000,0.00046629
10.016667,0.00019853
10.033333,0.00000000
10.050000,0.00017922
10.066667,0.00037372
10.083333,0.00000000
10.100000,0.00000000
10.116667,0.00064021
10.133333,0.00039036
10.150000,0.00061514
10.166667,0.00002737
10.183333,0.00000000
10.200000,0.00039333
10.216667,0.00023690
10.233333,0.00000000
10.250000,0.00077038
10.266667,0.00000000
10.283333,0.00052891
10.300000,0.00000000
10.316667,0.00037412
10.333333,0.00000000
10.350000,0.00000000
10.366667,0.00000000
10.383333,0.00036474
10.400000,0.00004602
10.416667,0.00000000
10.433333,0.00124202
10.450000,0.00010031
10.466667,0.00000000
10.483333,0.00008659
10.500000,0.00016024
10.516667,0.00000000
10.533333,0.00114350
10.550000,0.00022359
10.566667,0.00000000
10.583333,0.00083594
10.600000,0.00000000
10.616667,0.00000000
10.633333,0.00000000
10.650000,0.00029775
10.666667,0.00000000
10.683333,0.00013803
10.700000,0.00000000
10.716667,0.00000000
10.733333,0.00052514
10.750000,0.00000000
10.766667,0.00031966
10.783333,0.00000000
10.800000,0.00000000
10.816667,0.00000000
10.833333,0.00042175
10.850000,0.00000000
10.866667,0.00000000
10.883333,0.00000000
10.900000,0.00000000
10.916667,0.00000000
10.933333,0.00049495
10.950000,0.00000000
10.966667,0.00000000
10.983333,0.00000000
11.000000,0.00038476
11.016667,0.00091163
11.033333,0.00000000
11.050000,0.00045705
11.066667,0.00000000
11.083333,0.00000000
11.100000,0.00000000
11.116667,0.00000000
11.133333,0.00011491
11.150000,0.00000000
11.166667,0.00000000
11.183333,0.00000000
11.200000,0.00000000
11.216667,0.00000000
11.233333,0.00106685
11.250000,0.00005422
11.266667,0.00000000
11.283333,0.00000000
11.300000,0.00000000
11.316667,0.00000000
11.333333,0.00050009
11.350000,0.00000000
11.366667,0.00000000
11.383333,0.00000000
11.400000,0.00078666
11.416667,0.00000000
11.433333,0.00061263
11.450000,0.00019299
11.466667,0.00000000
11.483333,0.00000000
11.500000,0.00105451
11.516667,0.00077783
11.533333,0.00000000
11.550000,0.00000000
11.566667,0.00056741
11.583333,0.00000000
11.600000,0.00000000
11.616667,0.00000000
11.633333,0.00000000
11.650000,0.00025305
11.666667,0.00031054
11.683333,0.00000000
11.700000,0.00085396
11.716667,0.00000000
11.733333,0.00021412
11.750000,0.00000000
11.766667,0.00015326
11.783333,0.00000000
11.800000,0.00112346
11.816667,0.00000000
11.833333,0.00000000
11.850000,0.00000000
11.866667,0.00043424
11.883333,0.00000000
11.900000,0.00020919
11.916667,0.00025758
11.933333,0.00101782
11.950000,0.00000000
11.966667,0.00000000
11.983333,0.00063764
12.000000,0.00000000
12.016667,0.00000000
12.033333,0.00000000
12.050000,0.00000000
12.066667,0.00003479
12.083333,0.00024579
12.100000,0.00000000
12.116667,0.00000000
12.133333,0.00000000
12.150000,0.00000000
12.166667,0.00078050
12.183333,0.00043245
12.200000,0.00000000
12.216667,0.00046387
12.233333,0.00000000
12.250000,0.00124574
12.266667,0.00000000
12.283333,0.00000000
12.300000,0.00064506
12.316667,0.00000000
12.333333,0.00057207
12.350000,0.00064347
12.366667,0.00022789
12.383333,0.00000000
12.400000,0.00000000
12.416667,0.00000000
12.433333,0.00088336
12.450000,0.00101991
12.466667,0.00000000
12.483333,0.00050938
12.500000,0.00000000
12.516667,0.00000000
12.533333,0.00013549
12.550000,0.00000000
12.566667,0.00091653
12.583333,0.00000000
12.600000,0.00054610
12.616667,0.00000000
12.633333,0.00000000
12.650000,0.00000000
12.666667,0.00054809
12.683333,0.00000000
12.700000,0.00066018
12.716667,0.00000000
12.733333,0.00000000
12.750000,0.00000000
12.766667,0.00000000
12.783333,0.00061852
12.800000,0.00000000
12.816667,0.00000000
12.833333,0.00055637
12.850000,0.00084572
12.866667,0.00000000
12.883333,0.00009870
12.900000,0.00000000
12.916667,0.00011152
12.933333,0.00000000
12.950000,0.00000000
12.966667,0.00000000
12.983333,0.00050257
13.000000,0.00090447
13.016667,0.00000000
13.033333,0.00117189
13.050000,0.00073604
13.066667,0.00078715
13.083333,0.00000000
13.100000,0.00000000
13.116667,0.00092166
13.133333,0.00000000
13.150000,0.00000000
13.166667,0.00000000
13.183333,0.00000000
13.200000,0.00000000
13.216667,0.00000000
13.233333,0.00101953
13.250000,0.00000000
13.266667,0.00025404
13.283333,0.00006392
13.300000,0.00025355
13.316667,0.00020028
13.333333,0.00000000
13.350000,0.00000000
13.366667,0.00049922
13.383333,0.00000000
13.400000,0.00023512
13.416667,0.00000000
13.433333,0.00068477
13.450000,0.00000000
13.466667,0.00008272
13.483333,0.00000000
13.500000,0.00000000
13.516667,0.00044203
13.533333,0.00093575
13.550000,0.00029715
13.566667,0.00000000
13.583333,0.00000000
13.600000,0.00000000
13.616667,0.00083835
13.633333,0.00000000
13.650000,0.00000000
13.666667,0.00151194
13.683333,0.00000000
13.700000,0.00000000
13.716667,0.00000000
13.733333,0.00000000
13.750000,0.00000000
13.766667,0.00000000
13.783333,0.00088353
13.800000,0.00000000
13.816667,0.00058863
13.833333,0.00009920
13.850000,0.00080558
13.866667,0.00057453
13.883333,0.00000000
13.900000,0.00029919
13.916667,0.00099165
13.933333,0.00000000
13.950000,0.00000000
13.966667,0.00000000
13.983333,0.00000000
14.000000,0.00000000
14.016667,0.00000000
14.033333,0.00048486
14.050000,0.00020152
14.066667,0.00020941
14.083333,0.00051551
14.100000,0.00000000
14.116667,0.00000000
14.133333,0.00087300
14.150000,0.00061845
14.166667,0.00010233
14.183333,0.00000000
14.200000,0.00065967
14.216667,0.00054508
14.233333,0.00000000
14.250000,0.00039597
14.266667,0.00064169
14.283333,0.00129674
14.300000,0.00076381
14.316667,0.00000000
14.333333,0.00000000
14.350000,0.00117385
14.366667,0.00092616
14.383333,0.00012725
14.400000,0.00041158
14.416667,0.00044637
14.433333,0.00067335
14.450000,0.00000000
14.466667,0.00000536
14.483333,0.00000000
14.500000,0.00000000
14.516667,0.00029857
14.533333,0.00000000
14.550000,0.00013063
14.566667,0.00052747
14.583333,0.00005594
14.600000,0.00014950
14.616667,0.00000000
14.633333,0.00045041
14.650000,0.00000000
14.666667,0.00000000
14.683333,0.00030049
14.700000,0.00007673
14.716667,0.00030066
14.733333,0.00042404
14.750000,0.00000000
14.766667,0.00014800
14.783333,0.00011005
14.800000,0.00000000
14.816667,0.00158134
14.833333,0.00000000
14.850000,0.00098724
14.866667,0.00000000
14.883333,0.00058354
14.900000,0.00000000
14.916667,0.00016854
14.933333,0.00040467
14.950000,0.00000000
14.966667,0.00081800
14.983333,0.00000000
15.000000,0.00087539
15.016667,0.00015899
15.033333,0.00000000
15.050000,0.00000000
15.066667,0.00004721
15.083333,0.00158977
15.100000,0.00052139
15.116667,0.00000000
15.133333,0.00000000
15.150000,0.00161211
15.166667,0.00052904
15.183333,0.00000000
15.200000,0.00000000
15.216667,0.00000000
15.233333,0.00016209
15.250000,0.00000000
15.266667,0.00014023
15.283333,0.00017857
15.300000,0.00040663
15.316667,0.00000000
15.333333,0.00000000
15.350000,0.00013638
15.366667,0.00000000
15.383333,0.00000000
15.400000,0.00140775
15.416667,0.00010298
15.433333,0.00033498
15.450000,0.00022344
15.466667,0.00000000
15.483333,0.00001328
15.500000,0.00000000
15.516667,0.00103204
15.533333,0.00000000
15.550000,0.00000000
15.566667,0.00084643
15.583333,0.00000000
15.600000,0.00023121
15.616667,0.00000000
15.633333,0.00000000
15.650000,0.00000000
15.666667,0.00000000
15.683333,0.00000000
15.700000,0.00036597
15.716667,0.00000000
15.733333,0.00000000
15.750000,0.00000000
15.766667,0.00000000
15.783333,0.00000000
15.800000,0.00000000
15.816667,0.00001099
15.833333,0.00000000
15.850000,0.00000000
15.866667,0.00095356
15.883333,0.00000000
15.900000,0.00000000
15.916667,0.00000000
15.933333,0.00000000
15.950000,0.00030853
15.966667,0.00044778
15.983333,0.00014482
16.000000,0.00000000
16.016667,0.00011689
16.033333,0.00036917
16.050000,0.00000000
16.066667,0.00000000
16.083333,0.00020234
16.100000,0.00171537
16.116667,0.00002159
16.133333,0.00000000
16.150000,0.00000000
16.166667,0.00000000
16.183333,0.00000000
16.200000,0.00042327
16.216667,0.00000000
16.233333,0.00000000
16.250000,0.00000000
16.266667,0.00037409
16.283333,0.00010010
16.300000,0.00000000
16.316667,0.00000000
16.333333,0.00079701
16.350000,0.00009638
16.366667,0.00055072
16.383333,0.00000000
16.400000,0.00000000
16.416667,0.00038452
16.433333,0.00023106
16.450000,0.00000000
16.466667,0.00021529
16.483333,0.00000000
16.500000,0.00000000
16.516667,0.00000000
16.533333,0.00007779
16.550000,0.00108307
16.566667,0.00000000
16.583333,0.00000000
16.600000,0.00039531
16.616667,0.00075813
16.633333,0.00000000
16.650000,0.00116325
16.666667,0.00027145
16.683333,0.00000000
16.700000,0.00097823
16.716667,0.00000000
16.733333,0.00039938
16.750000,0.00000000
16.766667,0.00066129
16.783333,0.00000000
16.800000,0.00112571
16.816667,0.00043153
16.833333,0.00019598
16.850000,0.00021291
16.866667,0.00000000
16.883333,0.00000000
16.900000,0.00000000
16.916667,0.00000000
16.933333,0.00023173
16.950000,0.00000000
16.966667,0.00030481
16.983333,0.00000000
17.000000,0.00000000
17.016667,0.00030195
17.033333,0.00072955
17.050000,0.00000000
17.066667,0.00000000
17.083333,0.00053954
17.100000,0.00000000
17.116667,0.00110103
17.133333,0.00000000
17.150000,0.00114442
17.166667,0.00000000
17.183333,0.00000000
17.200000,0.00000000
17.216667,0.00083390
17.233333,0.00000000
17.250000,0.00048796
17.266667,0.00040788
17.283333,0.00088597
17.300000,0.00049092
17.316667,0.00003174
17.333333,0.00115477
17.350000,0.00000000
17.366667,0.00000000
17.383333,0.00059221
17.400000,0.00000000
17.416667,0.00020620
17.433333,0.00108124
17.450000,0.00000000
17.466667,0.00019208
17.483333,0.00088434
17.500000,0.00062678
17.516667,0.00000000
17.533333,0.00000000
17.550000,0.00000000
17.566667,0.00000000
17.583333,0.00015525
17.600000,0.00073075
17.616667,0.00000000
17.633333,0.00004076
17.650000,0.00000000
17.666667,0.00000000
17.683333,0.00013151
17.700000,0.00000000
17.716667,0.00000000
17.733333,0.00032963
17.750000,0.00115390
17.766667,0.00016383
17.783333,0.00210647
17.800000,0.00128418
17.816667,0.00022847
17.833333,0.00056930
17.850000,0.00000000
17.866667,0.00000000
17.883333,0.00000000
17.900000,0.00053483
17.916667,0.00000916
17.933333,0.00000000
17.950000,0.00067214
17.966667,0.00004296
17.983333,0.00048085
18.000000,0.00056342
18.016667,0.00084459
18.033333,0.00009897
18.050000,0.00000000
18.066667,0.00000000
18.083333,0.00174264
18.100000,0.00000000
18.116667,0.00000000
18.133333,0.00000000
18.150000,0.00000000
18.166667,0.00000000
18.183333,0.00000000
18.200000,0.00003330
18.216667,0.00020799
18.233333,0.00000000
18.250000,0.00000000
18.266667,0.00000000
18.283333,0.00030115
18.300000,0.00000000
18.316667,0.00000000
18.333333,0.00000000
18.350000,0.00000000
18.366667,0.00030372
18.383333,0.00044794
18.400000,0.00000000
18.416667,0.00000000
18.433333,0.00000000
18.450000,0.00041123
18.466667,0.00000000
18.483333,0.00000000
18.500000,0.00017831
18.516667,0.00003725
18.533333,0.00062204
18.550000,0.00075131
18.566667,0.00000000
18.583333,0.00002769
18.600000,0.00065371
18.616667,0.00000000
18.633333,0.00000000
18.650000,0.00035137
18.666667,0.00000000
18.683333,0.00000000
18.700000,0.00003045
18.716667,0.00000000
18.733333,0.00038946
18.750000,0.00000000
18.766667,0.00006642
18.783333,0.00058579
18.800000,0.00045212
18.816667,0.00000000
18.833333,0.00000000
18.850000,0.00090370
18.866667,0.00000000
18.883333,0.00013476
18.900000,0.00000000
18.916667,0.00015775
18.933333,0.00000000
18.950000,0.00000000
18.966667,0.00000000
18.983333,0.00012848
19.000000,0.00000000
19.016667,0.00000000
19.033333,0.00000000
19.050000,0.00000000
19.066667,0.00003892
19.083333,0.00000000
19.100000,0.00000000
19.116667,0.00000000
19.133333,0.00000000
19.150000,0.00000000
19.166667,0.00015804
19.183333,0.00000000
19.200000,0.00000000
19.216667,0.00000000
19.233333,0.00000000
19.250000,0.00102766
19.266667,0.00000000
19.283333,0.00020982
19.300000,0.00000000
19.316667,0.00016015
19.333333,0.00000000
19.350000,0.00000000
19.366667,0.00000000
19.383333,0.00026260
19.400000,0.00034620
19.416667,0.00000000
19.433333,0.00000000
19.450000,0.00026287
19.466667,0.00036810
19.483333,0.00000000
19.500000,0.00000000
19.516667,0.00000000
19.533333,0.00033624
19.550000,0.00000000
19.566667,0.00015553
19.583333,0.00004776
19.600000,0.00000000
19.616667,0.00042495
19.633333,0.00000000
19.650000,0.00000000
19.666667,0.00000000
19.683333,0.00030852
19.700000,0.00055028
19.716667,0.00000000
19.733333,0.00000000
19.750000,0.00045238
19.766667,0.00003967
19.783333,0.00000000
19.800000,0.00048806
19.816667,0.00149370
19.833333,0.00006102
19.850000,0.00057241
19.866667,0.00084532
19.883333,0.00000000
19.900000,0.00000000
19.916667,0.00000000
19.933333,0.00031307
19.950000,0.00058680
19.966667,0.00000000
19.983333,0.00000000
20.000000,0.00000000
20.016667,0.00000000
20.033333,0.00000000
20.050000,0.00000000
20.066667,0.00000000
20.083333,0.00000000
20.100000,0.00035973
20.116667,0.00000000
20.133333,0.00000000
20.150000,0.00000000
20.166667,0.00052398
20.183333,0.00044476
20.200000,0.00000000
20.216667,0.00053983
20.233333,0.00043621
20.250000,0.00000000
20.266667,0.00000000
20.283333,0.00022005
20.300000,0.00000000
20.316667,0.00035566
20.333333,0.00014560
20.350000,0.00043459
20.366667,0.00061262
20.383333,0.00000000
20.400000,0.00021317
20.416667,0.00007237
20.433333,0.00013758
20.450000,0.00102444
20.466667,0.00041717
20.483333,0.00000000
20.500000,0.00000000
20.516667,0.00044904
20.533333,0.00047556
20.550000,0.00089049
20.566667,0.00046368
20.583333,0.00000000
20.600000,0.00000000
20.616667,0.00091064
20.633333,0.00000000
20.650000,0.00000000
20.666667,0.00000000
20.683333,0.00098833
20.700000,0.00000000
20.716667,0.00019584
20.733333,0.00000000
20.750000,0.00037689
20.766667,0.00072534
20.783333,0.00000000
20.800000,0.00000000
20.816667,0.00000000
20.833333,0.00064062
20.850000,0.00018109
20.866667,0.00100201
20.883333,0.00000000
20.900000,0.00148688
20.916667,0.00000000
20.933333,0.00098128
20.950000,0.00008305
20.966667,0.00138734
20.983333,0.00000000
21.000000,0.00000000
21.016667,0.00000000
21.033333,0.00000000
21.050000,0.00025885
21.066667,0.00014463
21.083333,0.00123851
21.100000,0.00000000
21.116667,0.00049646
21.133333,0.00000000
21.150000,0.00064734
21.166667,0.00000000
21.183333,0.00058625
21.200000,0.00055148
21.216667,0.00051930
21.233333,0.00038125
21.250000,0.00000000
21.266667,0.00000000
21.283333,0.00000000
21.300000,0.00000000
21.316667,0.00000000
21.333333,0.00000000
21.350000,0.00061440
21.366667,0.00000000
21.383333,0.00000000
21.400000,0.00000000
21.416667,0.00000000
21.433333,0.00000000
21.450000,0.00019934
21.466667,0.00000000
21.483333,0.00025161
21.500000,0.00075148
21.516667,0.00047150
21.533333,0.00027865
21.550000,0.00006807
21.566667,0.00046819
21.583333,0.00000000
21.600000,0.00000000
21.616667,0.00069649
21.633333,0.00006636
21.650000,0.00133739
21.666667,0.00029979
21.683333,0.00050062
21.700000,0.00049867
21.716667,0.00039911
21.733333,0.00052304
21.750000,0.00000000
21.766667,0.00052357
21.783333,0.00000000
21.800000,0.00143721
21.816667,0.00000000
21.833333,0.00131371
21.850000,0.00000000
21.866667,0.00059481
21.883333,0.00079977
21.900000,0.00079778
21.916667,0.00000000
21.933333,0.00000000
21.950000,0.00055619
21.966667,0.00000000
21.983333,0.00041966
22.000000,0.00000000
22.016667,0.00000000
22.033333,0.00000000
22.050000,0.00000000
22.066667,0.00000000
22.083333,0.00000000
22.100000,0.00007269
22.116667,0.00112413
22.133333,0.00095289
22.150000,0.00000000
22.166667,0.00091003
22.183333,0.00000000
22.200000,0.00000000
22.216667,0.00080766
22.233333,0.00000000
22.250000,0.00000000
22.266667,0.00008500
22.283333,0.00066007
22.300000,0.00024217
22.316667,0.00016310
22.333333,0.00000000
22.350000,0.00000000
22.366667,0.00000000
22.383333,0.00056756
22.400000,0.00015041
22.416667,0.00000000
22.433333,0.00000000
22.450000,0.00000000
22.466667,0.00000000
22.483333,0.00000000
22.500000,0.00000000
22.516667,0.00105542
22.533333,0.00004494
22.550000,0.00000000
22.566667,0.00000000
22.583333,0.00203934
22.600000,0.00000000
22.616667,0.00020860
22.633333,0.00064416
22.650000,0.00000000
22.666667,0.00078672
22.683333,0.00000000
22.700000,0.00083512
22.716667,0.00082791
22.733333,0.00000000
22.750000,0.00002193
22.766667,0.00099369
22.783333,0.00000000
22.800000,0.00000000
22.816667,0.00000000
22.833333,0.00000000
22.850000,0.00043192
22.866667,0.00099961
22.883333,0.00000000
22.900000,0.00000000
22.916667,0.00000000
22.933333,0.00072432
22.950000,0.00000000
22.966667,0.00001107
22.983333,0.00000000
23.000000,0.00000000
23.016667,0.00055428
23.033333,0.00029977
23.050000,0.00000000
23.066667,0.00000000
23.083333,0.00031635
23.100000,0.00075645
23.116667,0.00000000
23.133333,0.00000000
23.150000,0.00079322
23.166667,0.00019913
23.183333,0.00134461
23.200000,0.00000000
23.216667,0.00103153
23.233333,0.00110069
23.250000,0.00000000
23.266667,0.00000000
23.283333,0.00000000
23.300000,0.00034337
23.316667,0.00000000
23.333333,0.00000000
23.350000,0.00073067
23.366667,0.00003203
23.383333,0.00000506
23.400000,0.00079844
23.416667,0.00051261
23.433333,0.00000000
23.450000,0.00085299
23.466667,0.00000250
23.483333,0.00076530
23.500000,0.00085635
23.516667,0.00013626
23.533333,0.00049539
23.550000,0.00000000
23.566667,0.00000000
23.583333,0.00000000
23.600000,0.00061366
23.616667,0.00008119
23.633333,0.00005759
23.650000,0.00000000
23.666667,0.00000000
23.683333,0.00000000
23.700000,0.00000000
23.716667,0.00000000
23.733333,0.00119010
23.750000,0.00000000
23.766667,0.00000000
23.783333,0.00119849
23.800000,0.00000000
23.816667,0.00053072
23.833333,0.00000000
23.850000,0.00000000
23.866667,0.00055546
23.883333,0.00079285
23.900000,0.00025308
23.916667,0.00094550
23.933333,0.00007483
23.950000,0.00096321
23.966667,0.00101460
23.983333,0.00000000
24.000000,0.00072853
24.016667,0.00113027
24.033333,0.00000000
24.050000,0.00000000
24.066667,0.00000434
24.083333,0.00016142
24.100000,0.00062846
24.116667,0.00109253
24.133333,0.00012392
24.150000,0.00000000
24.166667,0.00000000
24.183333,0.00086385
24.200000,0.00000000
24.216667,0.00000000
24.233333,0.00000171
24.250000,0.00000000
24.266667,0.00044218
24.283333,0.00010388
24.300000,0.00117081
24.316667,0.00000000
24.333333,0.00000000
24.350000,0.00000000
24.366667,0.00000000
24.383333,0.00076147
24.400000,0.00000000
24.416667,0.00000000
24.433333,0.00000000
24.450000,0.00000000
24.466667,0.00071748
24.483333,0.00030649
24.500000,0.00000000
24.516667,0.00024890
24.533333,0.00000000
24.550000,0.00043693
24.566667,0.00061588
24.583333,0.00000000
24.600000,0.00000000
24.616667,0.00000000
24.633333,0.00090466
24.650000,0.00000000
24.666667,0.00098316
24.683333,0.00001669
24.700000,0.00051316
24.716667,0.00000000
24.733333,0.00040551
24.750000,0.00010867
24.766667,0.00000000
24.783333,0.00001775
24.800000,0.00000000
24.816667,0.00077114
24.833333,0.00000000
24.850000,0.00083279
24.866667,0.00000000
24.883333,0.00151789
24.900000,0.00055907
24.916667,0.00093170
24.933333,0.00000000
24.950000,0.00109448
24.966667,0.00210559
24.983333,0.00000000
25.000000,0.00000000
25.016667,0.00071064
25.033333,0.00000000
25.050000,0.00000000
25.066667,0.00000000
25.083333,0.00000000
25.100000,0.00011363
25.116667,0.00104907
25.133333,0.00000000
25.150000,0.00020743
25.166667,0.00000000
25.183333,0.00000000
25.200000,0.00000000
25.216667,0.00018626
25.233333,0.00000000
25.250000,0.00019505
25.266667,0.00000000
25.283333,0.00000000
25.300000,0.00021866
25.316667,0.00038613
25.333333,0.00128665
25.350000,0.00000000
25.366667,0.00065601
25.383333,0.00000000
25.400000,0.00000000
25.416667,0.00000000
25.433333,0.00000000
25.450000,0.00022320
25.466667,0.00014261
25.483333,0.00000000
25.500000,0.00077360
25.516667,0.00000000
25.533333,0.00020399
25.550000,0.00043860
25.566667,0.00000000
25.583333,0.00087815
25.600000,0.00000000
25.616667,0.00000000
25.633333,0.00000000
25.650000,0.00079762
25.666667,0.00000000
25.683333,0.00098720
25.700000,0.00000000
25.716667,0.00000000
25.733333,0.00000000
25.750000,0.00151288
25.766667,0.00000000
25.783333,0.00078337
25.800000,0.00000000
25.816667,0.00104598
25.833333,0.00000000
25.850000,0.00108240
25.866667,0.00000000
25.883333,0.00000000
25.900000,0.00117729
25.916667,0.00000000
25.933333,0.00027797
25.950000,0.00000000
25.966667,0.00000000
25.983333,0.00030892
26.000000,0.00000000
26.016667,0.00000000
26.033333,0.00054455
26.050000,0.00124288
26.066667,0.00000000
26.083333,0.00084787
26.100000,0.00000904
26.116667,0.00000000
26.133333,0.00030911
26.150000,0.00069400
26.166667,0.00000000
26.183333,0.00000000
26.200000,0.00027749
26.216667,0.00000000
26.233333,0.00000000
26.250000,0.00000000
26.266667,0.00000000
26.283333,0.00000000
26.300000,0.00003490
26.316667,0.00075408
26.333333,0.00000000
26.350000,0.00000000
26.366667,0.00000000
26.383333,0.00000000
26.400000,0.00001392
26.416667,0.00000000
26.433333,0.00030570
26.450000,0.00000000
26.466667,0.00121038
26.483333,0.00031711
26.500000,0.00000000
26.516667,0.00000000
26.533333,0.00011628
26.550000,0.00000000
26.566667,0.00065663
26.583333,0.00057124
26.600000,0.00000000
26.616667,0.00038104
26.633333,0.00082294
26.650000,0.00000000
26.666667,0.00014367
26.683333,0.00044183
26.700000,0.00000000
26.716667,0.00000000
26.733333,0.00016495
26.750000,0.00000000
26.766667,0.00005026
26.783333,0.00006789
26.800000,0.00000000
26.816667,0.00016828
26.833333,0.00000000
26.850000,0.00117626
26.866667,0.00000000
26.883333,0.00000000
26.900000,0.00000000
26.916667,0.00000000
26.933333,0.00028898
26.950000,0.00051887
26.966667,0.00000000
26.983333,0.00000000
27.000000,0.00016047
27.016667,0.00005244
27.033333,0.00091713
27.050000,0.00032213
27.066667,0.00005093
27.083333,0.00035497
27.100000,0.00014098
27.116667,0.00055007
27.133333,0.00000000
27.150000,0.00000000
27.166667,0.00043446
27.183333,0.00094432
27.200000,0.00072252
27.216667,0.00115650
27.233333,0.00000000
27.250000,0.00000000
27.266667,0.00000000
27.283333,0.00000000
27.300000,0.00053800
27.316667,0.00012569
27.333333,0.00000000
27.350000,0.00000000
27.366667,0.00000000
27.383333,0.00048765
27.400000,0.00006872
27.416667,0.00071751
27.433333,0.00042745
27.450000,0.00008936
27.466667,0.00144169
27.483333,0.00008141
27.500000,0.00000000
27.516667,0.00000000
27.533333,0.00000000
27.550000,0.00000000
27.566667,0.00083817
27.583333,0.00147749
27.600000,0.00038892
27.616667,0.00022282
27.633333,0.00000000
27.650000,0.00000000
27.666667,0.00000000
27.683333,0.00066952
27.700000,0.00000000
27.716667,0.00000000
27.733333,0.00000000
27.750000,0.00000000
27.766667,0.00091414
27.783333,0.00024506
27.800000,0.00000000
27.816667,0.00000000
27.833333,0.00008134
27.850000,0.00000000
27.866667,0.00045477
27.883333,0.00001616
27.900000,0.00065073
27.916667,0.00000000
27.933333,0.00000000
27.950000,0.00000000
27.966667,0.00000000
27.983333,0.00000000
28.000000,0.00000000
28.016667,0.00000000
28.033333,0.00005518
28.050000,0.00000000
28.066667,0.00105978
28.083333,0.00000000
28.100000,0.00112141
28.116667,0.00035271
28.133333,0.00037006
28.150000,0.00006397
28.166667,0.00063901
28.183333,0.00024617
28.200000,0.00052138
28.216667,0.00062214
28.233333,0.00000000
28.250000,0.00052153
28.266667,0.00029020
28.283333,0.00079918
28.300000,0.00003232
28.316667,0.00000000
28.333333,0.00020119
28.350000,0.00061686
28.366667,0.00000000
28.383333,0.00056804
28.400000,0.00000000
28.416667,0.00034224
28.433333,0.00000000
28.450000,0.00014981
28.466667,0.00033055
28.483333,0.00000000
28.500000,0.00000000
28.516667,0.00032359
28.533333,0.00059797
28.550000,0.00024198
28.566667,0.00000000
28.583333,0.00000000
28.600000,0.00000000
28.616667,0.00051953
28.633333,0.00000000
28.650000,0.00128342
28.666667,0.00000000
28.683333,0.00138911
28.700000,0.00060735
28.716667,0.00000000
28.733333,0.00011863
28.750000,0.00051065
28.766667,0.00000000
28.783333,0.00146116
28.800000,0.00000000
28.816667,0.00120985
28.833333,0.00000000
28.850000,0.00049983
28.866667,0.00010588
28.883333,0.00000000
28.900000,0.00017004
28.916667,0.00030794
28.933333,0.00000000
28.950000,0.00000000
28.966667,0.00000000
28.983333,0.00000000
29.000000,0.00000000
29.016667,0.00111690
29.033333,0.00000000
29.050000,0.00000000
29.066667,0.00000000
29.083333,0.00000000
29.100000,0.00000000
29.116667,0.00000000
29.133333,0.00119204
29.150000,0.00094096
29.166667,0.00064225
29.183333,0.00095654
29.200000,0.00015862
29.216667,0.00021483
29.233333,0.00000000
29.250000,0.00000000
29.266667,0.00060935
29.283333,0.00000000
29.300000,0.00000000
29.316667,0.00000000
29.333333,0.00000000
29.350000,0.00057260
29.366667,0.00000000
29.383333,0.00000000
29.400000,0.00022525
29.416667,0.00000000
29.433333,0.00003066
29.450000,0.00091875
29.466667,0.00056342
29.483333,0.00082776
29.500000,0.00018735
29.516667,0.00000000
29.533333,0.00000000
29.550000,0.00001842
29.566667,0.00000000
29.583333,0.00000000
29.600000,0.00073426
29.616667,0.00138885
29.633333,0.00000000
29.650000,0.00046013
29.666667,0.00095802
29.683333,0.00072452
29.700000,0.00017410
29.716667,0.00000000
29.733333,0.00000000
29.750000,0.00000000
29.766667,0.00000000
29.783333,0.00000000
29.800000,0.00067903
29.816667,0.00000000
29.833333,0.00146985
29.850000,0.00070982
29.866667,0.00029901
29.883333,0.00103500
29.900000,0.00018863
29.916667,0.00103066
29.933333,0.00000000
29.950000,0.00000000
29.966667,0.00000000
29.983333,0.00074085
30.000000,0.00052017
30.016667,0.00000000
30.033333,0.00019153
30.050000,0.00090199
30.066667,0.00041835
30.083333,0.00136545
30.100000,0.00041403
30.116667,0.00017934
30.133333,0.00000000
30.150000,0.00010625
30.166667,0.00000000
30.183333,0.00073733
30.200000,0.00000000
30.216667,0.00000000
30.233333,0.00030037
30.250000,0.00095056
30.266667,0.00000000
30.283333,0.00046236
30.300000,0.00067253
30.316667,0.00106859
30.333333,0.00000000
30.350000,0.00000000
30.366667,0.00024181
30.383333,0.00039306
30.400000,0.00024323
30.416667,0.00064490
30.433333,0.00000000
30.450000,0.00068020
30.466667,0.00000000
30.483333,0.00160295
30.500000,0.00000000
30.516667,0.00135506
30.533333,0.00054512
30.550000,0.00046139
30.566667,0.00004789
30.583333,0.00000000
30.600000,0.00000000
30.616667,0.00010615
30.633333,0.00000000
30.650000,0.00000000
30.666667,0.00000000
30.683333,0.00090432
30.700000,0.00076207
30.716667,0.00052539
30.733333,0.00015577
30.750000,0.00065065
30.766667,0.00000000
30.783333,0.00043934
30.800000,0.00069462
30.816667,0.00077339
30.833333,0.00000000
30.850000,0.00018530
30.866667,0.00000000
30.883333,0.00000000
30.900000,0.00076071
30.916667,0.00000000
30.933333,0.00000000
30.950000,0.00000000
30.966667,0.00069109
30.983333,0.00075003
31.000000,0.00000000
31.016667,0.00000000
31.033333,0.00060294
31.050000,0.00100234
31.066667,0.00000000
31.083333,0.00000000
31.100000,0.00031948
31.116667,0.00000000
31.133333,0.00021931
31.150000,0.00000000
31.166667,0.00000000
31.183333,0.00000000
31.200000,0.00000000
31.216667,0.00015959
31.233333,0.00000000
31.250000,0.00015865
31.266667,0.00013280
31.283333,0.00044039
31.300000,0.00076926
31.316667,0.00000000
31.333333,0.00000000
31.350000,0.00000000
31.366667,0.00013407
31.383333,0.00000000
31.400000,0.00115495
31.416667,0.00138319
31.433333,0.00000000
31.450000,0.00000000
31.466667,0.00008726
31.483333,0.00019340
31.500000,0.00071959
31.516667,0.00007189
31.533333,0.00000000
31.550000,0.00000000
31.566667,0.00007793
31.583333,0.00000000
31.600000,0.00033189
31.616667,0.00036204
31.633333,0.00000000
31.650000,0.00000000
31.666667,0.00107394
31.683333,0.00025224
31.700000,0.00000000
31.716667,0.00056457
31.733333,0.00012203
31.750000,0.00000000
31.766667,0.00000000
31.783333,0.00000000
31.800000,0.00000000
31.816667,0.00048921
31.833333,0.00000000
31.850000,0.00000000
31.866667,0.00000000
31.883333,0.00000000
31.900000,0.00000000
31.916667,0.00085744
31.933333,0.00000000
31.950000,0.00083718
31.966667,0.00056358
31.983333,0.00063206
32.000000,0.00000000
32.016667,0.00001574
32.033333,0.00110386
32.050000,0.00062327
32.066667,0.00026689
32.083333,0.00000000
32.100000,0.00000000
32.116667,0.00120471
32.133333,0.00091843
32.150000,0.00007606
32.166667,0.00084927
32.183333,0.00014012
32.200000,0.00009073
32.216667,0.00000000
32.233333,0.00024492
32.250000,0.00000000
32.266667,0.00116836
32.283333,0.00052699
32.300000,0.00047176
32.316667,0.00012211
32.333333,0.00000000
32.350000,0.00024750
32.366667,0.00000000
32.383333,0.00048304
32.400000,0.00000000
32.416667,0.00074513
32.433333,0.00005777
32.450000,0.00100746
32.466667,0.00000000
32.483333,0.00000000
32.500000,0.00012619
32.516667,0.00000000
32.533333,0.00086950
32.550000,0.00017110
32.566667,0.00000000
32.583333,0.00046898
32.600000,0.00001162
32.616667,0.00035611
32.633333,0.00000000
32.650000,0.00029666
32.666667,0.00000000
32.683333,0.00030636
32.700000,0.00047112
32.716667,0.00000000
32.733333,0.00000000
32.750000,0.00000000
32.766667,0.00044801
32.783333,0.00000000
32.800000,0.00000000
32.816667,0.00026028
32.833333,0.00000000
32.850000,0.00107117
32.866667,0.00044438
32.883333,0.00000000
32.900000,0.00000000
32.916667,0.00078090
32.933333,0.00025887
32.950000,0.00000000
32.966667,0.00000000
32.983333,0.00015892
33.000000,0.00000000
33.016667,0.00010631
33.033333,0.00000000
33.050000,0.00181469
33.066667,0.00019210
33.083333,0.00000000
33.100000,0.00011093
33.116667,0.00000000
33.133333,0.00011378
33.150000,0.00004813
33.166667,0.00000000
33.183333,0.00015762
33.200000,0.00000000
33.216667,0.00017648
33.233333,0.00000000
33.250000,0.00052189
33.266667,0.00000000
33.283333,0.00000000
33.300000,0.00000000
33.316667,0.00032385
33.333333,0.00037133
33.350000,0.00090491
33.366667,0.00000000
33.383333,0.00000000
33.400000,0.00000000
33.416667,0.00000000
33.433333,0.00000000
33.450000,0.00000000
33.466667,0.00000000
33.483333,0.00000000
33.500000,0.00029035
33.516667,0.00004237
33.533333,0.00000000
33.550000,0.00103668
33.566667,0.00025459
33.583333,0.00000000
33.600000,0.00000000
33.616667,0.00036651
33.633333,0.00000000
33.650000,0.00025583
33.666667,0.00049014
33.683333,0.00081740
33.700000,0.00021450
33.716667,0.00000000
33.733333,0.00034300
33.750000,0.00011291
33.766667,0.00000000
33.783333,0.00000000
33.800000,0.00000000
33.816667,0.00000000
33.833333,0.00042697
33.850000,0.00118733
33.866667,0.00091702
33.883333,0.00028099
33.900000,0.00000000
33.916667,0.00011740
33.933333,0.00049658
33.950000,0.00000000
33.966667,0.00050646
33.983333,0.00053500
34.000000,0.00000000
34.016667,0.00110372
34.033333,0.00000000
34.050000,0.00000000
34.066667,0.00012345
34.083333,0.00000000
34.100000,0.00000000
34.116667,0.00044883
34.133333,0.00013656
34.150000,0.00001620
34.166667,0.00000000
34.183333,0.00004057
34.200000,0.00017972
34.216667,0.00000000
34.233333,0.00008970
34.250000,0.00000000
34.266667,0.00000000
34.283333,0.00025010
34.300000,0.00000000
34.316667,0.00000000
34.333333,0.00088796
34.350000,0.00065840
34.366667,0.00068104
34.383333,0.00000000
34.400000,0.00000000
34.416667,0.00000000
34.433333,0.00000000
34.450000,0.00050643
34.466667,0.00000000
34.483333,0.00019316
34.500000,0.00044554
34.516667,0.00000000
34.533333,0.00095161
34.550000,0.00099720
34.566667,0.00093236
34.583333,0.00026976
34.600000,0.00031055
34.616667,0.00000000
34.633333,0.00000000
34.650000,0.00128554
34.666667,0.00149191
34.683333,0.00121839
34.700000,0.00081948
34.716667,0.00022053
34.733333,0.00021886
34.750000,0.00101564
34.766667,0.00000000
34.783333,0.00035402
34.800000,0.00189884
34.816667,0.00003117
34.833333,0.00009242
34.850000,0.00000000
34.866667,0.00022225
34.883333,0.00174974
34.900000,0.00000000
34.916667,0.00000000
34.933333,0.00040239
34.950000,0.00122814
34.966667,0.00017198
34.983333,0.00000000
35.000000,0.00009647
35.016667,0.00000000
35.033333,0.00000000
35.050000,0.00013168
35.066667,0.00000000
35.083333,0.00000000
35.100000,0.00012469
35.116667,0.00000000
35.133333,0.00000000
35.150000,0.00044373
35.166667,0.00060941
35.183333,0.00114156
35.200000,0.00040358
35.216667,0.00000000
35.233333,0.00013757
35.250000,0.00000000
35.266667,0.00000000
35.283333,0.00028378
35.300000,0.00000000
35.316667,0.00000000
35.333333,0.00000000
35.350000,0.00000000
35.366667,0.00000000
35.383333,0.00000000
35.400000,0.00116364
35.416667,0.00000000
35.433333,0.00075764
35.450000,0.00000000
35.466667,0.00036714
35.483333,0.00052152
35.500000,0.00000000
35.516667,0.00000000
35.533333,0.00000000
35.550000,0.00101616
35.566667,0.00097994
35.583333,0.00056095
35.600000,0.00000000
35.616667,0.00060473
35.633333,0.00000000
35.650000,0.00091754
35.666667,0.00000000
35.683333,0.00000000
35.700000,0.00000000
35.716667,0.00000000
35.733333,0.00000000
35.750000,0.00000000
35.766667,0.00000000
35.783333,0.00000000
35.800000,0.00000000
35.816667,0.00008160
35.833333,0.00000000
35.850000,0.00000000
35.866667,0.00000000
35.883333,0.00000000
35.900000,0.00000000
35.916667,0.00000000
35.933333,0.00000000
35.950000,0.00023007
35.966667,0.00000000
35.983333,0.00000000
36.000000,0.00071833
36.016667,0.00090891
36.033333,0.00016841
36.050000,0.00038883
36.066667,0.00000000
36.083333,0.00000000
36.100000,0.00008874
36.116667,0.00000000
36.133333,0.00000000
36.150000,0.00019471
36.166667,0.00000000
36.183333,0.00000171
36.200000,0.00000000
36.216667,0.00000000
36.233333,0.00066399
36.250000,0.00000000
36.266667,0.00000000
36.283333,0.00040724
36.300000,0.00105714
36.316667,0.00013878
36.333333,0.00000000
36.350000,0.00007575
36.366667,0.00097230
36.383333,0.00084791
36.400000,0.00000000
36.416667,0.00000000
36.433333,0.00000000
36.450000,0.00000000
36.466667,0.00000000
36.483333,0.00007160
36.500000,0.00000000
36.516667,0.00022296
36.533333,0.00041069
36.550000,0.00008973
36.566667,0.00122729
36.583333,0.00028580
36.600000,0.00050203
36.616667,0.00068239
36.633333,0.00044884
36.650000,0.00001053
36.666667,0.00000000
36.683333,0.00000000
36.700000,0.00000000
36.716667,0.00000000
36.733333,0.00041528
36.750000,0.00000000
36.766667,0.00073305
36.783333,0.00082910
36.800000,0.00025187
36.816667,0.00000000
36.833333,0.00000000
36.850000,0.00002812
36.866667,0.00097487
36.883333,0.00000000
36.900000,0.00000000
36.916667,0.00038928
36.933333,0.00000000
36.950000,0.00000000
36.966667,0.00000000
36.983333,0.00000000
37.000000,0.00000000
37.016667,0.00013603
37.033333,0.00077780
37.050000,0.00000000
37.066667,0.00008466
37.083333,0.00011720
37.100000,0.00083468
37.116667,0.00000000
37.133333,0.00000000
37.150000,0.00000000
37.166667,0.00000000
37.183333,0.00000000
37.200000,0.00113283
37.216667,0.00000000
37.233333,0.00000000
37.250000,0.00000000
37.266667,0.00000000
37.283333,0.00041486
37.300000,0.00000000
37.316667,0.00000000
37.333333,0.00095285
37.350000,0.00000000
37.366667,0.00000000
37.383333,0.00000000
37.400000,0.00040552
37.416667,0.00022631
37.433333,0.00028462
37.450000,0.00108887
37.466667,0.00000000
37.483333,0.00000000
37.500000,0.00010163
37.516667,0.00000000
37.533333,0.00019837
37.550000,0.00076420
37.566667,0.00000000
37.583333,0.00000000
37.600000,0.00000000
37.616667,0.00000000
37.633333,0.00000000
37.650000,0.00000000
37.666667,0.00061856
37.683333,0.00076882
37.700000,0.00000000
37.716667,0.00064605
37.733333,0.00000000
37.750000,0.00065707
37.766667,0.00019330
37.783333,0.00085134
37.800000,0.00023333
37.816667,0.00000000
37.833333,0.00000000
37.850000,0.00000000
37.866667,0.00000000
37.883333,0.00031496
37.900000,0.00105296
37.916667,0.00041007
37.933333,0.00050074
37.950000,0.00000000
37.966667,0.00066111
37.983333,0.00000000
38.000000,0.00012515
38.016667,0.00145349
38.033333,0.00020772
38.050000,0.00000000
38.066667,0.00000000
38.083333,0.00000000
38.100000,0.00000000
38.116667,0.00000000
38.133333,0.00000000
38.150000,0.00039830
38.166667,0.00035750
38.183333,0.00000000
38.200000,0.00088515
38.216667,0.00000000
38.233333,0.00141360
38.250000,0.00014051
38.266667,0.00024994
38.283333,0.00056217
38.300000,0.00000000
38.316667,0.00095521
38.333333,0.00033681
38.350000,0.00000000
38.366667,0.00023223
38.383333,0.00137495
38.400000,0.00000000
38.416667,0.00000000
38.433333,0.00000000
38.450000,0.00000000
38.466667,0.00000000
38.483333,0.00000000
38.500000,0.00000000
38.516667,0.00136249
38.533333,0.00043671
38.550000,0.00081830
38.566667,0.00000000
38.583333,0.00029517
38.600000,0.00026141
38.616667,0.00000000
38.633333,0.00000000
38.650000,0.00034314
38.666667,0.00131961
38.683333,0.00002347
38.700000,0.00074344
38.716667,0.00003210
38.733333,0.00039287
38.750000,0.00027748
38.766667,0.00000000
38.783333,0.00000000
38.800000,0.00109206
38.816667,0.00000000
38.833333,0.00000000
38.850000,0.00000000
38.866667,0.00000000
38.883333,0.00114601
38.900000,0.00129821
38.916667,0.00000000
38.933333,0.00000000
38.950000,0.00033277
38.966667,0.00000000
38.983333,0.00090409
39.000000,0.00023705
39.016667,0.00000000
39.033333,0.00000000
39.050000,0.00059834
39.066667,0.00040105
39.083333,0.00000000
39.100000,0.00000000
39.116667,0.00000000
39.133333,0.00005925
39.150000,0.00011020
39.166667,0.00184863
39.183333,0.00069688
39.200000,0.00040412
39.216667,0.00051842
39.233333,0.00000000
39.250000,0.00000000
39.266667,0.00000000
39.283333,0.00007848
39.300000,0.00141479
39.316667,0.00000000
39.333333,0.00000000
39.350000,0.00006418
39.366667,0.00017572
39.383333,0.00000000
39.400000,0.00000000
39.416667,0.00000000
39.433333,0.00046230
39.450000,0.00013729
39.466667,0.00083933
39.483333,0.00000000
39.500000,0.00000000
39.516667,0.00041883
39.533333,0.00001171
39.550000,0.00000000
39.566667,0.00033862
39.583333,0.00077512
39.600000,0.00008095
39.616667,0.00000000
39.633333,0.00019140
39.650000,0.00000000
39.666667,0.00000000
39.683333,0.00047368
39.700000,0.00006160
39.716667,0.00000000
39.733333,0.00000000
39.750000,0.00000000
39.766667,0.00000000
39.783333,0.00003073
39.800000,0.00015092
39.816667,0.00000000
39.833333,0.00076876
39.850000,0.00051397
39.866667,0.00000000
39.883333,0.00000000
39.900000,0.00035607
39.916667,0.00015111
39.933333,0.00000000
39.950000,0.00000000
39.966667,0.00044339
39.983333,0.00119690
40.000000,0.00006370
40.016667,0.00030031
40.033333,0.00145862
40.050000,0.00121481
40.066667,0.00021134
40.083333,0.00009006
40.100000,0.00061048
40.116667,0.00000000
40.133333,0.00192050
40.150000,0.00000000
40.166667,0.00053577
40.183333,0.00041311
40.200000,0.00010256
40.216667,0.00050023
40.233333,0.00000000
40.250000,0.00000000
40.266667,0.00008908
40.283333,0.00000000
40.300000,0.00000000
40.316667,0.00000000
40.333333,0.00087383
40.350000,0.00000000
40.366667,0.00000000
40.383333,0.00060165
40.400000,0.00000000
40.416667,0.00012028
40.433333,0.00016675
40.450000,0.00000000
40.466667,0.00028785
40.483333,0.00000000
40.500000,0.00010048
40.516667,0.00000000
40.533333,0.00000000
40.550000,0.00019602
40.566667,0.00039344
40.583333,0.00000000
40.600000,0.00106026
40.616667,0.00000000
40.633333,0.00021182
40.650000,0.00095521
40.666667,0.00062997
40.683333,0.00020947
40.700000,0.00035791
40.716667,0.00000000
40.733333,0.00000000
40.750000,0.00090175
40.766667,0.00050368
40.783333,0.00000000
40.800000,0.00051636
40.816667,0.00014613
40.833333,0.00000000
40.850000,0.00031132
40.866667,0.00000000
40.883333,0.00000000
40.900000,0.00048346
40.916667,0.00059773
40.933333,0.00000000
40.950000,0.00089809
40.966667,0.00056450
40.983333,0.00000000
41.000000,0.00076952
41.016667,0.00000000
41.033333,0.00048686
41.050000,0.00000000
41.066667,0.00000000
41.083333,0.00000000
41.100000,0.00000000
41.116667,0.00025305
41.133333,0.00004002
41.150000,0.00033378
41.166667,0.00000000
41.183333,0.00000000
41.200000,0.00000000
41.216667,0.00020715
41.233333,0.00030474
41.250000,0.00000000
41.266667,0.00000000
41.283333,0.00000000
41.300000,0.00041059
41.316667,0.00000000
41.333333,0.00146923
41.350000,0.00000000
41.366667,0.00000000
41.383333,0.00006892
41.400000,0.00000000
41.416667,0.00025997
41.433333,0.00000000
41.450000,0.00000000
41.466667,0.00022597
41.483333,0.00000000
41.500000,0.00013939
41.516667,0.00000000
41.533333,0.00044757
41.550000,0.00043776
41.566667,0.00047115
41.583333,0.00057365
41.600000,0.00000000
41.616667,0.00000000
41.633333,0.00028953
41.650000,0.00000000
41.666667,0.00024611
41.683333,0.00000851
41.700000,0.00034535
41.716667,0.00027928
41.733333,0.00000000
41.750000,0.00000000
41.766667,0.00000000
41.783333,0.00075226
41.800000,0.00037276
41.816667,0.00000000
41.833333,0.00022063
41.850000,0.00047495
41.866667,0.00020358
41.883333,0.00039900
41.900000,0.00034890
41.916667,0.00000000
41.933333,0.00086332
41.950000,0.00000000
41.966667,0.00091543
41.983333,0.00005377
42.000000,0.00000000
42.016667,0.00004943
42.033333,0.00000000
42.050000,0.00000000
42.066667,0.00000000
42.083333,0.00107274
42.100000,0.00000000
42.116667,0.00035752
42.133333,0.00000000
42.150000,0.00027396
42.166667,0.00000000
42.183333,0.00046771
42.200000,0.00000000
42.216667,0.00000000
42.233333,0.00017880
42.250000,0.00073389
42.266667,0.00000000
42.283333,0.00013215
42.300000,0.00000000
42.316667,0.00000000
42.333333,0.00021748
42.350000,0.00057104
42.366667,0.00000000
42.383333,0.00077243
42.400000,0.00000000
42.416667,0.00053864
42.433333,0.00000000
42.450000,0.00000000
42.466667,0.00065880
42.483333,0.00000000
42.500000,0.00103993
42.516667,0.00000000
42.533333,0.00000000
42.550000,0.00016904
42.566667,0.00002981
42.583333,0.00000000
42.600000,0.00000000
42.616667,0.00042205
42.633333,0.00110727
42.650000,0.00000000
42.666667,0.00005922
42.683333,0.00000000
42.700000,0.00000000
42.716667,0.00000000
42.733333,0.00000000
42.750000,0.00000000
42.766667,0.00103766
42.783333,0.00081328
42.800000,0.00094780
42.816667,0.00092500
42.833333,0.00079777
42.850000,0.00124632
42.866667,0.00060346
42.883333,0.00000000
42.900000,0.00105084
42.916667,0.00018840
42.933333,0.00000000
42.950000,0.00027799
42.966667,0.00001712
42.983333,0.00000000
43.000000,0.00000000
43.016667,0.00000000
43.033333,0.00000000
43.050000,0.00000000
43.066667,0.00060553
43.083333,0.00046778
43.100000,0.00012540
43.116667,0.00000000
43.133333,0.00009634
43.150000,0.00000000
43.166667,0.00038896
43.183333,0.00036199
43.200000,0.00031424
43.216667,0.00082087
43.233333,0.00022843
43.250000,0.00068905
43.266667,0.00000000
43.283333,0.00054792
43.300000,0.00000000
43.316667,0.00072850
43.333333,0.00005239
43.350000,0.00032073
43.366667,0.00048491
43.383333,0.00000000
43.400000,0.00039455
43.416667,0.00000000
43.433333,0.00043051
43.450000,0.00054927
43.466667,0.00040998
43.483333,0.00001734
43.500000,0.00127880
43.516667,0.00012679
43.533333,0.00124184
43.550000,0.00059448
43.566667,0.00079729
43.583333,0.00000000
43.600000,0.00050050
43.616667,0.00000000
43.633333,0.00000000
43.650000,0.00000000
43.666667,0.00041618
43.683333,0.00120949
43.700000,0.00055519
43.716667,0.00025576
43.733333,0.00000000
43.750000,0.00000000
43.766667,0.00000000
43.783333,0.00000000
43.800000,0.00110867
43.816667,0.00013700
43.833333,0.00097296
43.850000,0.00033116
43.866667,0.00000000
43.883333,0.00118782
43.900000,0.00029416
43.916667,0.00000000
43.933333,0.00000000
43.950000,0.00000000
43.966667,0.00028088
43.983333,0.00063823
44.000000,0.00000000
44.016667,0.00000000
44.033333,0.00000000
44.050000,0.00030708
44.066667,0.00114211
44.083333,0.00188460
44.100000,0.00000000
44.116667,0.00000000
44.133333,0.00086287
44.150000,0.00035434
44.166667,0.00000000
44.183333,0.00014747
44.200000,0.00032043
44.216667,0.00061687
44.233333,0.00000000
44.250000,0.00005749
44.266667,0.00000000
44.283333,0.00031732
44.300000,0.00008501
44.316667,0.00071541
44.333333,0.00051845
44.350000,0.00007310
44.366667,0.00000000
44.383333,0.00000000
44.400000,0.00115072
44.416667,0.00000000
44.433333,0.00000000
44.450000,0.00000000
44.466667,0.00000000
44.483333,0.00006034
44.500000,0.00000000
44.516667,0.00126663
44.533333,0.00069195
44.550000,0.00049363
44.566667,0.00000000
44.583333,0.00081622
44.600000,0.00025053
44.616667,0.00000000
44.633333,0.00000000
44.650000,0.00081370
44.666667,0.00022125
44.683333,0.00000000
44.700000,0.00029705
44.716667,0.00000000
44.733333,0.00000000
44.750000,0.00000000
44.766667,0.00014362
44.783333,0.00000000
44.800000,0.00009929
44.816667,0.00000000
44.833333,0.00000000
44.850000,0.00139188
44.866667,0.00066031
44.883333,0.00080385
44.900000,0.00140505
44.916667,0.00000000
44.933333,0.00000000
44.950000,0.00000000
44.966667,0.00067834
44.983333,0.00000000
45.000000,0.00000000
45.016667,0.00011390
45.033333,0.00074879
45.050000,0.00013246
45.066667,0.00000000
45.083333,0.00000000
45.100000,0.00040818
45.116667,0.00000000
45.133333,0.00000000
45.150000,0.00000000
45.166667,0.00000000
45.183333,0.00000000
45.200000,0.00000000
45.216667,0.00000000
45.233333,0.00018951
45.250000,0.00000000
45.266667,0.00034202
45.283333,0.00043274
45.300000,0.00000000
45.316667,0.00000000
45.333333,0.00000072
45.350000,0.00000000
45.366667,0.00076460
45.383333,0.00100544
45.400000,0.00000000
45.416667,0.00000000
45.433333,0.00095704
45.450000,0.00012246
45.466667,0.00000000
45.483333,0.00057039
45.500000,0.00067592
45.516667,0.00089943
45.533333,0.00000000
45.550000,0.00000000
45.566667,0.00000000
45.583333,0.00000000
45.600000,0.00000000
45.616667,0.00000000
45.633333,0.00073933
45.650000,0.00061546
45.666667,0.00026657
45.683333,0.00000000
45.700000,0.00009652
45.716667,0.00000000
45.733333,0.00113675
45.750000,0.00000000
45.766667,0.00006984
45.783333,0.00000000
45.800000,0.00035189
45.816667,0.00034669
45.833333,0.00000000
45.850000,0.00000000
45.866667,0.00090117
45.883333,0.00000000
45.900000,0.00066040
45.916667,0.00000000
45.933333,0.00000000
45.950000,0.00000000
45.966667,0.00000000
45.983333,0.00000000
46.000000,0.00042474
46.016667,0.00058193
46.033333,0.00000000
46.050000,0.00000000
46.066667,0.00000000
46.083333,0.00048753
46.100000,0.00107694
46.116667,0.00051671
46.133333,0.00064811
46.150000,0.00031962
46.166667,0.00023011
46.183333,0.00000000
46.200000,0.00000000
46.216667,0.00004280
46.233333,0.00000000
46.250000,0.00090522
46.266667,0.00000000
46.283333,0.00000000
46.300000,0.00004277
46.316667,0.00000000
46.333333,0.00022549
46.350000,0.00000000
46.366667,0.00000000
46.383333,0.00000000
46.400000,0.00027094
46.416667,0.00041653
46.433333,0.00007737
46.450000,0.00000000
46.466667,0.00051869
46.483333,0.00005586
46.500000,0.00065957
46.516667,0.00039773
46.533333,0.00000000
46.550000,0.00067605
46.566667,0.00015282
46.583333,0.00000000
46.600000,0.00000000
46.616667,0.00010027
46.633333,0.00060721
46.650000,0.00009192
46.666667,0.00099802
46.683333,0.00000000
46.700000,0.00095382
46.716667,0.00000000
46.733333,0.00029500
46.750000,0.00083762
46.766667,0.00144209
46.783333,0.00013501
46.800000,0.00000000
46.816667,0.00000000
46.833333,0.00152714
46.850000,0.00000000
46.866667,0.00046550
46.883333,0.00000000
46.900000,0.00037291
46.916667,0.00000000
46.933333,0.00100448
46.950000,0.00000000
46.966667,0.00000000
46.983333,0.00000000
47.000000,0.00000000
47.016667,0.00000000
47.033333,0.00000000
47.050000,0.00000000
47.066667,0.00080285
47.083333,0.00092351
47.100000,0.00090885
47.116667,0.00066035
47.133333,0.00075167
47.150000,0.00037436
47.166667,0.00076119
47.183333,0.00000000
47.200000,0.00008580
47.216667,0.00170986
47.233333,0.00000000
47.250000,0.00000000
47.266667,0.00000000
47.283333,0.00000000
47.300000,0.00064999
47.316667,0.00033829
47.333333,0.00000000
47.350000,0.00000000
47.366667,0.00000000
47.383333,0.00000000
47.400000,0.00066562
47.416667,0.00008506
47.433333,0.00051812
47.450000,0.00017734
47.466667,0.00115990
47.483333,0.00000000
47.500000,0.00013142
47.516667,0.00097656
47.533333,0.00140536
47.550000,0.00000000
47.566667,0.00012697
47.583333,0.00000000
47.600000,0.00015499
47.616667,0.00023286
47.633333,0.00000000
47.650000,0.00000000
47.666667,0.00043246
47.683333,0.00015508
47.700000,0.00000000
47.716667,0.00008183
47.733333,0.00022475
47.750000,0.00000000
47.766667,0.00000000
47.783333,0.00025326
47.800000,0.00000000
47.816667,0.00000000
47.833333,0.00055753
47.850000,0.00000000
47.866667,0.00000000
47.883333,0.00049897
47.900000,0.00002290
47.916667,0.00069392
47.933333,0.00000000
47.950000,0.00000000
47.966667,0.00000000
47.983333,0.00023109
48.000000,0.00000000
48.016667,0.00006201
48.033333,0.00000000
48.050000,0.00000000
48.066667,0.00030277
48.083333,0.00000000
48.100000,0.00079272
48.116667,0.00064347
48.133333,0.00038270
48.150000,0.00000000
48.166667,0.00010051
48.183333,0.00000000
48.200000,0.00075104
48.216667,0.00117128
48.233333,0.00000000
48.250000,0.00141599
48.266667,0.00075167
48.283333,0.00000000
48.300000,0.00000000
48.316667,0.00000000
48.333333,0.00078570
48.350000,0.00000000
48.366667,0.00001524
48.383333,0.00000000
48.400000,0.00013647
48.416667,0.00000000
48.433333,0.00000000
48.450000,0.00000000
48.466667,0.00000000
48.483333,0.00000000
48.500000,0.00022795
48.516667,0.00000000
48.533333,0.00000000
48.550000,0.00014349
48.566667,0.00018267
48.583333,0.00000000
48.600000,0.00000000
48.616667,0.00084258
48.633333,0.00000000
48.650000,0.00000000
48.666667,0.00000000
48.683333,0.00006438
48.700000,0.00038242
48.716667,0.00137790
48.733333,0.00017228
48.750000,0.00000000
48.766667,0.00064910
48.783333,0.00084617
48.800000,0.00021556
48.816667,0.00049698
48.833333,0.00000000
48.850000,0.00015769
48.866667,0.00000000
48.883333,0.00027538
48.900000,0.00000000
48.916667,0.00000000
48.933333,0.00000000
48.950000,0.00003032
48.966667,0.00095993
48.983333,0.00037306
49.000000,0.00000000
49.016667,0.00000000
49.033333,0.00135476
49.050000,0.00023500
49.066667,0.00000000
49.083333,0.00043631
49.100000,0.00000000
49.116667,0.00000000
49.133333,0.00000000
49.150000,0.00000000
49.166667,0.00000000
49.183333,0.00073971
49.200000,0.00008136
49.216667,0.00000000
49.233333,0.00034186
49.250000,0.00000000
49.266667,0.00033130
49.283333,0.00066240
49.300000,0.00000000
49.316667,0.00000000
49.333333,0.00000000
49.350000,0.00081179
49.366667,0.00081724
49.383333,0.00048559
49.400000,0.00000000
49.416667,0.00000000
49.433333,0.00000000
49.450000,0.00000000
49.466667,0.00000000
49.483333,0.00002826
49.500000,0.00000000
49.516667,0.00017923
49.533333,0.00061432
49.550000,0.00130689
49.566667,0.00000000
49.583333,0.00000000
49.600000,0.00000000
49.616667,0.00115853
49.633333,0.00000000
49.650000,0.00070690
49.666667,0.00000000
49.683333,0.00083576
49.700000,0.00106343
49.716667,0.00000000
49.733333,0.00000000
49.750000,0.00046005
49.766667,0.00000000
49.783333,0.00000000
49.800000,0.00000000
49.816667,0.00000000
49.833333,0.00000000
49.850000,0.00123645
49.866667,0.00000000
49.883333,0.00000000
49.900000,0.00000000
49.916667,0.00036055
49.933333,0.00000000
49.950000,0.00000000
49.966667,0.00000000
49.983333,0.00035058
50.000000,0.00000000
50.016667,0.00000000
50.033333,0.00021431
50.050000,0.00101604
50.066667,0.00011924
50.083333,0.00003157
50.100000,0.00064842
50.116667,0.00000000
50.133333,0.00000000
50.150000,0.00088049
50.166667,0.00000000
50.183333,0.00004683
50.200000,0.00000000
50.216667,0.00000000
50.233333,0.00000000
50.250000,0.00000000
50.266667,0.00000000
50.283333,0.00016747
50.300000,0.00000000
50.316667,0.00069085
50.333333,0.00082527
50.350000,0.00000000
50.366667,0.00132423
50.383333,0.00011914
50.400000,0.00000000
50.416667,0.00000000
50.433333,0.00000000
50.450000,0.00016886
50.466667,0.00000000
50.483333,0.00000000
50.500000,0.00000000
50.516667,0.00000000
50.533333,0.00090143
50.550000,0.00046402
50.566667,0.00001536
50.583333,0.00036871
50.600000,0.00035435
50.616667,0.00026612
50.633333,0.00041243
50.650000,0.00000000
50.666667,0.00000000
50.683333,0.00000000
50.700000,0.00000000
50.716667,0.00015190
50.733333,0.00000000
50.750000,0.00000000
50.766667,0.00000000
50.783333,0.00000000
50.800000,0.00000000
50.816667,0.00042886
50.833333,0.00050891
50.850000,0.00000000
50.866667,0.00000000
50.883333,0.00000000
50.900000,0.00091692
50.916667,0.00000000
50.933333,0.00000000
50.950000,0.00047798
50.966667,0.00000000
50.983333,0.00000000
51.000000,0.00067548
51.016667,0.00000000
51.033333,0.00001329
51.050000,0.00000000
51.066667,0.00019076
51.083333,0.00084371
51.100000,0.00000000
51.116667,0.00092416
51.133333,0.00005092
51.150000,0.00063147
51.166667,0.00000000
51.183333,0.00000000
51.200000,0.00000000
51.216667,0.00039163
51.233333,0.00000000
51.250000,0.00010172
51.266667,0.00000000
51.283333,0.00059981
51.300000,0.00128629
51.316667,0.00116443
51.333333,0.00000000
51.350000,0.00000000
51.366667,0.00025346
51.383333,0.00000000
51.400000,0.00183307
51.416667,0.00000000
51.433333,0.00067255
51.450000,0.00048070
51.466667,0.00000000
51.483333,0.00000000
51.500000,0.00000000
51.516667,0.00075124
51.533333,0.00074382
51.550000,0.00064926
51.566667,0.00000000
51.583333,0.00000000
51.600000,0.00087292
51.616667,0.00092821
51.633333,0.00003876
51.650000,0.00055517
51.666667,0.00032692
51.683333,0.00151874
51.700000,0.00047252
51.716667,0.00000000
51.733333,0.00000000
51.750000,0.00126213
51.766667,0.00083432
51.783333,0.00130171
51.800000,0.00000000
51.816667,0.00012852
51.833333,0.00018938
51.850000,0.00000000
51.866667,0.00038023
51.883333,0.00057217
51.900000,0.00000000
51.916667,0.00000000
51.933333,0.00000000
51.950000,0.00084409
51.966667,0.00017834
51.983333,0.00000000
52.000000,0.00208308
52.016667,0.00000000
52.033333,0.00012391
52.050000,0.00000000
52.066667,0.00000000
52.083333,0.00007054
52.100000,0.00000000
52.116667,0.00006954
52.133333,0.00037962
52.150000,0.00000000
52.166667,0.00009150
52.183333,0.00000688
52.200000,0.00000000
52.216667,0.00087286
52.233333,0.00116596
52.250000,0.00000000
52.266667,0.00060766
52.283333,0.00000000
52.300000,0.00000000
52.316667,0.00000000
52.333333,0.00000000
52.350000,0.00000000
52.366667,0.00000000
52.383333,0.00033060
52.400000,0.00039164
52.416667,0.00056683
52.433333,0.00037769
52.450000,0.00000000
52.466667,0.00000000
52.483333,0.00082859
52.500000,0.00036363
52.516667,0.00010273
52.533333,0.00000000
52.550000,0.00086080
52.566667,0.00134915
52.583333,0.00000000
52.600000,0.00000000
52.616667,0.00000000
52.633333,0.00000000
52.650000,0.00084280
52.666667,0.00000000
52.683333,0.00092042
52.700000,0.00010204
52.716667,0.00000000
52.733333,0.00000000
52.750000,0.00079001
52.766667,0.00000000
52.783333,0.00007928
52.800000,0.00000000
52.816667,0.00063853
52.833333,0.00000000
52.850000,0.00000000
52.866667,0.00000000
52.883333,0.00000000
52.900000,0.00000000
52.916667,0.00066163
52.933333,0.00076472
52.950000,0.00021761
52.966667,0.00013056
52.983333,0.00000000
53.000000,0.00000000
53.016667,0.00000000
53.033333,0.00053703
53.050000,0.00000000
53.066667,0.00000000
53.083333,0.00026521
53.100000,0.00013539
53.116667,0.00011158
53.133333,0.00000000
53.150000,0.00000000
53.166667,0.00073643
53.183333,0.00004410
53.200000,0.00000000
53.216667,0.00023916
53.233333,0.00000000
53.250000,0.00025158
53.266667,0.00018929
53.283333,0.00058664
53.300000,0.00000000
53.316667,0.00061057
53.333333,0.00000000
53.350000,0.00000000
53.366667,0.00000000
53.383333,0.00084305
53.400000,0.00000000
53.416667,0.00000000
53.433333,0.00037162
53.450000,0.00000000
53.466667,0.00000000
53.483333,0.00000000
53.500000,0.00025694
53.516667,0.00000000
53.533333,0.00000000
53.550000,0.00000000
53.566667,0.00034640
53.583333,0.00000000
53.600000,0.00056233
53.616667,0.00119783
53.633333,0.00023644
53.650000,0.00004695
53.666667,0.00000000
53.683333,0.00082169
53.700000,0.00000000
53.716667,0.00000000
53.733333,0.00054244
53.750000,0.00000000
53.766667,0.00114203
53.783333,0.00001751
53.800000,0.00000000
53.816667,0.00079093
53.833333,0.00055343
53.850000,0.00115623
53.866667,0.00000000
53.883333,0.00000000
53.900000,0.00000708
53.916667,0.00005689
53.933333,0.00000000
53.950000,0.00000000
53.966667,0.00000000
53.983333,0.00104631
54.000000,0.00152870
54.016667,0.00000000
54.033333,0.00156455
54.050000,0.00009112
54.066667,0.00064956
54.083333,0.00034449
54.100000,0.00103022
54.116667,0.00033264
54.133333,0.00000000
54.150000,0.00000000
54.166667,0.00117283
54.183333,0.00000000
54.200000,0.00000000
54.216667,0.00117454
54.233333,0.00000000
54.250000,0.00000000
54.266667,0.00000000
54.283333,0.00000000
54.300000,0.00018232
54.316667,0.00000000
54.333333,0.00017986
54.350000,0.00000000
54.366667,0.00000000
54.383333,0.00016703
54.400000,0.00000000
54.416667,0.00000000
54.433333,0.00000000
54.450000,0.00000000
54.466667,0.00062921
54.483333,0.00034151
54.500000,0.00049668
54.516667,0.00005246
54.533333,0.00004154
54.550000,0.00026441
54.566667,0.00001150
54.583333,0.00000000
54.600000,0.00192473
54.616667,0.00028674
54.633333,0.00000000
54.650000,0.00065072
54.666667,0.00000000
54.683333,0.00065876
54.700000,0.00000000
54.716667,0.00000000
54.733333,0.00028106
54.750000,0.00106407
54.766667,0.00092277
54.783333,0.00000000
54.800000,0.00049847
54.816667,0.00000583
54.833333,0.00090773
54.850000,0.00000000
54.866667,0.00001521
54.883333,0.00000000
54.900000,0.00052359
54.916667,0.00000000
54.933333,0.00058780
54.950000,0.00000000
54.966667,0.00084498
54.983333,0.00000000
55.000000,0.00000000
55.016667,0.00000000
55.033333,0.00000000
55.050000,0.00000000
55.066667,0.00063422
55.083333,0.00022124
55.100000,0.00058971
55.116667,0.00013409
55.133333,0.00000000
55.150000,0.00000000
55.166667,0.00014257
55.183333,0.00022348
55.200000,0.00000000
55.216667,0.00000000
55.233333,0.00015514
55.250000,0.00000000
55.266667,0.00076834
55.283333,0.00067009
55.300000,0.00014440
55.316667,0.00026578
55.333333,0.00100273
55.350000,0.00128083
55.366667,0.00008280
55.383333,0.00000000
55.400000,0.00041950
55.416667,0.00000000
55.433333,0.00106419
55.450000,0.00000000
55.466667,0.00031402
55.483333,0.00000000
55.500000,0.00000000
55.516667,0.00007476
55.533333,0.00045119
55.550000,0.00063732
55.566667,0.00111996
55.583333,0.00000000
55.600000,0.00000000
55.616667,0.00000000
55.633333,0.00000000
55.650000,0.00000000
55.666667,0.00000000
55.683333,0.00000000
55.700000,0.00074784
55.716667,0.00000000
55.733333,0.00000000
55.750000,0.00000000
55.766667,0.00162024
55.783333,0.00004824
55.800000,0.00039674
55.816667,0.00000000
55.833333,0.00108218
55.850000,0.00046698
55.866667,0.00000000
55.883333,0.00059375
55.900000,0.00000000
55.916667,0.00000000
55.933333,0.00070218
55.950000,0.00000000
55.966667,0.00032518
55.983333,0.00000000
56.000000,0.00000000
56.016667,0.00031205
56.033333,0.00000000
56.050000,0.00002622
56.066667,0.00021935
56.083333,0.00000000
56.100000,0.00058566
56.116667,0.00008609
56.133333,0.00000000
56.150000,0.00000000
56.166667,0.00000000
56.183333,0.00046895
56.200000,0.00027918
56.216667,0.00000000
56.233333,0.00000000
56.250000,0.00098918
56.266667,0.00000000
56.283333,0.00049130
56.300000,0.00000000
56.316667,0.00038654
56.333333,0.00051655
56.350000,0.00000000
56.366667,0.00030007
56.383333,0.00054347
56.400000,0.00042004
56.416667,0.00000000
56.433333,0.00005429
56.450000,0.00000000
56.466667,0.00000979
56.483333,0.00000000
56.500000,0.00000000
56.516667,0.00000000
56.533333,0.00000000
56.550000,0.00087458
56.566667,0.00000000
56.583333,0.00088654
56.600000,0.00038333
56.616667,0.00039010
56.633333,0.00000000
56.650000,0.00000104
56.666667,0.00064103
56.683333,0.00000000
56.700000,0.00000000
56.716667,0.00147487
56.733333,0.00000000
56.750000,0.00000000
56.766667,0.00000000
56.783333,0.00077502
56.800000,0.00064172
56.816667,0.00000000
56.833333,0.00120541
56.850000,0.00004553
56.866667,0.00000000
56.883333,0.00015821
56.900000,0.00024817
56.916667,0.00023131
56.933333,0.00013127
56.950000,0.00000000
56.966667,0.00000000
56.983333,0.00000000
57.000000,0.00013961
57.016667,0.00004880
57.033333,0.00000000
57.050000,0.00000000
57.066667,0.00000000
57.083333,0.00000000
57.100000,0.00158986
57.116667,0.00000000
57.133333,0.00000000
57.150000,0.00093884
57.166667,0.00098357
57.183333,0.00000000
57.200000,0.00000000
57.216667,0.00000000
57.233333,0.00000000
57.250000,0.00001693
57.266667,0.00000552
57.283333,0.00000000
57.300000,0.00000000
57.316667,0.00000000
57.333333,0.00000000
57.350000,0.00000000
57.366667,0.00089070
57.383333,0.00102514
57.400000,0.00000000
57.416667,0.00098469
57.433333,0.00000000
57.450000,0.00033509
57.466667,0.00082572
57.483333,0.00022968
57.500000,0.00042323
57.516667,0.00000000
57.533333,0.00000000
57.550000,0.00149436
57.566667,0.00000000
57.583333,0.00000000
57.600000,0.00035080
57.616667,0.00009010
57.633333,0.00000000
57.650000,0.00054701
57.666667,0.00000000
57.683333,0.00038317
57.700000,0.00073994
57.716667,0.00000000
57.733333,0.00043535
57.750000,0.00000000
57.766667,0.00037944
57.783333,0.00013551
57.800000,0.00000000
57.816667,0.00000000
57.833333,0.00000000
57.850000,0.00000000
57.866667,0.00086096
57.883333,0.00120330
57.900000,0.00037194
57.916667,0.00036879
57.933333,0.00053796
57.950000,0.00000000
57.966667,0.00000000
57.983333,0.00000000
58.000000,0.00096389
58.016667,0.00033518
58.033333,0.00116005
58.050000,0.00000000
58.066667,0.00000000
58.083333,0.00050870
58.100000,0.00048404
58.116667,0.00000000
58.133333,0.00000000
58.150000,0.00000000
58.166667,0.00003560
58.183333,0.00035677
58.200000,0.00000000
58.216667,0.00000000
58.233333,0.00000000
58.250000,0.00000000
58.266667,0.00000000
58.283333,0.00000000
58.300000,0.00035710
58.316667,0.00027433
58.333333,0.00057475
58.350000,0.00000000
58.366667,0.00000000
58.383333,0.00095694
58.400000,0.00070324
58.416667,0.00000000
58.433333,0.00099774
58.450000,0.00060161
58.466667,0.00000000
58.483333,0.00000000
58.500000,0.00000000
58.516667,0.00006974
58.533333,0.00000000
58.550000,0.00000000
58.566667,0.00000000
58.583333,0.00013817
58.600000,0.00000000
58.616667,0.00034743
58.633333,0.00000000
58.650000,0.00086618
58.666667,0.00000000
58.683333,0.00000000
58.700000,0.00035530
58.716667,0.00171367
58.733333,0.00000000
58.750000,0.00000000
58.766667,0.00000000
58.783333,0.00082655
58.800000,0.00111193
58.816667,0.00000000
58.833333,0.00000000
58.850000,0.00188009
58.866667,0.00000000
58.883333,0.00058194
58.900000,0.00000000
58.916667,0.00000000
58.933333,0.00056242
58.950000,0.00092792
58.966667,0.00003784
58.983333,0.00056225
59.000000,0.00011049
59.016667,0.00008204
59.033333,0.00078219
59.050000,0.00000000
59.066667,0.00052605
59.083333,0.00000000
59.100000,0.00026508
59.116667,0.00044448
59.133333,0.00057757
59.150000,0.00000000
59.166667,0.00000000
59.183333,0.00149684
59.200000,0.00000000
59.216667,0.00017301
59.233333,0.00062977
59.250000,0.00000000
59.266667,0.00059425
59.283333,0.00061526
59.300000,0.00026854
59.316667,0.00000000
59.333333,0.00000000
59.350000,0.00020808
59.366667,0.00000000
59.383333,0.00060784
59.400000,0.00015289
59.416667,0.00029534
59.433333,0.00000000
59.450000,0.00000000
59.466667,0.00030894
59.483333,0.00000000
59.500000,0.00189348
59.516667,0.00009639
59.533333,0.00009776
59.550000,0.00000000
59.566667,0.00006455
59.583333,0.00136279
59.600000,0.00000000
59.616667,0.00047173
59.633333,0.00053677
59.650000,0.00000000
59.666667,0.00000000
59.683333,0.00000000
59.700000,0.00027910
59.716667,0.00079816
59.733333,0.00000000
59.750000,0.00005310
59.766667,0.00013105
59.783333,0.00000000
59.800000,0.00031331
59.816667,0.00000000
59.833333,0.00095457
59.850000,0.00000000
59.866667,0.00015873
59.883333,0.00000000
59.900000,0.00000000
59.916667,0.00012478
59.933333,0.00073630
59.950000,0.00000000
59.966667,0.00034685
59.983333,0.00000000
60.000000,0.00088399
60.016667,0.00000000
60.033333,0.00000000
60.050000,0.00000000
60.066667,0.00000000
60.083333,0.00074720
60.100000,0.00083182
60.116667,0.00026438
60.133333,0.00112520
60.150000,0.00117395
60.166667,0.00000000
60.183333,0.00000000
60.200000,0.00000000
60.216667,0.00000000
60.233333,0.00000000
60.250000,0.00040272
60.266667,0.00000000
60.283333,0.00000000
60.300000,0.00058793
60.316667,0.00013617
60.333333,0.00000000
60.350000,0.00078913
60.366667,0.00000000
60.383333,0.00034130
60.400000,0.00000000
60.416667,0.00007153
60.433333,0.00000000
60.450000,0.00001662
60.466667,0.00004703
60.483333,0.00000000
60.500000,0.00062479
60.516667,0.00000000
60.533333,0.00098262
60.550000,0.00000000
60.566667,0.00000000
60.583333,0.00000000
60.600000,0.00000000
60.616667,0.00000000
60.633333,0.00058528
60.650000,0.00000000
60.666667,0.00000000
60.683333,0.00005242
60.700000,0.00095568
60.716667,0.00037896
60.733333,0.00000000
60.750000,0.00081517
60.766667,0.00000000
60.783333,0.00000000
60.800000,0.00000000
60.816667,0.00000000
60.833333,0.00000000
60.850000,0.00000000
60.866667,0.00000000
60.883333,0.00093353
60.900000,0.00093739
60.916667,0.00000000
60.933333,0.00000000
60.950000,0.00000000
60.966667,0.00000000
60.983333,0.00000000
61.000000,0.00000000
61.016667,0.00060319
61.033333,0.00000000
61.050000,0.00061090
61.066667,0.00000000
61.083333,0.00000000
61.100000,0.00013537
61.116667,0.00001761
61.133333,0.00000000
61.150000,0.00002006
61.166667,0.00053333
61.183333,0.00000000
61.200000,0.00006863
61.216667,0.00000000
61.233333,0.00000000
61.250000,0.00000000
61.266667,0.00061189
61.283333,0.00073404
61.300000,0.00000000
61.316667,0.00000000
61.333333,0.00000000
61.350000,0.00078111
61.366667,0.00000000
61.383333,0.00030282
61.400000,0.00000000
61.416667,0.00000000
61.433333,0.00027028
61.450000,0.00000000
61.466667,0.00105221
61.483333,0.00059158
61.500000,0.00125621
61.516667,0.00000000
61.533333,0.00102560
61.550000,0.00019624
61.566667,0.00000000
61.583333,0.00000000
61.600000,0.00050446
61.616667,0.00002781
61.633333,0.00010993
61.650000,0.00034995
61.666667,0.00041830
61.683333,0.00000000
61.700000,0.00000000
61.716667,0.00044190
61.733333,0.00000000
61.750000,0.00000000
61.766667,0.00097009
61.783333,0.00052708
61.800000,0.00015864
61.816667,0.00067943
61.833333,0.00000000
61.850000,0.00000000
61.866667,0.00000000
61.883333,0.00000000
61.900000,0.00000000
61.916667,0.00078328
61.933333,0.00000000
61.950000,0.00000000
61.966667,0.00014086
61.983333,0.00021652
62.000000,0.00000000
62.016667,0.00079289
62.033333,0.00008281
62.050000,0.00000000
62.066667,0.00010157
62.083333,0.00000000
62.100000,0.00023702
62.116667,0.00047944
62.133333,0.00000000
62.150000,0.00000000
62.166667,0.00042198
62.183333,0.00132740
62.200000,0.00000000
62.216667,0.00000000
62.233333,0.00000000
62.250000,0.00000000
62.266667,0.00085502
62.283333,0.00000000
62.300000,0.00061961
62.316667,0.00000000
62.333333,0.00018045
62.350000,0.00000000
62.366667,0.00000000
62.383333,0.00102367
62.400000,0.00000000
62.416667,0.00034064
62.433333,0.00000000
62.450000,0.00000000
62.466667,0.00039101
62.483333,0.00123551
62.500000,0.00000000
62.516667,0.00000000
62.533333,0.00029136
62.550000,0.00043775
62.566667,0.00075291
62.583333,0.00067624
62.600000,0.00026336
62.616667,0.00000000
62.633333,0.00002674
62.650000,0.00007062
62.666667,0.00007060
62.683333,0.00000000
62.700000,0.00000000
62.716667,0.00041887
62.733333,0.00013449
62.750000,0.00053301
62.766667,0.00021498
62.783333,0.00004104
62.800000,0.00024648
62.816667,0.00000000
62.833333,0.00001131
62.850000,0.00003184
62.866667,0.00023901
62.883333,0.00000000
62.900000,0.00000000
62.916667,0.00000000
62.933333,0.00104166
62.950000,0.00001580
62.966667,0.00000000
62.983333,0.00000000
63.000000,0.00030511
63.016667,0.00018642
63.033333,0.00007772
63.050000,0.00041795
63.066667,0.00000000
63.083333,0.00063585
63.100000,0.00000000
63.116667,0.00138629
63.133333,0.00000000
63.150000,0.00050869
63.166667,0.00082693
63.183333,0.00000000
63.200000,0.00000000
63.216667,0.00051284
63.233333,0.00000000
63.250000,0.00000000
63.266667,0.00000000
63.283333,0.00078331
63.300000,0.00082460
63.316667,0.00049386
63.333333,0.00065191
63.350000,0.00000000
63.366667,0.00000000
63.383333,0.00079789
63.400000,0.00000000
63.416667,0.00000000
63.433333,0.00041389
63.450000,0.00084460
63.466667,0.00000000
63.483333,0.00000000
63.500000,0.00004730
63.516667,0.00037858
63.533333,0.00000000
63.550000,0.00042143
63.566667,0.00000000
63.583333,0.00000000
63.600000,0.00000000
63.616667,0.00076735
63.633333,0.00000000
63.650000,0.00000000
63.666667,0.00000000
63.683333,0.00000000
63.700000,0.00070086
63.716667,0.00000000
63.733333,0.00000000
63.750000,0.00047245
63.766667,0.00031393
63.783333,0.00000000
63.800000,0.00000000
63.816667,0.00000000
63.833333,0.00000000
63.850000,0.00069752
63.866667,0.00000000
63.883333,0.00000000
63.900000,0.00000000
63.916667,0.00122407
63.933333,0.00033284
63.950000,0.00070307
63.966667,0.00032993
63.983333,0.00000000
64.000000,0.00051459
64.016667,0.00132453
64.033333,0.00071989
64.050000,0.00064360
64.066667,0.00000000
64.083333,0.00000000
64.100000,0.00076534
64.116667,0.00005833
64.133333,0.00000000
64.150000,0.00000000
64.166667,0.00000000
64.183333,0.00000000
64.200000,0.00023502
64.216667,0.00000000
64.233333,0.00000616
64.250000,0.00008465
64.266667,0.00026367
64.283333,0.00000000
64.300000,0.00006659
64.316667,0.00000000
64.333333,0.00039997
64.350000,0.00000000
64.366667,0.00089920
64.383333,0.00000000
64.400000,0.00000000
64.416667,0.00000000
64.433333,0.00016282
64.450000,0.00089199
64.466667,0.00071115
64.483333,0.00000000
64.500000,0.00000000
64.516667,0.00000000
64.533333,0.00000000
64.550000,0.00000000
64.566667,0.00178319
64.583333,0.00089958
64.600000,0.00059188
64.616667,0.00000000
64.633333,0.00116901
64.650000,0.00113955
64.666667,0.00000000
64.683333,0.00000000
64.700000,0.00018314
64.716667,0.00042337
64.733333,0.00000000
64.750000,0.00008414
64.766667,0.00118585
64.783333,0.00002234
64.800000,0.00000000
64.816667,0.00061145
64.833333,0.00047877
64.850000,0.00018479
64.866667,0.00024824
64.883333,0.00000000
64.900000,0.00067188
64.916667,0.00071922
64.933333,0.00122926
64.950000,0.00091628
64.966667,0.00029955
64.983333,0.00041989
65.000000,0.00113357
65.016667,0.00034798
65.033333,0.00046826
65.050000,0.00000000
65.066667,0.00010768
65.083333,0.00069318
65.100000,0.00000000
65.116667,0.00000000
65.133333,0.00000000
65.150000,0.00000000
65.166667,0.00040682
65.183333,0.00000000
65.200000,0.00117775
65.216667,0.00000000
65.233333,0.00021512
65.250000,0.00000000
65.266667,0.00000000
65.283333,0.00000000
65.300000,0.00108672
65.316667,0.00000000
65.333333,0.00037688
65.350000,0.00000000
65.366667,0.00000000
65.383333,0.00000000
65.400000,0.00000000
65.416667,0.00000000
65.433333,0.00000000
65.450000,0.00131634
65.466667,0.00000000
65.483333,0.00062743
65.500000,0.00008802
65.516667,0.00000000
65.533333,0.00000000
65.550000,0.00067718
65.566667,0.00036614
65.583333,0.00000000
65.600000,0.00000000
65.616667,0.00022922
65.633333,0.00000000
65.650000,0.00000000
65.666667,0.00009051
65.683333,0.00000000
65.700000,0.00000000
65.716667,0.00003871
65.733333,0.00017417
65.750000,0.00000000
65.766667,0.00000000
65.783333,0.00000000
65.800000,0.00000000
65.816667,0.00018923
65.833333,0.00000000
65.850000,0.00000000
65.866667,0.00124589
65.883333,0.00006708
65.900000,0.00057045
65.916667,0.00000000
65.933333,0.00020157
65.950000,0.00000000
65.966667,0.00143313
65.983333,0.00000000
66.000000,0.00076971
66.016667,0.00030767
66.033333,0.00000000
66.050000,0.00000000
66.066667,0.00039128
66.083333,0.00000000
66.100000,0.00000000
66.116667,0.00000000
66.133333,0.00007840
66.150000,0.00000000
66.166667,0.00000000
66.183333,0.00139265
66.200000,0.00069039
66.216667,0.00000000
66.233333,0.00050716
66.250000,0.00000000
66.266667,0.00000000
66.283333,0.00096523
66.300000,0.00000000
66.316667,0.00000000
66.333333,0.00000000
66.350000,0.00024505
66.366667,0.00012343
66.383333,0.00067477
66.400000,0.00000000
66.416667,0.00025152
66.433333,0.00061329
66.450000,0.00049067
66.466667,0.00032551
66.483333,0.00065986
66.500000,0.00099229
66.516667,0.00014025
66.533333,0.00000000
66.550000,0.00003986
66.566667,0.00021663
66.583333,0.00000000
66.600000,0.00000000
66.616667,0.00125746
66.633333,0.00064941
66.650000,0.00000000
66.666667,0.00022416
66.683333,0.00067776
66.700000,0.00000000
66.716667,0.00000000
66.733333,0.00000000
66.750000,0.00000000
66.766667,0.00000000
66.783333,0.00092638
66.800000,0.00044704
66.816667,0.00000000
66.833333,0.00043193
66.850000,0.00101120
66.866667,0.00003488
66.883333,0.00017519
66.900000,0.00072383
66.916667,0.00039246
66.933333,0.00038981
66.950000,0.00000000
66.966667,0.00000000
66.983333,0.00000000
67.000000,0.00000000
67.016667,0.00045954
67.033333,0.00094821
67.050000,0.00000000
67.066667,0.00117912
67.083333,0.00000000
67.100000,0.00039829
67.116667,0.00084023
67.133333,0.00000000
67.150000,0.00000000
67.166667,0.00000000
67.183333,0.00043402
67.200000,0.00069496
67.216667,0.00000000
67.233333,0.00005366
67.250000,0.00000000
67.266667,0.00037280
67.283333,0.00000000
67.300000,0.00000000
67.316667,0.00046879
67.333333,0.00021165
67.350000,0.00011943
67.366667,0.00000000
67.383333,0.00105355
67.400000,0.00016584
67.416667,0.00034312
67.433333,0.00021308
67.450000,0.00000000
67.466667,0.00000000
67.483333,0.00074231
67.500000,0.00000000
67.516667,0.00071362
67.533333,0.00006067
67.550000,0.00045869
67.566667,0.00016951
67.583333,0.00000000
67.600000,0.00000000
67.616667,0.00026858
67.633333,0.00043976
67.650000,0.00040157
67.666667,0.00128225
67.683333,0.00010463
67.700000,0.00078211
67.716667,0.00000000
67.733333,0.00000000
67.750000,0.00023902
67.766667,0.00066085
67.783333,0.00030849
67.800000,0.00000000
67.816667,0.00019081
67.833333,0.00000000
67.850000,0.00000000
67.866667,0.00000000
67.883333,0.00000000
67.900000,0.00001853
67.916667,0.00000000
67.933333,0.00080295
67.950000,0.00000000
67.966667,0.00031517
67.983333,0.00035723
68.000000,0.00000000
68.016667,0.00007444
68.033333,0.00000000
68.050000,0.00000000
68.066667,0.00062363
68.083333,0.00025350
68.100000,0.00010143
68.116667,0.00000000
68.133333,0.00000000
68.150000,0.00020868
68.166667,0.00000000
68.183333,0.00170743
68.200000,0.00000000
68.216667,0.00000000
68.233333,0.00000000
68.250000,0.00058552
68.266667,0.00000000
68.283333,0.00000000
68.300000,0.00000000
68.316667,0.00000000
68.333333,0.00000000
68.350000,0.00000000
68.366667,0.00152493
68.383333,0.00000000
68.400000,0.00016947
68.416667,0.00071661
68.433333,0.00000000
68.450000,0.00000000
68.466667,0.00000000
68.483333,0.00046651
68.500000,0.00035930
68.516667,0.00016283
68.533333,0.00000000
68.550000,0.00000000
68.566667,0.00000000
68.583333,0.00000000
68.600000,0.00000000
68.616667,0.00031919
68.633333,0.00000000
68.650000,0.00011895
68.666667,0.00014070
68.683333,0.00056211
68.700000,0.00052840
68.716667,0.00000000
68.733333,0.00000000
68.750000,0.00000000
68.766667,0.00061010
68.783333,0.00081151
68.800000,0.00000000
68.816667,0.00000000
68.833333,0.00000000
68.850000,0.00033077
68.866667,0.00060271
68.883333,0.00000000
68.900000,0.00009022
68.916667,0.00000000
68.933333,0.00005118
68.950000,0.00000000
68.966667,0.00050334
68.983333,0.00097349
69.000000,0.00000000
69.016667,0.00000000
69.033333,0.00033631
69.050000,0.00042562
69.066667,0.00087761
69.083333,0.00063876
69.100000,0.00049126
69.116667,0.00000000
69.133333,0.00000000
69.150000,0.00068453
69.166667,0.00000000
69.183333,0.00000000
69.200000,0.00000000
69.216667,0.00030452
69.233333,0.00007668
69.250000,0.00000000
69.266667,0.00000000
69.283333,0.00050446
69.300000,0.00000000
69.316667,0.00057856
69.333333,0.00038702
69.350000,0.00000000
69.366667,0.00053262
69.383333,0.00109541
69.400000,0.00066586
69.416667,0.00000000
69.433333,0.00110513
69.450000,0.00062341
69.466667,0.00000000
69.483333,0.00000000
69.500000,0.00000000
69.516667,0.00052481
69.533333,0.00000000
69.550000,0.00000000
69.566667,0.00138035
69.583333,0.00055113
69.600000,0.00000000
69.616667,0.00039535
69.633333,0.00000000
69.650000,0.00028665
69.666667,0.00000000
69.683333,0.00000000
69.700000,0.00000000
69.716667,0.00073041
69.733333,0.00045234
69.750000,0.00000000
69.766667,0.00000000
69.783333,0.00000000
69.800000,0.00025297
69.816667,0.00000000
69.833333,0.00030718
69.850000,0.00013991
69.866667,0.00005639
69.883333,0.00035016
69.900000,0.00053483
69.916667,0.00051874
69.933333,0.00000000
69.950000,0.00000000
69.966667,0.00000000
69.983333,0.00000000
70.000000,0.00000000
70.016667,0.00015339
70.033333,0.00000000
70.050000,0.00003898
70.066667,0.00019316
70.083333,0.00000000
70.100000,0.00101999
70.116667,0.00000000
70.133333,0.00017762
70.150000,0.00017142
70.166667,0.00000000
70.183333,0.00079397
70.200000,0.00116030
70.216667,0.00000000
70.233333,0.00025134
70.250000,0.00000000
70.266667,0.00010726
70.283333,0.00012268
70.300000,0.00000000
70.316667,0.00000000
70.333333,0.00000000
70.350000,0.00138548
70.366667,0.00057323
70.383333,0.00000000
70.400000,0.00000000
70.416667,0.00000000
70.433333,0.00000000
70.450000,0.00083289
70.466667,0.00057568
70.483333,0.00000000
70.500000,0.00000000
70.516667,0.00059017
70.533333,0.00000000
70.550000,0.00030409
70.566667,0.00000000
70.583333,0.00000000
70.600000,0.00000000
70.616667,0.00099857
70.633333,0.00042553
70.650000,0.00004176
70.666667,0.00042724
70.683333,0.00075332
70.700000,0.00013635
70.716667,0.00000000
70.733333,0.00061164
70.750000,0.00025903
70.766667,0.00000000
70.783333,0.00037826
70.800000,0.00000000
70.816667,0.00000000
70.833333,0.00000000
70.850000,0.00000000
70.866667,0.00129731
70.883333,0.00016757
70.900000,0.00008677
70.916667,0.00078395
70.933333,0.00000000
70.950000,0.00000000
70.966667,0.00029116
70.983333,0.00000000
71.000000,0.00000000
71.016667,0.00000000
71.033333,0.00087869
71.050000,0.00000000
71.066667,0.00000000
71.083333,0.00000000
71.100000,0.00058563
71.116667,0.00000000
71.133333,0.00001795
71.150000,0.00031927
71.166667,0.00042426
71.183333,0.00024973
71.200000,0.00000000
71.216667,0.00044350
71.233333,0.00054958
71.250000,0.00031090
71.266667,0.00051705
71.283333,0.00000000
71.300000,0.00000000
71.316667,0.00000000
71.333333,0.00000000
71.350000,0.00058538
71.366667,0.00032466
71.383333,0.00000000
71.400000,0.00000000
71.416667,0.00000000
71.433333,0.00000000
71.450000,0.00000000
71.466667,0.00015724
71.483333,0.00027450
71.500000,0.00000000
71.516667,0.00000000
71.533333,0.00000000
71.550000,0.00015586
71.566667,0.00153166
71.583333,0.00100450
71.600000,0.00060412
71.616667,0.00045624
71.633333,0.00088212
71.650000,0.00000000
71.666667,0.00000000
71.683333,0.00071151
71.700000,0.00000000
71.716667,0.00035867
71.733333,0.00014002
71.750000,0.00018012
71.766667,0.00023327
71.783333,0.00000000
71.800000,0.00038848
71.816667,0.00000000
71.833333,0.00033271
71.850000,0.00000000
71.866667,0.00000000
71.883333,0.00055197
71.900000,0.00084556
71.916667,0.00060229
71.933333,0.00017195
71.950000,0.00000000
71.966667,0.00067868
71.983333,0.00003561
72.000000,0.00054616
72.016667,0.00000000
72.033333,0.00000000
72.050000,0.00113194
72.066667,0.00034653
72.083333,0.00013849
72.100000,0.00043383
72.116667,0.00024205
72.133333,0.00000000
72.150000,0.00000000
72.166667,0.00012577
72.183333,0.00000000
72.200000,0.00012673
72.216667,0.00000000
72.233333,0.00000000
72.250000,0.00000000
72.266667,0.00010930
72.283333,0.00033611
72.300000,0.00000000
72.316667,0.00078399
72.333333,0.00154067
72.350000,0.00000000
72.366667,0.00000000
72.383333,0.00030341
72.400000,0.00000000
72.416667,0.00000000
72.433333,0.00000000
72.450000,0.00000000
72.466667,0.00044339
72.483333,0.00000000
72.500000,0.00023442
72.516667,0.00038937
72.533333,0.00000000
72.550000,0.00000000
72.566667,0.00057031
72.583333,0.00000000
72.600000,0.00000000
72.616667,0.00024485
72.633333,0.00015326
72.650000,0.00000000
72.666667,0.00047013
72.683333,0.00037180
72.700000,0.00001636
72.716667,0.00000000
72.733333,0.00000000
72.750000,0.00000000
72.766667,0.00029848
72.783333,0.00068430
72.800000,0.00000000
72.816667,0.00116432
72.833333,0.00053876
72.850000,0.00086584
72.866667,0.00000000
72.883333,0.00000000
72.900000,0.00190258
72.916667,0.00000000
72.933333,0.00000000
72.950000,0.00000000
72.966667,0.00000000
72.983333,0.00000000
73.000000,0.00000000
73.016667,0.00000000
73.033333,0.00033660
73.050000,0.00000000
73.066667,0.00016199
73.083333,0.00006375
73.100000,0.00000000
73.116667,0.00000000
73.133333,0.00026845
73.150000,0.00123052
73.166667,0.00026124
73.183333,0.00000000
73.200000,0.00035788
73.216667,0.00000000
73.233333,0.00000000
73.250000,0.00060573
73.266667,0.00126001
73.283333,0.00007603
73.300000,0.00000000
73.316667,0.00020458
73.333333,0.00000000
73.350000,0.00000000
73.366667,0.00000000
73.383333,0.00056411
73.400000,0.00073817
73.416667,0.00000000
73.433333,0.00017805
73.450000,0.00037631
73.466667,0.00000000
73.483333,0.00070243
73.500000,0.00016213
73.516667,0.00011096
73.533333,0.00011757
73.550000,0.00000000
73.566667,0.00142881
73.583333,0.00000000
73.600000,0.00000000
73.616667,0.00000000
73.633333,0.00000000
73.650000,0.00000000
73.666667,0.00056358
73.683333,0.00000000
73.700000,0.00000000
73.716667,0.00000000
73.733333,0.00000000
73.750000,0.00061439
73.766667,0.00000000
73.783333,0.00021147
73.800000,0.00046420
73.816667,0.00000000
73.833333,0.00101535
73.850000,0.00000000
73.866667,0.00052179
73.883333,0.00000000
73.900000,0.00078791
73.916667,0.00084113
73.933333,0.00042461
73.950000,0.00000000
73.966667,0.00028296
73.983333,0.00000000
74.000000,0.00000000
74.016667,0.00028346
74.033333,0.00000000
74.050000,0.00014515
74.066667,0.00111417
74.083333,0.00053523
74.100000,0.00000000
74.116667,0.00000000
74.133333,0.00079700
74.150000,0.00000000
74.166667,0.00026842
74.183333,0.00000000
74.200000,0.00000000
74.216667,0.00000000
74.233333,0.00000000
74.250000,0.00043732
74.266667,0.00048793
74.283333,0.00039299
74.300000,0.00000000
74.316667,0.00062861
74.333333,0.00021359
74.350000,0.00004083
74.366667,0.00000000
74.383333,0.00000000
74.400000,0.00000000
74.416667,0.00059360
74.433333,0.00000000
74.450000,0.00000000
74.466667,0.00108194
74.483333,0.00000000
74.500000,0.00000000
74.516667,0.00000000
74.533333,0.00015332
74.550000,0.00023158
74.566667,0.00000000
74.583333,0.00000000
74.600000,0.00007508
74.616667,0.00051436
74.633333,0.00018034
74.650000,0.00000000
74.666667,0.00016556
74.683333,0.00000000
74.700000,0.00000000
74.716667,0.00000000
74.733333,0.00036145
74.750000,0.00048801
74.766667,0.00023120
74.783333,0.00000000
74.800000,0.00000000
74.816667,0.00000000
74.833333,0.00000000
74.850000,0.00000000
74.866667,0.00058164
74.883333,0.00000000
74.900000,0.00000000
74.916667,0.00000000
74.933333,0.00000000
74.950000,0.00023685
74.966667,0.00000000
74.983333,0.00118139
75.000000,0.00000000
75.016667,0.00000000
75.033333,0.00036725
75.050000,0.00056632
75.066667,0.00000000
75.083333,0.00000000
75.100000,0.00074099
75.116667,0.00000000
75.133333,0.00000000
75.150000,0.00077502
75.166667,0.00000000
75.183333,0.00045404
75.200000,0.00092742
75.216667,0.00000000
75.233333,0.00052752
75.250000,0.00021261
75.266667,0.00114595
75.283333,0.00118488
75.300000,0.00076364
75.316667,0.00000000
75.333333,0.00048348
75.350000,0.00000000
75.366667,0.00040349
75.383333,0.00015665
75.400000,0.00000000
75.416667,0.00036723
75.433333,0.00000000
75.450000,0.00071299
75.466667,0.00000000
75.483333,0.00000000
75.500000,0.00040977
75.516667,0.00017545
75.533333,0.00000000
75.550000,0.00050176
75.566667,0.00000000
75.583333,0.00000000
75.600000,0.00091239
75.616667,0.00105626
75.633333,0.00089809
75.650000,0.00000000
75.666667,0.00000000
75.683333,0.00000000
75.700000,0.00079242
75.716667,0.00000000
75.733333,0.00038492
75.750000,0.00085473
75.766667,0.00000000
75.783333,0.00000000
75.800000,0.00000000
75.816667,0.00048563
75.833333,0.00163280
75.850000,0.00000000
75.866667,0.00000000
75.883333,0.00046064
75.900000,0.00030015
75.916667,0.00064823
75.933333,0.00000000
75.950000,0.00023864
75.966667,0.00000000
75.983333,0.00003891
76.000000,0.00000000
76.016667,0.00164864
76.033333,0.00071590
76.050000,0.00000000
76.066667,0.00000000
76.083333,0.00010283
76.100000,0.00000000
76.116667,0.00000000
76.133333,0.00000000
76.150000,0.00000000
76.166667,0.00000000
76.183333,0.00079294
76.200000,0.00000000
76.216667,0.00000000
76.233333,0.00080635
76.250000,0.00000000
76.266667,0.00015557
76.283333,0.00000000
76.300000,0.00092821
76.316667,0.00012343
76.333333,0.00030063
76.350000,0.00057588
76.366667,0.00011624
76.383333,0.00000000
76.400000,0.00019972
76.416667,0.00000000
76.433333,0.00000000
76.450000,0.00000000
76.466667,0.00000000
76.483333,0.00000000
76.500000,0.00102442
76.516667,0.00000000
76.533333,0.00000000
76.550000,0.00000000
76.566667,0.00000000
76.583333,0.00000000
76.600000,0.00000000
76.616667,0.00000000
76.633333,0.00045045
76.650000,0.00000000
76.666667,0.00000000
76.683333,0.00122166
76.700000,0.00000000
76.716667,0.00022157
76.733333,0.00000000
76.750000,0.00000000
76.766667,0.00000000
76.783333,0.00000000
76.800000,0.00001186
76.816667,0.00000000
76.833333,0.00000000
76.850000,0.00008055
76.866667,0.00000000
76.883333,0.00000000
76.900000,0.00050248
76.916667,0.00040381
76.933333,0.00000000
76.950000,0.00070674
76.966667,0.00060342
76.983333,0.00000000
77.000000,0.00000000
77.016667,0.00062323
77.033333,0.00000000
77.050000,0.00027684
77.066667,0.00000000
77.083333,0.00074948
77.100000,0.00058729
77.116667,0.00060008
77.133333,0.00000000
77.150000,0.00000000
77.166667,0.00000000
77.183333,0.00034531
77.200000,0.00153200
77.216667,0.00010631
77.233333,0.00058920
77.250000,0.00100701
77.266667,0.00000000
77.283333,0.00000000
77.300000,0.00026257
77.316667,0.00043449
77.333333,0.00058912
77.350000,0.00036816
77.366667,0.00000000
77.383333,0.00021330
77.400000,0.00067506
77.416667,0.00000000
77.433333,0.00062157
77.450000,0.00000000
77.466667,0.00027527
77.483333,0.00000000
77.500000,0.00057131
77.516667,0.00000000
77.533333,0.00000000
77.550000,0.00000000
77.566667,0.00016443
77.583333,0.00074257
77.600000,0.00000000
77.616667,0.00031546
77.633333,0.00178236
77.650000,0.00000000
77.666667,0.00000000
77.683333,0.00054191
77.700000,0.00084519
77.716667,0.00064532
77.733333,0.00000000
77.750000,0.00000000
77.766667,0.00000000
77.783333,0.00000000
77.800000,0.00054908
77.816667,0.00000000
77.833333,0.00040655
77.850000,0.00000000
77.866667,0.00115555
77.883333,0.00054399
77.900000,0.00096917
77.916667,0.00011727
77.933333,0.00003879
77.950000,0.00000000
77.966667,0.00000000
77.983333,0.00000000
78.000000,0.00095978
78.016667,0.00072196
78.033333,0.00000000
78.050000,0.00007903
78.066667,0.00052845
78.083333,0.00013355
78.100000,0.00000000
78.116667,0.00000000
78.133333,0.00078798
78.150000,0.00000000
78.166667,0.00037665
78.183333,0.00000000
78.200000,0.00053729
78.216667,0.00037950
78.233333,0.00000000
78.250000,0.00000000
78.266667,0.00000000
78.283333,0.00000000
78.300000,0.00096454
78.316667,0.00013918
78.333333,0.00000000
78.350000,0.00000000
78.366667,0.00000000
78.383333,0.00036388
78.400000,0.00000000
78.416667,0.00025567
78.433333,0.00000000
78.450000,0.00079385
78.466667,0.00106608
78.483333,0.00000000
78.500000,0.00000000
78.516667,0.00000000
78.533333,0.00000000
78.550000,0.00054363
78.566667,0.00000000
78.583333,0.00026082
78.600000,0.00031274
78.616667,0.00000000
78.633333,0.00000000
78.650000,0.00044561
78.666667,0.00000000
78.683333,0.00000000
78.700000,0.00080913
78.716667,0.00061824
78.733333,0.00050494
78.750000,0.00048286
78.766667,0.00000000
78.783333,0.00000000
78.800000,0.00000000
78.816667,0.00042042
78.833333,0.00110158
78.850000,0.00000000
78.866667,0.00112235
78.883333,0.00000000
78.900000,0.00000000
78.916667,0.00000000
78.933333,0.00000000
78.950000,0.00023921
78.966667,0.00000000
78.983333,0.00083655
79.000000,0.00000000
79.016667,0.00015330
79.033333,0.00012119
79.050000,0.00000000
79.066667,0.00084473
79.083333,0.00110141
79.100000,0.00000000
79.116667,0.00000000
79.133333,0.00043809
79.150000,0.00069277
79.166667,0.00030226
79.183333,0.00000000
79.200000,0.00000000
79.216667,0.00039007
79.233333,0.00025572
79.250000,0.00000000
79.266667,0.00059178
79.283333,0.00000000
79.300000,0.00009189
79.316667,0.00000000
79.333333,0.00029227
79.350000,0.00000000
79.366667,0.00081475
79.383333,0.00101192
79.400000,0.00065557
79.416667,0.00000000
79.433333,0.00000000
79.450000,0.00000000
79.466667,0.00022884
79.483333,0.00063485
79.500000,0.00012537
79.516667,0.00000000
79.533333,0.00000000
79.550000,0.00000000
79.566667,0.00046438
79.583333,0.00053866
79.600000,0.00034570
79.616667,0.00011129
79.633333,0.00031650
79.650000,0.00027439
79.666667,0.00099637
79.683333,0.00056198
79.700000,0.00000000
79.716667,0.00000000
79.733333,0.00000000
79.750000,0.00078679
79.766667,0.00000000
79.783333,0.00000000
79.800000,0.00000000
79.816667,0.00000000
79.833333,0.00000000
79.850000,0.00000000
79.866667,0.00000000
79.883333,0.00006880
79.900000,0.00000000
79.916667,0.00061417
79.933333,0.00011797
79.950000,0.00000000
79.966667,0.00039182
79.983333,0.00100559
80.000000,0.00000000
80.016667,0.00021909
80.033333,0.00000000
80.050000,0.00000000
80.066667,0.00013188
80.083333,0.00000000
80.100000,0.00000000
80.116667,0.00000000
80.133333,0.00010236
80.150000,0.00000000
80.166667,0.00000000
80.183333,0.00065757
80.200000,0.00000000
80.216667,0.00124487
80.233333,0.00000000
80.250000,0.00000000
80.266667,0.00017461
80.283333,0.00000000
80.300000,0.00105619
80.316667,0.00002954
80.333333,0.00000000
80.350000,0.00097199
80.366667,0.00000000
80.383333,0.00000000
80.400000,0.00125216
80.416667,0.00050446
80.433333,0.00008016
80.450000,0.00066799
80.466667,0.00070595
80.483333,0.00000000
80.500000,0.00000000
80.516667,0.00049055
80.533333,0.00000000
80.550000,0.00026234
80.566667,0.00000000
80.583333,0.00023961
80.600000,0.00100369
80.616667,0.00053804
80.633333,0.00000000
80.650000,0.00000000
80.666667,0.00000000
80.683333,0.00000000
80.700000,0.00000000
80.716667,0.00067418
80.733333,0.00042754
80.750000,0.00000000
80.766667,0.00000873
80.783333,0.00052092
80.800000,0.00000000
80.816667,0.00000000
80.833333,0.00000000
80.850000,0.00059794
80.866667,0.00000000
80.883333,0.00000000
80.900000,0.00019111
80.916667,0.00000000
80.933333,0.00000000
80.950000,0.00068899
80.966667,0.00075960
80.983333,0.00113791
81.000000,0.00000000
81.016667,0.00121313
81.033333,0.00066392
81.050000,0.00042927
81.066667,0.00034472
81.083333,0.00000000
81.100000,0.00073706
81.116667,0.00016367
81.133333,0.00031396
81.150000,0.00000000
81.166667,0.00000000
81.183333,0.00057699
81.200000,0.00000000
81.216667,0.00035404
81.233333,0.00000000
81.250000,0.00000000
81.266667,0.00000000
81.283333,0.00000000
81.300000,0.00000000
81.316667,0.00000000
81.333333,0.00000000
81.350000,0.00002108
81.366667,0.00000000
81.383333,0.00000000
81.400000,0.00091626
81.416667,0.00008042
81.433333,0.00000000
81.450000,0.00000000
81.466667,0.00025280
81.483333,0.00069798
81.500000,0.00000000
81.516667,0.00000000
81.533333,0.00000000
81.550000,0.00000000
81.566667,0.00131546
81.583333,0.00036948
81.600000,0.00024761
81.616667,0.00101442
81.633333,0.00092602
81.650000,0.00000000
81.666667,0.00037299
81.683333,0.00000000
81.700000,0.00000000
81.716667,0.00000000
81.733333,0.00064613
81.750000,0.00000000
81.766667,0.00032745
81.783333,0.00000000
81.800000,0.00001734
81.816667,0.00000000
81.833333,0.00115997
81.850000,0.00109743
81.866667,0.00047554
81.883333,0.00030877
81.900000,0.00075830
81.916667,0.00018597
81.933333,0.00022753
81.950000,0.00000000
81.966667,0.00082521
81.983333,0.00125383
82.000000,0.00000000
82.016667,0.00000000
82.033333,0.00000000
82.050000,0.00078270
82.066667,0.00000000
82.083333,0.00000282
82.100000,0.00000000
82.116667,0.00000000
82.133333,0.00000000
82.150000,0.00107073
82.166667,0.00096380
82.183333,0.00033077
82.200000,0.00000000
82.216667,0.00093552
82.233333,0.00047547
82.250000,0.00000000
82.266667,0.00000000
82.283333,0.00000000
82.300000,0.00000000
82.316667,0.00031957
82.333333,0.00102022
82.350000,0.00000000
82.366667,0.00054702
82.383333,0.00000000
82.400000,0.00000000
82.416667,0.00098693
82.433333,0.00043704
82.450000,0.00049298
82.466667,0.00000000
82.483333,0.00000000
82.500000,0.00017733
82.516667,0.00091545
82.533333,0.00000000
82.550000,0.00000000
82.566667,0.00015474
82.583333,0.00000000
82.600000,0.00087518
82.616667,0.00073523
82.633333,0.00000000
82.650000,0.00059518
82.666667,0.00000000
82.683333,0.00019803
82.700000,0.00000000
82.716667,0.00024438
82.733333,0.00000000
82.750000,0.00000000
82.766667,0.00000000
82.783333,0.00000000
82.800000,0.00000000
82.816667,0.00000000
82.833333,0.00000000
82.850000,0.00000000
82.866667,0.00000000
82.883333,0.00000000
82.900000,0.00000000
82.916667,0.00134691
82.933333,0.00011220
82.950000,0.00020125
82.966667,0.00179132
82.983333,0.00006685
83.000000,0.00061157
83.016667,0.00039681
83.033333,0.00000000
83.050000,0.00000000
83.066667,0.00047899
83.083333,0.00036113
83.100000,0.00031815
83.116667,0.00000000
83.133333,0.00032253
83.150000,0.00000000
83.166667,0.00000000
83.183333,0.00000000
83.200000,0.00000000
83.216667,0.00000000
83.233333,0.00000000
83.250000,0.00130873
83.266667,0.00000000
83.283333,0.00001631
83.300000,0.00000000
83.316667,0.00000000
83.333333,0.00010395
83.350000,0.00000000
83.366667,0.00000000
83.383333,0.00064248
83.400000,0.00000000
83.416667,0.00015475
83.433333,0.00000000
83.450000,0.00000000
83.466667,0.00000000
83.483333,0.00000000
83.500000,0.00048090
83.516667,0.00000000
83.533333,0.00000000
83.550000,0.00006305
83.566667,0.00063761
83.583333,0.00014311
83.600000,0.00000000
83.616667,0.00000000
83.633333,0.00044018
83.650000,0.00000000
83.666667,0.00129259
83.683333,0.00000000
83.700000,0.00000859
83.716667,0.00000000
83.733333,0.00000000
83.750000,0.00000000
83.766667,0.00025909
83.783333,0.00000000
83.800000,0.00000000
83.816667,0.00000000
83.833333,0.00033703
83.850000,0.00022965
83.866667,0.00039573
83.883333,0.00080986
83.900000,0.00000000
83.916667,0.00000000
83.933333,0.00000000
83.950000,0.00134729
83.966667,0.00000000
83.983333,0.00000000
84.000000,0.00018363
84.016667,0.00000000
84.033333,0.00094715
84.050000,0.00001533
84.066667,0.00000000
84.083333,0.00035282
84.100000,0.00000000
84.116667,0.00063618
84.133333,0.00096840
84.150000,0.00000000
84.166667,0.00023843
84.183333,0.00000000
84.200000,0.00044476
84.216667,0.00000000
84.233333,0.00079336
84.250000,0.00000000
84.266667,0.00000000
84.283333,0.00000000
84.300000,0.00080942
84.316667,0.00000000
84.333333,0.00000000
84.350000,0.00000000
84.366667,0.00126393
84.383333,0.00000000
84.400000,0.00000000
84.416667,0.00000000
84.433333,0.00000000
84.450000,0.00018550
84.466667,0.00000000
84.483333,0.00183726
84.500000,0.00071228
84.516667,0.00000000
84.533333,0.00056796
84.550000,0.00000000
84.566667,0.00000000
84.583333,0.00008710
84.600000,0.00060927
84.616667,0.00000000
84.633333,0.00000000
84.650000,0.00026820
84.666667,0.00063553
84.683333,0.00048901
84.700000,0.00000000
84.716667,0.00000000
84.733333,0.00024389
84.750000,0.00000000
84.766667,0.00008609
84.783333,0.00036943
84.800000,0.00000000
84.816667,0.00000000
84.833333,0.00088874
84.850000,0.00000000
84.866667,0.00068322
84.883333,0.00035123
84.900000,0.00000000
84.916667,0.00043081
84.933333,0.00000000
84.950000,0.00013863
84.966667,0.00000000
84.983333,0.00041284
85.000000,0.00000000
85.016667,0.00000000
85.033333,0.00000000
85.050000,0.00000000
85.066667,0.00000000
85.083333,0.00055385
85.100000,0.00062699
85.116667,0.00001675
85.133333,0.00000000
85.150000,0.00050070
85.166667,0.00022435
85.183333,0.00000000
85.200000,0.00026053
85.216667,0.00052077
85.233333,0.00000000
85.250000,0.00005485
85.266667,0.00000000
85.283333,0.00097108
85.300000,0.00011739
85.316667,0.00046261
85.333333,0.00181608
85.350000,0.00000000
85.366667,0.00000000
85.383333,0.00000000
85.400000,0.00000000
85.416667,0.00021663
85.433333,0.00000000
85.450000,0.00000000
85.466667,0.00059564
85.483333,0.00044385
85.500000,0.00000000
85.516667,0.00000000
85.533333,0.00046568
85.550000,0.00118374
85.566667,0.00000000
85.583333,0.00024773
85.600000,0.00023083
85.616667,0.00000000
85.633333,0.00054197
85.650000,0.00000000
85.666667,0.00000000
85.683333,0.00047028
85.700000,0.00000000
85.716667,0.00062930
85.733333,0.00067185
85.750000,0.00006277
85.766667,0.00089671
85.783333,0.00000000
85.800000,0.00043560
85.816667,0.00000000
85.833333,0.00000000
85.850000,0.00000000
85.866667,0.00000000
85.883333,0.00000000
85.900000,0.00000000
85.916667,0.00069725
85.933333,0.00000000
85.950000,0.00000000
85.966667,0.00018966
85.983333,0.00000000
86.000000,0.00000000
86.016667,0.00000000
86.033333,0.00046345
86.050000,0.00000000
86.066667,0.00089924
86.083333,0.00168327
86.100000,0.00000000
86.116667,0.00000000
86.133333,0.00002426
86.150000,0.00132002
86.166667,0.00056606
86.183333,0.00000000
86.200000,0.00082387
86.216667,0.00000000
86.233333,0.00065037
86.250000,0.00000000
86.266667,0.00001738
86.283333,0.00002415
86.300000,0.00000000
86.316667,0.00094383
86.333333,0.00030052
86.350000,0.00000000
86.366667,0.00045442
86.383333,0.00000000
86.400000,0.00048852
86.416667,0.00000000
86.433333,0.00000000
86.450000,0.00061040
86.466667,0.00000000
86.483333,0.00000000
86.500000,0.00001218
86.516667,0.00002001
86.533333,0.00000000
86.550000,0.00040909
86.566667,0.00000000
86.583333,0.00003476
86.600000,0.00029956
86.616667,0.00000000
86.633333,0.00000000
86.650000,0.00000000
86.666667,0.00146429
86.683333,0.00084678
86.700000,0.00085931
86.716667,0.00049129
86.733333,0.00000000
86.750000,0.00000000
86.766667,0.00000000
86.783333,0.00000000
86.800000,0.00000000
86.816667,0.00086441
86.833333,0.00000000
86.850000,0.00119491
86.866667,0.00015750
86.883333,0.00000000
86.900000,0.00000000
86.916667,0.00116242
86.933333,0.00000172
86.950000,0.00000000
86.966667,0.00000000
86.983333,0.00022836
87.000000,0.00000000
87.016667,0.00089914
87.033333,0.00082211
87.050000,0.00000000
87.066667,0.00044052
87.083333,0.00000000
87.100000,0.00010828
87.116667,0.00075654
87.133333,0.00059564
87.150000,0.00000000
87.166667,0.00017621
87.183333,0.00000000
87.200000,0.00000000
87.216667,0.00000000
87.233333,0.00000000
87.250000,0.00044709
87.266667,0.00000000
87.283333,0.00055418
87.300000,0.00000000
87.316667,0.00000000
87.333333,0.00089233
87.350000,0.00007599
87.366667,0.00008572
87.383333,0.00003000
87.400000,0.00000000
87.416667,0.00006727
87.433333,0.00090450
87.450000,0.00000000
87.466667,0.00000000
87.483333,0.00003412
87.500000,0.00000000
87.516667,0.00055645
87.533333,0.00000000
87.550000,0.00000000
87.566667,0.00035518
87.583333,0.00000000
87.600000,0.00077489
87.616667,0.00000000
87.633333,0.00044447
87.650000,0.00000000
87.666667,0.00027045
87.683333,0.00000000
87.700000,0.00000000
87.716667,0.00000000
87.733333,0.00026936
87.750000,0.00000000
87.766667,0.00048917
87.783333,0.00000000
87.800000,0.00000000
87.816667,0.00038027
87.833333,0.00000000
87.850000,0.00024686
87.866667,0.00000000
87.883333,0.00017433
87.900000,0.00000000
87.916667,0.00000000
87.933333,0.00064322
87.950000,0.00000000
87.966667,0.00005320
87.983333,0.00086714
88.000000,0.00000000
88.016667,0.00106446
88.033333,0.00000000
88.050000,0.00000000
88.066667,0.00000000
88.083333,0.00010186
88.100000,0.00077778
88.116667,0.00077370
88.133333,0.00097626
88.150000,0.00000000
88.166667,0.00000000
88.183333,0.00000000
88.200000,0.00000000
88.216667,0.00000000
88.233333,0.00000000
88.250000,0.00000000
88.266667,0.00087187
88.283333,0.00044272
88.300000,0.00017831
88.316667,0.00000000
88.333333,0.00041102
88.350000,0.00000000
88.366667,0.00090245
88.383333,0.00000000
88.400000,0.00103047
88.416667,0.00000000
88.433333,0.00065828
88.450000,0.00024316
88.466667,0.00062437
88.483333,0.00000000
88.500000,0.00000000
88.516667,0.00015611
88.533333,0.00083460
88.550000,0.00063387
88.566667,0.00000341
88.583333,0.00110183
88.600000,0.00000000
88.616667,0.00019006
88.633333,0.00000000
88.650000,0.00000000
88.666667,0.00000000
88.683333,0.00011374
88.700000,0.00000000
88.716667,0.00095214
88.733333,0.00000000
88.750000,0.00000000
88.766667,0.00000000
88.783333,0.00005076
88.800000,0.00026605
88.816667,0.00009493
88.833333,0.00064107
88.850000,0.00146604
88.866667,0.00000000
88.883333,0.00017522
88.900000,0.00135982
88.916667,0.00019843
88.933333,0.00000000
88.950000,0.00036414
88.966667,0.00027272
88.983333,0.00170821
89.000000,0.00046929
89.016667,0.00000000
89.033333,0.00000000
89.050000,0.00000000
89.066667,0.00000000
89.083333,0.00009965
89.100000,0.00045216
89.116667,0.00048779
89.133333,0.00000000
89.150000,0.00065653
89.166667,0.00020915
89.183333,0.00000000
89.200000,0.00049730
89.216667,0.00000000
89.233333,0.00003692
89.250000,0.00000000
89.266667,0.00000000
89.283333,0.00000000
89.300000,0.00000000
89.316667,0.00121095
89.333333,0.00000000
89.350000,0.00000000
89.366667,0.00039363
89.383333,0.00000000
89.400000,0.00114990
89.416667,0.00037358
89.433333,0.00097057
89.450000,0.00017017
89.466667,0.00015483
89.483333,0.00000000
89.500000,0.00000000
89.516667,0.00043095
89.533333,0.00057719
89.550000,0.00068882
89.566667,0.00000000
89.583333,0.00000000
89.600000,0.00000000
89.616667,0.00000000
89.633333,0.00120098
89.650000,0.00030079
89.666667,0.00067552
89.683333,0.00000000
89.700000,0.00000000
89.716667,0.00003427
89.733333,0.00003011
89.750000,0.00041005
89.766667,0.00095106
89.783333,0.00000000
89.800000,0.00000000
89.816667,0.00101718
89.833333,0.00040221
89.850000,0.00068091
89.866667,0.00000000
89.883333,0.00090627
89.900000,0.00046490
89.916667,0.00000000
89.933333,0.00000000
89.950000,0.00074361
89.966667,0.00081637
89.983333,0.00000000
90.000000,0.00038012
90.016667,0.00092683
90.033333,0.00000000
90.050000,0.00006932
90.066667,0.00000000
90.083333,0.00061280
90.100000,0.00000000
90.116667,0.00022181
90.133333,0.00009807
90.150000,0.00000000
90.166667,0.00000000
90.183333,0.00075305
90.200000,0.00000000
90.216667,0.00000000
90.233333,0.00000000
90.250000,0.00000000
90.266667,0.00000000
90.283333,0.00008304
90.300000,0.00000000
90.316667,0.00035452
90.333333,0.00092753
90.350000,0.00006267
90.366667,0.00059025
90.383333,0.00000000
90.400000,0.00008028
90.416667,0.00000000
90.433333,0.00005279
90.450000,0.00000000
90.466667,0.00000000
90.483333,0.00067958
90.500000,0.00029599
90.516667,0.00019083
90.533333,0.00000000
90.550000,0.00027019
90.566667,0.00000000
90.583333,0.00000000
90.600000,0.00034233
90.616667,0.00059158
90.633333,0.00033130
90.650000,0.00000000
90.666667,0.00000000
90.683333,0.00000000
90.700000,0.00027412
90.716667,0.00000000
90.733333,0.00000000
90.750000,0.00031341
90.766667,0.00000000
90.783333,0.00000000
90.800000,0.00059864
90.816667,0.00000000
90.833333,0.00068276
90.850000,0.00043791
90.866667,0.00079029
90.883333,0.00056445
90.900000,0.00067455
90.916667,0.00167273
90.933333,0.00000000
90.950000,0.00004388
90.966667,0.00032880
90.983333,0.00082438
91.000000,0.00017855
91.016667,0.00000000
91.033333,0.00000000
91.050000,0.00000000
91.066667,0.00071894
91.083333,0.00000000
91.100000,0.00000000
91.116667,0.00161339
91.133333,0.00000000
91.150000,0.00030453
91.166667,0.00000000
91.183333,0.00046558
91.200000,0.00000000
91.216667,0.00048910
91.233333,0.00003820
91.250000,0.00000000
91.266667,0.00022137
91.283333,0.00000000
91.300000,0.00034868
91.316667,0.00000000
91.333333,0.00106992
91.350000,0.00045631
91.366667,0.00010814
91.383333,0.00000000
91.400000,0.00063608
91.416667,0.00038528
91.433333,0.00000000
91.450000,0.00000000
91.466667,0.00000000
91.483333,0.00000000
91.500000,0.00000000
91.516667,0.00000000
91.533333,0.00000000
91.550000,0.00000000
91.566667,0.00000000
91.583333,0.00000000
91.600000,0.00000000
91.616667,0.00000000
91.633333,0.00116451
91.650000,0.00056439
91.666667,0.00000000
91.683333,0.00000000
91.700000,0.00073081
91.716667,0.00032063
91.733333,0.00000000
91.750000,0.00000000
91.766667,0.00029025
91.783333,0.00000000
91.800000,0.00016174
91.816667,0.00026967
91.833333,0.00000000
91.850000,0.00000000
91.866667,0.00001589
91.883333,0.00000000
91.900000,0.00000000
91.916667,0.00071205
91.933333,0.00000000
91.950000,0.00072602
91.966667,0.00000000
91.983333,0.00007107
92.000000,0.00053804
92.016667,0.00038765
92.033333,0.00000000
92.050000,0.00000000
92.066667,0.00041552
92.083333,0.00025126
92.100000,0.00000351
92.116667,0.00184381
92.133333,0.00000000
92.150000,0.00000000
92.166667,0.00063911
92.183333,0.00082398
92.200000,0.00000000
92.216667,0.00021380
92.233333,0.00000000
92.250000,0.00022823
92.266667,0.00000000
92.283333,0.00041553
92.300000,0.00000000
92.316667,0.00000000
92.333333,0.00024076
92.350000,0.00010104
92.366667,0.00000000
92.383333,0.00000000
92.400000,0.00013602
92.416667,0.00092943
92.433333,0.00050917
92.450000,0.00000000
92.466667,0.00082712
92.483333,0.00001999
92.500000,0.00012101
92.516667,0.00000000
92.533333,0.00000000
92.550000,0.00087073
92.566667,0.00028280
92.583333,0.00000000
92.600000,0.00000000
92.616667,0.00000000
92.633333,0.00000000
92.650000,0.00000000
92.666667,0.00000000
92.683333,0.00000000
92.700000,0.00013136
92.716667,0.00055661
92.733333,0.00000000
92.750000,0.00060834
92.766667,0.00000000
92.783333,0.00050157
92.800000,0.00000000
92.816667,0.00070472
92.833333,0.00054455
92.850000,0.00000000
92.866667,0.00002522
92.883333,0.00000000
92.900000,0.00000000
92.916667,0.00102102
92.933333,0.00000000
92.950000,0.00031083
92.966667,0.00057102
92.983333,0.00000000
93.000000,0.00002451
93.016667,0.00000000
93.033333,0.00016332
93.050000,0.00000000
93.066667,0.00112563
93.083333,0.00000000
93.100000,0.00000000
93.116667,0.00013376
93.133333,0.00000000
93.150000,0.00039735
93.166667,0.00000000
93.183333,0.00000000
93.200000,0.00000000
93.216667,0.00023099
93.233333,0.00000000
93.250000,0.00000000
93.266667,0.00000000
93.283333,0.00008613
93.300000,0.00000000
93.316667,0.00000924
93.333333,0.00000000
93.350000,0.00002066
93.366667,0.00024603
93.383333,0.00008179
93.400000,0.00010784
93.416667,0.00000000
93.433333,0.00023225
93.450000,0.00133165
93.466667,0.00010011
93.483333,0.00099637
93.500000,0.00143735
93.516667,0.00090420
93.533333,0.00005434
93.550000,0.00000000
93.566667,0.00000000
93.583333,0.00093524
93.600000,0.00048910
93.616667,0.00000000
93.633333,0.00128677
93.650000,0.00000000
93.666667,0.00000000
93.683333,0.00000000
93.700000,0.00064885
93.716667,0.00014387
93.733333,0.00067363
93.750000,0.00063523
93.766667,0.00113065
93.783333,0.00000000
93.800000,0.00039558
93.816667,0.00000000
93.833333,0.00052275
93.850000,0.00015655
93.866667,0.00000000
93.883333,0.00036852
93.900000,0.00023133
93.916667,0.00044725
93.933333,0.00000000
93.950000,0.00000000
93.966667,0.00035045
93.983333,0.00000000
94.000000,0.00000000
94.016667,0.00000000
94.033333,0.00000000
94.050000,0.00027678
94.066667,0.00000000
94.083333,0.00073173
94.100000,0.00000000
94.116667,0.00054900
94.133333,0.00000000
94.150000,0.00036536
94.166667,0.00000000
94.183333,0.00152782
94.200000,0.00049578
94.216667,0.00089212
94.233333,0.00000000
94.250000,0.00000000
94.266667,0.00000000
94.283333,0.00000000
94.300000,0.00084174
94.316667,0.00000000
94.333333,0.00000000
94.350000,0.00041129
94.366667,0.00000000
94.383333,0.00056042
94.400000,0.00071666
94.416667,0.00000000
94.433333,0.00020196
94.450000,0.00000000
94.466667,0.00000000
94.483333,0.00000000
94.500000,0.00000000
94.516667,0.00000000
94.533333,0.00038994
94.550000,0.00034856
94.566667,0.00000000
94.583333,0.00165620
94.600000,0.00000000
94.616667,0.00000000
94.633333,0.00015731
94.650000,0.00110296
94.666667,0.00084300
94.683333,0.00000000
94.700000,0.00052758
94.716667,0.00007374
94.733333,0.00009872
94.750000,0.00000000
94.766667,0.00081906
94.783333,0.00015320
94.800000,0.00000000
94.816667,0.00033204
94.833333,0.00000000
94.850000,0.00021084
94.866667,0.00044234
94.883333,0.00000000
94.900000,0.00017516
94.916667,0.00000000
94.933333,0.00000000
94.950000,0.00056304
94.966667,0.00000000
94.983333,0.00059587
95.000000,0.00000000
95.016667,0.00006103
95.033333,0.00000000
95.050000,0.00034294
95.066667,0.00049133
95.083333,0.00000000
95.100000,0.00000000
95.116667,0.00053072
95.133333,0.00000000
95.150000,0.00000000
95.166667,0.00033544
95.183333,0.00000000
95.200000,0.00045710
95.216667,0.00000000
95.233333,0.00017431
95.250000,0.00000000
95.266667,0.00013083
95.283333,0.00000000
95.300000,0.00000000
95.316667,0.00000000
95.333333,0.00026849
95.350000,0.00000000
95.366667,0.00000000
95.383333,0.00000000
95.400000,0.00023044
95.416667,0.00000000
95.433333,0.00063453
95.450000,0.00147987
95.466667,0.00000000
95.483333,0.00095519
95.500000,0.00000000
95.516667,0.00133064
95.533333,0.00000000
95.550000,0.00000000
95.566667,0.00000000
95.583333,0.00078605
95.600000,0.00000000
95.616667,0.00089807
95.633333,0.00061411
95.650000,0.00016596
95.666667,0.00079791
95.683333,0.00042302
95.700000,0.00070349
95.716667,0.00000000
95.733333,0.00061919
95.750000,0.00002685
95.766667,0.00000000
95.783333,0.00000000
95.800000,0.00057430
95.816667,0.00030391
95.833333,0.00000000
95.850000,0.00000000
95.866667,0.00000000
95.883333,0.00029548
95.900000,0.00164695
95.916667,0.00021524
95.933333,0.00000000
95.950000,0.00000000
95.966667,0.00000000
95.983333,0.00000000
96.000000,0.00000000
96.016667,0.00000439
96.033333,0.00000000
96.050000,0.00000000
96.066667,0.00000000
96.083333,0.00000000
96.100000,0.00000000
96.116667,0.00026383
96.133333,0.00055997
96.150000,0.00079028
96.166667,0.00000000
96.183333,0.00067323
96.200000,0.00000000
96.216667,0.00000000
96.233333,0.00009998
96.250000,0.00000000
96.266667,0.00030066
96.283333,0.00000000
96.300000,0.00000000
96.316667,0.00000000
96.333333,0.00001426
96.350000,0.00000000
96.366667,0.00059166
96.383333,0.00029702
96.400000,0.00012768
96.416667,0.00073881
96.433333,0.00000000
96.450000,0.00121431
96.466667,0.00000000
96.483333,0.00000000
96.500000,0.00011176
96.516667,0.00000000
96.533333,0.00000000
96.550000,0.00000000
96.566667,0.00000000
96.583333,0.00000000
96.600000,0.00128853
96.616667,0.00028683
96.633333,0.00000000
96.650000,0.00000000
96.666667,0.00014886
96.683333,0.00000000
96.700000,0.00000000
96.716667,0.00080354
96.733333,0.00079664
96.750000,0.00145824
96.766667,0.00000000
96.783333,0.00000000
96.800000,0.00000000
96.816667,0.00000000
96.833333,0.00000000
96.850000,0.00000000
96.866667,0.00000000
96.883333,0.00000000
96.900000,0.00159457
96.916667,0.00074164
96.933333,0.00000000
96.950000,0.00008695
96.966667,0.00027392
96.983333,0.00135831
97.000000,0.00022691
97.016667,0.00010333
97.033333,0.00000000
97.050000,0.00009996
97.066667,0.00000000
97.083333,0.00024794
97.100000,0.00031090
97.116667,0.00000000
97.133333,0.00019096
97.150000,0.00000000
97.166667,0.00036930
97.183333,0.00000000
97.200000,0.00000000
97.216667,0.00000000
97.233333,0.00022841
97.250000,0.00038358
97.266667,0.00000000
97.283333,0.00061768
97.300000,0.00000000
97.316667,0.00000000
97.333333,0.00017706
97.350000,0.00000000
97.366667,0.00000000
97.383333,0.00000000
97.400000,0.00042594
97.416667,0.00000000
97.433333,0.00000000
97.450000,0.00000000
97.466667,0.00000000
97.483333,0.00000000
97.500000,0.00000000
97.516667,0.00052444
97.533333,0.00000000
97.550000,0.00000000
97.566667,0.00074856
97.583333,0.00043844
97.600000,0.00072020
97.616667,0.00000000
97.633333,0.00000000
97.650000,0.00112282
97.666667,0.00000000
97.683333,0.00054771
97.700000,0.00217093
97.716667,0.00002393
97.733333,0.00031888
97.750000,0.00039581
97.766667,0.00000000
97.783333,0.00000000
97.800000,0.00000000
97.816667,0.00000000
97.833333,0.00000000
97.850000,0.00104127
97.866667,0.00000000
97.883333,0.00000000
97.900000,0.00000000
97.916667,0.00015484
97.933333,0.00000000
97.950000,0.00000000
97.966667,0.00000000
97.983333,0.00000000
98.000000,0.00087129
98.016667,0.00000000
98.033333,0.00000000
98.050000,0.00000000
98.066667,0.00037367
98.083333,0.00000000
98.100000,0.00056306
98.116667,0.00000000
98.133333,0.00009235
98.150000,0.00030471
98.166667,0.00000000
98.183333,0.00000000
98.200000,0.00000000
98.216667,0.00027067
98.233333,0.00000000
98.250000,0.00000000
98.266667,0.00000000
98.283333,0.00132687
98.300000,0.00000000
98.316667,0.00046699
98.333333,0.00000000
98.350000,0.00026370
98.366667,0.00000000
98.383333,0.00003529
98.400000,0.00000000
98.416667,0.00000000
98.433333,0.00060880
98.450000,0.00073457
98.466667,0.00026941
98.483333,0.00000648
98.500000,0.00000000
98.516667,0.00014588
98.533333,0.00000226
98.550000,0.00000000
98.566667,0.00000000
98.583333,0.00039577
98.600000,0.00000000
98.616667,0.00070939
98.633333,0.00136570
98.650000,0.00011142
98.666667,0.00000000
98.683333,0.00097343
98.700000,0.00108232
98.716667,0.00000000
98.733333,0.00000000
98.750000,0.00121745
98.766667,0.00030505
98.783333,0.00000000
98.800000,0.00072354
98.816667,0.00000000
98.833333,0.00000000
98.850000,0.00019011
98.866667,0.00000000
98.883333,0.00000000
98.900000,0.00013282
98.916667,0.00000000
98.933333,0.00000000
98.950000,0.00000000
98.966667,0.00000000
98.983333,0.00106317
99.000000,0.00047347
99.016667,0.00000000
99.033333,0.00000000
99.050000,0.00009535
99.066667,0.00000000
99.083333,0.00000000
99.100000,0.00052296
99.116667,0.00000000
99.133333,0.00000000
99.150000,0.00009300
99.166667,0.00000000
99.183333,0.00063360
99.200000,0.00000000
99.216667,0.00020622
99.233333,0.00052130
99.250000,0.00000000
99.266667,0.00000000
99.283333,0.00069763
99.300000,0.00000000
99.316667,0.00000000
99.333333,0.00023872
99.350000,0.00040552
99.366667,0.00010272
99.383333,0.00000000
99.400000,0.00000000
99.416667,0.00000000
99.433333,0.00028022
99.450000,0.00012196
99.466667,0.00006726
99.483333,0.00000000
99.500000,0.00009707
99.516667,0.00194655
99.533333,0.00030900
99.550000,0.00013560
99.566667,0.00000000
99.583333,0.00000000
99.600000,0.00000000
99.616667,0.00000000
99.633333,0.00000000
99.650000,0.00076336
99.666667,0.00000000
99.683333,0.00064967
99.700000,0.00000000
99.716667,0.00044197
99.733333,0.00000000
99.750000,0.00000000
99.766667,0.00016147
99.783333,0.00000000
99.800000,0.00050411
99.816667,0.00044376
99.833333,0.00075586
99.850000,0.00000000
99.866667,0.00042517
99.883333,0.00000000
99.900000,0.00005641
99.916667,0.00030523
99.933333,0.00100865
99.950000,0.00134330
99.966667,0.00000000
99.983333,0.00084759
100.000000,0.00037845
