time_min,signal
0.000000,0.00079488
0.016667,0.00036682
0.033333,0.00000000
0.050000,0.00041493
0.066667,0.00000000
0.083333,0.00000000
0.100000,0.00000000
0.116667,0.00016824
0.133333,0.00000000
0.150000,0.00000000
0.166667,0.00000000
0.183333,0.00055142
0.200000,0.00001196
0.216667,0.00000000
0.233333,0.00000000
0.250000,0.00000000
0.266667,0.00000000
0.283333,0.00032865
0.300000,0.00000000
0.316667,0.00070345
0.333333,0.00000000
0.350000,0.00055937
0.366667,0.00023444
0.383333,0.00056299
0.400000,0.00050982
0.416667,0.00000000
0.433333,0.00003081
0.450000,0.00000000
0.466667,0.00000000
0.483333,0.00000000
0.500000,0.00019843
0.516667,0.00047597
0.533333,0.00013386
0.550000,0.00000000
0.566667,0.00000000
0.583333,0.00051434
0.600000,0.00000000
0.616667,0.00000000
0.633333,0.00016090
0.650000,0.00000000
0.666667,0.00016390
0.683333,0.00015807
0.700000,0.00009862
0.716667,0.00000000
0.733333,0.00014040
0.750000,0.00061661
0.766667,0.00000000
0.783333,0.00000000
0.800000,0.00000000
0.816667,0.00039683
0.833333,0.00096694
0.850000,0.00056684
0.866667,0.00000574
0.883333,0.00083072
0.900000,0.00000000
0.916667,0.00070042
0.933333,0.00074234
0.950000,0.00000000
0.966667,0.00000000
0.983333,0.00001324
1.000000,0.00079213
1.016667,0.00000000
1.033333,0.00017485
1.050000,0.00000000
1.066667,0.00000000
1.083333,0.00000000
1.100000,0.00013911
1.116667,0.00000000
1.133333,0.00000000
1.150000,0.00011263
1.166667,0.00000000
1.183333,0.00000000
1.200000,0.00000000
1.216667,0.00043138
1.233333,0.00000000
1.250000,0.00000000
1.266667,0.00000000
1.283333,0.00033352
1.300000,0.00000000
1.316667,0.00008884
1.333333,0.00000000
1.350000,0.00000000
1.366667,0.00000000
1.383333,0.00000000
1.400000,0.00040538
1.416667,0.00000000
1.433333,0.00030523
1.450000,0.00041363
1.466667,0.00010436
1.483333,0.00019822
1.500000,0.00050070
1.516667,0.00022165
1.533333,0.00018161
1.550000,0.00000000
1.566667,0.00081250
1.583333,0.00062048
1.600000,0.00000000
1.616667,0.00000000
1.633333,0.00081060
1.650000,0.00110989
1.666667,0.00027097
1.683333,0.00090197
1.700000,0.00000000
1.716667,0.00022885
1.733333,0.00105836
1.750000,0.00127627
1.766667,0.00081184
1.783333,0.00004731
1.800000,0.00026439
1.816667,0.00075180
1.833333,0.00042239
1.850000,0.00000000
1.866667,0.00024994
1.883333,0.00019949
1.900000,0.00000000
1.916667,0.00050012
1.933333,0.00000000
1.950000,0.00000000
1.966667,0.00000000
1.983333,0.00014735
2.000000,0.00000000
2.016667,0.00000000
2.033333,0.00000000
2.050000,0.00000000
2.066667,0.00027636
2.083333,0.00000000
2.100000,0.00002170
2.116667,0.00000000
2.133333,0.00000000
2.150000,0.00042616
2.166667,0.00067895
2.183333,0.00000000
2.200000,0.00072842
2.216667,0.00000000
2.233333,0.00039735
2.250000,0.00040046
2.266667,0.00000000
2.283333,0.00056950
2.300000,0.00000000
2.316667,0.00040664
2.333333,0.00073505
2.350000,0.00052501
2.366667,0.00000000
2.383333,0.00055226
2.400000,0.00088669
2.416667,0.00042925
2.433333,0.00024057
2.450000,0.00000000
2.466667,0.00061609
2.483333,0.00000000
2.500000,0.00000000
2.516667,0.00104769
2.533333,0.00021189
2.550000,0.00040496
2.566667,0.00017110
2.583333,0.00000000
2.600000,0.00010021
2.616667,0.00018764
2.633333,0.00044331
2.650000,0.00013338
2.666667,0.00000000
2.683333,0.00005599
2.700000,0.00000000
2.716667,0.00014372
2.733333,0.00030782
2.750000,0.00014384
2.766667,0.00055955
2.783333,0.00000000
2.800000,0.00000000
2.816667,0.00009120
2.833333,0.00000000
2.850000,0.00000000
2.866667,0.00000000
2.883333,0.00000000
2.900000,0.00025223
2.916667,0.00110569
2.933333,0.00000000
2.950000,0.00000000
2.966667,0.00100136
2.983333,0.00000000
3.000000,0.00092476
3.016667,0.00011749
3.033333,0.00000000
3.050000,0.00002998
3.066667,0.00000000
3.083333,0.00027073
3.100000,0.00081980
3.116667,0.00090097
3.133333,0.00165975
3.150000,0.00134002
3.166667,0.00343864
3.183333,0.00426206
3.200000,0.00759371
3.216667,0.01055954
3.233333,0.01445952
3.250000,0.01865381
3.266667,0.02242441
3.283333,0.02876669
3.300000,0.03217518
3.316667,0.03593088
3.333333,0.03749854
3.350000,0.03677944
3.366667,0.03706492
3.383333,0.03561484
3.400000,0.03222189
3.416667,0.03054475
3.433333,0.02553961
3.450000,0.02111879
3.466667,0.01614150
3.483333,0.01119388
3.500000,0.00854370
3.516667,0.00654388
3.533333,0.00452941
3.550000,0.00171345
3.566667,0.00180654
3.583333,0.00192691
3.600000,0.00181973
3.616667,0.00110083
3.633333,0.00064790
3.650000,0.00033507
3.666667,0.00039133
3.683333,0.00050708
3.700000,0.00062979
3.716667,0.00000811
3.733333,0.00000000
3.750000,0.00000000
3.766667,0.00139981
3.783333,0.00000000
3.800000,0.00000000
3.816667,0.00018438
3.833333,0.00000000
3.850000,0.00001589
3.866667,0.00000000
3.883333,0.00000000
3.900000,0.00000000
3.916667,0.00000000
3.933333,0.00024140
3.950000,0.00038284
3.966667,0.00000000
3.983333,0.00000000
4.000000,0.00103273
4.016667,0.00025125
4.033333,0.00000000
4.050000,0.00107892
4.066667,0.00039729
4.083333,0.00000000
4.100000,0.00020722
4.116667,0.00000000
4.133333,0.00000478
4.150000,0.00000000
4.166667,0.00000000
4.183333,0.00000000
4.200000,0.00036155
4.216667,0.00000000
4.233333,0.00000000
4.250000,0.00000000
4.266667,0.00038561
4.283333,0.00000000
4.300000,0.00000000
4.316667,0.00000000
4.333333,0.00089700
4.350000,0.00000000
4.366667,0.00018581
4.383333,0.00000000
4.400000,0.00025559
4.416667,0.00092889
4.433333,0.00018667
4.450000,0.00039281
4.466667,0.00000000
4.483333,0.00010966
4.500000,0.00000000
4.516667,0.00000000
4.533333,0.00025952
4.550000,0.00000000
4.566667,0.00000000
4.583333,0.00000000
4.600000,0.00000000
4.616667,0.00005718
4.633333,0.00060511
4.650000,0.00000000
4.666667,0.00022620
4.683333,0.00061627
4.700000,0.00012137
4.716667,0.00000000
4.733333,0.00038350
4.750000,0.00046067
4.766667,0.00000000
4.783333,0.00000000
4.800000,0.00008277
4.816667,0.00049857
4.833333,0.00000000
4.850000,0.00000000
4.866667,0.00000000
4.883333,0.00130952
4.900000,0.00000000
4.916667,0.00034751
4.933333,0.00011905
4.950000,0.00000000
4.966667,0.00000000
4.983333,0.00034244
5.000000,0.00000000
5.016667,0.00036993
5.033333,0.00057781
5.050000,0.00039372
5.066667,0.00123448
5.083333,0.00000000
5.100000,0.00000000
5.116667,0.00000000
5.133333,0.00000000
5.150000,0.00000000
5.166667,0.00047133
5.183333,0.00000000
5.200000,0.00053592
5.216667,0.00000000
5.233333,0.00073241
5.250000,0.00036007
5.266667,0.00118663
5.283333,0.00031208
5.300000,0.00000000
5.316667,0.00000000
5.333333,0.00055020
5.350000,0.00031537
5.366667,0.00000000
5.383333,0.00000000
5.400000,0.00097129
5.416667,0.00000000
5.433333,0.00047246
5.450000,0.00020416
5.466667,0.00000000
5.483333,0.00022284
5.500000,0.00000000
5.516667,0.00000000
5.533333,0.00000000
5.550000,0.00122610
5.566667,0.00000721
5.583333,0.00000000
5.600000,0.00059961
5.616667,0.00000000
5.633333,0.00031070
5.650000,0.00000000
5.666667,0.00005094
5.683333,0.00000000
5.700000,0.00042462
5.716667,0.00000000
5.733333,0.00000000
5.750000,0.00000000
5.766667,0.00042025
5.783333,0.00000000
5.800000,0.00087184
5.816667,0.00000000
5.833333,0.00000000
5.850000,0.00000000
5.866667,0.00000000
5.883333,0.00015992
5.900000,0.00011551
5.916667,0.00000000
5.933333,0.00000000
5.950000,0.00000000
5.966667,0.00080400
5.983333,0.00060481
6.000000,0.00025926
6.016667,0.00020492
6.033333,0.00000000
6.050000,0.00000000
6.066667,0.00000000
6.083333,0.00000000
6.100000,0.00022802
6.116667,0.00000000
6.133333,0.00000000
6.150000,0.00000000
6.166667,0.00000000
6.183333,0.00031495
6.200000,0.00064985
6.216667,0.00000000
6.233333,0.00000000
6.250000,0.00000000
6.266667,0.00000000
6.283333,0.00000000
6.300000,0.00094906
6.316667,0.00082601
6.333333,0.00000000
6.350000,0.00061464
6.366667,0.00044436
6.383333,0.00000000
6.400000,0.00054195
6.416667,0.00000000
6.433333,0.00000000
6.450000,0.00000000
6.466667,0.00000000
6.483333,0.00000000
6.500000,0.00000000
6.516667,0.00000000
6.533333,0.00002327
6.550000,0.00000000
6.566667,0.00000000
6.583333,0.00005368
6.600000,0.00004399
6.616667,0.00000000
6.633333,0.00000000
6.650000,0.00000000
6.666667,0.00000000
6.683333,0.00045831
6.700000,0.00000000
6.716667,0.00022138
6.733333,0.00000000
6.750000,0.00000000
6.766667,0.00000000
6.783333,0.00004749
6.800000,0.00025122
6.816667,0.00000000
6.833333,0.00029613
6.850000,0.00000000
6.866667,0.00000000
6.883333,0.00000000
6.900000,0.00019247
6.916667,0.00000000
6.933333,0.00000000
6.950000,0.00000000
6.966667,0.00005480
6.983333,0.00128864
7.000000,0.00000000
7.016667,0.00015187
7.033333,0.00000000
7.050000,0.00037580
7.066667,0.00012159
7.083333,0.00012055
7.100000,0.00000000
7.116667,0.00033969
7.133333,0.00008751
7.150000,0.00035721
7.166667,0.00029882
7.183333,0.00028956
7.200000,0.00000000
7.216667,0.00000000
7.233333,0.00020988
7.250000,0.00000000
7.266667,0.00000000
7.283333,0.00026420
7.300000,0.00082627
7.316667,0.00000000
7.333333,0.00022167
7.350000,0.00000000
7.366667,0.00072812
7.383333,0.00035088
7.400000,0.00000000
7.416667,0.00082053
7.433333,0.00000000
7.450000,0.00000000
7.466667,0.00000000
7.483333,0.00039292
7.500000,0.00030949
7.516667,0.00018752
7.533333,0.00024536
7.550000,0.00000000
7.566667,0.00000000
7.583333,0.00000000
7.600000,0.00020796
7.616667,0.00077282
7.633333,0.00000000
7.650000,0.00068462
7.666667,0.00000000
7.683333,0.00000000
7.700000,0.00000000
7.716667,0.00000000
7.733333,0.00000000
7.750000,0.00004381
7.766667,0.00013246
7.783333,0.00000000
7.800000,0.00000000
7.816667,0.00019238
7.833333,0.00051772
7.850000,0.00031993
7.866667,0.00000000
7.883333,0.00007873
7.900000,0.00028828
7.916667,0.00000000
7.933333,0.00000000
7.950000,0.00158626
7.966667,0.00000000
7.983333,0.00044683
8.000000,0.00047864
8.016667,0.00000000
8.033333,0.00000000
8.050000,0.00021350
8.066667,0.00000000
8.083333,0.00131887
8.100000,0.00000000
8.116667,0.00000000
8.133333,0.00000000
8.150000,0.00000000
8.166667,0.00062874
8.183333,0.00033817
8.200000,0.00017841
8.216667,0.00090777
8.233333,0.00000000
8.250000,0.00018740
8.266667,0.00033513
8.283333,0.00073921
8.300000,0.00008354
8.316667,0.00056607
8.333333,0.00000000
8.350000,0.00002573
8.366667,0.00024281
8.383333,0.00041862
8.400000,0.00046886
8.416667,0.00000000
8.433333,0.00000000
8.450000,0.00000000
8.466667,0.00000000
8.483333,0.00033306
8.500000,0.00020909
8.516667,0.00000000
8.533333,0.00023566
8.550000,0.00000000
8.566667,0.00060305
8.583333,0.00000000
8.600000,0.00000000
8.616667,0.00069939
8.633333,0.00000334
8.650000,0.00003459
8.666667,0.00063239
8.683333,0.00040152
8.700000,0.00000000
8.716667,0.00000000
8.733333,0.00025606
8.750000,0.00060222
8.766667,0.00046703
8.783333,0.00053903
8.800000,0.00000000
8.816667,0.00000000
8.833333,0.00076034
8.850000,0.00102129
8.866667,0.00020922
8.883333,0.00000000
8.900000,0.00008877
8.916667,0.00007424
8.933333,0.00000000
8.950000,0.00096146
8.966667,0.00000000
8.983333,0.00102207
9.000000,0.00000000
9.016667,0.00119121
9.033333,0.00028105
9.050000,0.00000000
9.066667,0.00050199
9.083333,0.00002469
9.100000,0.00062779
9.116667,0.00000000
9.133333,0.00000000
9.150000,0.00000000
9.166667,0.00000000
9.183333,0.00000735
9.200000,0.00000000
9.216667,0.00017412
9.233333,0.00056949
9.250000,0.00000000
9.266667,0.00028404
9.283333,0.00052232
9.300000,0.00044886
9.316667,0.00000000
9.333333,0.00000000
9.350000,0.00000000
9.366667,0.00000000
9.383333,0.00006016
9.400000,0.00049678
9.416667,0.00000000
9.433333,0.00027302
9.450000,0.00022199
9.466667,0.00092655
9.483333,0.00000000
9.500000,0.00000000
9.516667,0.00000000
9.533333,0.00000000
9.550000,0.00099097
9.566667,0.00017193
9.583333,0.00000000
9.600000,0.00053980
9.616667,0.00059844
9.633333,0.00000000
9.650000,0.00005389
9.666667,0.00059511
9.683333,0.00000000
9.700000,0.00064522
9.716667,0.00000000
9.733333,0.00003660
9.750000,0.00003430
9.766667,0.00000000
9.783333,0.00000000
9.800000,0.00000000
9.816667,0.00000000
9.833333,0.00000000
9.850000,0.00000000
9.866667,0.00000000
9.883333,0.00000000
9.900000,0.00000000
9.916667,0.00118691
9.933333,0.00020234
9.950000,0.00002065
9.966667,0.00000000
9.983333,0.00000000
10.000000,0.00000000
10.016667,0.00000000
10.033333,0.00000000
10.050000,0.00004363
10.066667,0.00000000
10.083333,0.00000000
10.100000,0.00000000
10.116667,0.00000000
10.133333,0.00000000
10.150000,0.00000000
10.166667,0.00039046
10.183333,0.00000000
10.200000,0.00003421
10.216667,0.00090161
10.233333,0.00000000
10.250000,0.00000000
10.266667,0.00010061
10.283333,0.00000000
10.300000,0.00000000
10.316667,0.00000000
10.333333,0.00000000
10.350000,0.00000000
10.366667,0.00000000
10.383333,0.00000000
10.400000,0.00041127
10.416667,0.00000000
10.433333,0.00069084
10.450000,0.00000000
10.466667,0.00000000
10.483333,0.00000000
10.500000,0.00008364
10.516667,0.00000000
10.533333,0.00027428
10.550000,0.00000000
10.566667,0.00000000
10.583333,0.00046848
10.600000,0.00000000
10.616667,0.00016456
10.633333,0.00000000
10.650000,0.00000000
10.666667,0.00020284
10.683333,0.00018222
10.700000,0.00063519
10.716667,0.00030459
10.733333,0.00000000
10.750000,0.00050481
10.766667,0.00011648
10.783333,0.00000000
10.800000,0.00017319
10.816667,0.00079909
10.833333,0.00000000
10.850000,0.00027576
10.866667,0.00005546
10.883333,0.00000000
10.900000,0.00062671
10.916667,0.00059255
10.933333,0.00000000
10.950000,0.00036091
10.966667,0.00090794
10.983333,0.00032101
11.000000,0.00000000
11.016667,0.00017639
11.033333,0.00038458
11.050000,0.00104099
11.066667,0.00028388
11.083333,0.00102929
11.100000,0.00000000
11.116667,0.00054928
11.133333,0.00000000
11.150000,0.00046425
11.166667,0.00012520
11.183333,0.00028549
11.200000,0.00026212
11.216667,0.00039841
11.233333,0.00000000
11.250000,0.00000000
11.266667,0.00000000
11.283333,0.00000000
11.300000,0.00143211
11.316667,0.00000000
11.333333,0.00000000
11.350000,0.00000000
11.366667,0.00000000
11.383333,0.00114447
11.400000,0.00157835
11.416667,0.00051635
11.433333,0.00000000
11.450000,0.00072165
11.466667,0.00000000
11.483333,0.00000000
11.500000,0.00087228
11.516667,0.00071376
11.533333,0.00000000
11.550000,0.00000000
11.566667,0.00073432
11.583333,0.00028632
11.600000,0.00000000
11.616667,0.00000000
11.633333,0.00034541
11.650000,0.00039662
11.666667,0.00084587
11.683333,0.00021935
11.700000,0.00000000
11.716667,0.00000000
11.733333,0.00000000
11.750000,0.00000000
11.766667,0.00000000
11.783333,0.00081921
11.800000,0.00042650
11.816667,0.00039328
11.833333,0.00000000
11.850000,0.00071850
11.866667,0.00055892
11.883333,0.00040247
11.900000,0.00012386
11.916667,0.00113994
11.933333,0.00123120
11.950000,0.00000345
11.966667,0.00000000
11.983333,0.00000000
12.000000,0.00012275
12.016667,0.00000000
12.033333,0.00051553
12.050000,0.00000000
12.066667,0.00079994
12.083333,0.00000000
12.100000,0.00065478
12.116667,0.00021977
12.133333,0.00000000
12.150000,0.00000000
12.166667,0.00041208
12.183333,0.00000000
12.200000,0.00074644
12.216667,0.00014385
12.233333,0.00042788
12.250000,0.00000000
12.266667,0.00036934
12.283333,0.00000000
12.300000,0.00069102
12.316667,0.00000000
12.333333,0.00000000
12.350000,0.00000000
12.366667,0.00000000
12.383333,0.00049732
12.400000,0.00000000
12.416667,0.00000000
12.433333,0.00000000
12.450000,0.00041612
12.466667,0.00007791
12.483333,0.00000000
12.500000,0.00000000
12.516667,0.00000000
12.533333,0.00044453
12.550000,0.00000000
12.566667,0.00000000
12.583333,0.00000000
12.600000,0.00000000
12.616667,0.00008577
12.633333,0.00000000
12.650000,0.00004802
12.666667,0.00047026
12.683333,0.00136473
12.700000,0.00000000
12.716667,0.00000000
12.733333,0.00023404
12.750000,0.00087970
12.766667,0.00002227
12.783333,0.00000000
12.800000,0.00000000
12.816667,0.00063307
12.833333,0.00000000
12.850000,0.00000000
12.866667,0.00000000
12.883333,0.00000000
12.900000,0.00000000
12.916667,0.00139484
12.933333,0.00069698
12.950000,0.00000000
12.966667,0.00065008
12.983333,0.00000000
13.000000,0.00000000
13.016667,0.00000000
13.033333,0.00036318
13.050000,0.00030236
13.066667,0.00000000
13.083333,0.00030561
13.100000,0.00032706
13.116667,0.00000000
13.133333,0.00023636
13.150000,0.00030358
13.166667,0.00026185
13.183333,0.00158843
13.200000,0.00069135
13.216667,0.00013679
13.233333,0.00000000
13.250000,0.00084387
13.266667,0.00023276
13.283333,0.00024625
13.300000,0.00000000
13.316667,0.00000000
13.333333,0.00015443
13.350000,0.00010677
13.366667,0.00000000
13.383333,0.00000000
13.400000,0.00000000
13.416667,0.00029651
13.433333,0.00000000
13.450000,0.00093788
13.466667,0.00000000
13.483333,0.00007573
13.500000,0.00006790
13.516667,0.00013999
13.533333,0.00016119
13.550000,0.00033865
13.566667,0.00128777
13.583333,0.00032103
13.600000,0.00000000
13.616667,0.00000000
13.633333,0.00009641
13.650000,0.00067867
13.666667,0.00000000
13.683333,0.00000000
13.700000,0.00017546
13.716667,0.00000000
13.733333,0.00001435
13.750000,0.00000000
13.766667,0.00021525
13.783333,0.00015467
13.800000,0.00027457
13.816667,0.00000000
13.833333,0.00000000
13.850000,0.00018928
13.866667,0.00000000
13.883333,0.00000000
13.900000,0.00000000
13.916667,0.00074217
13.933333,0.00092977
13.950000,0.00042737
13.966667,0.00000000
13.983333,0.00007654
14.000000,0.00000000
14.016667,0.00000000
14.033333,0.00000000
14.050000,0.00005261
14.066667,0.00045860
14.083333,0.00070351
14.100000,0.00027140
14.116667,0.00000000
14.133333,0.00027964
14.150000,0.00082713
14.166667,0.00034630
14.183333,0.00000000
14.200000,0.00000000
14.216667,0.00000000
14.233333,0.00000000
14.250000,0.00064309
14.266667,0.00009161
14.283333,0.00000000
14.300000,0.00037210
14.316667,0.00028268
14.333333,0.00000000
14.350000,0.00000000
14.366667,0.00000000
14.383333,0.00000000
14.400000,0.00000000
14.416667,0.00000000
14.433333,0.00000000
14.450000,0.00000000
14.466667,0.00000000
14.483333,0.00161711
14.500000,0.00000000
14.516667,0.00006780
14.533333,0.00039617
14.550000,0.00054644
14.566667,0.00114171
14.583333,0.00000000
14.600000,0.00000000
14.616667,0.00000000
14.633333,0.00095932
14.650000,0.00000000
14.666667,0.00036895
14.683333,0.00088118
14.700000,0.00063961
14.716667,0.00045680
14.733333,0.00000000
14.750000,0.00000000
14.766667,0.00000000
14.783333,0.00000000
14.800000,0.00000000
14.816667,0.00054517
14.833333,0.00013829
14.850000,0.00000000
14.866667,0.00000000
14.883333,0.00000000
14.900000,0.00008876
14.916667,0.00000000
14.933333,0.00090481
14.950000,0.00123575
14.966667,0.00040820
14.983333,0.00068996
15.000000,0.00030597
15.016667,0.00023314
15.033333,0.00000000
15.050000,0.00000000
15.066667,0.00007730
15.083333,0.00000000
15.100000,0.00000000
15.116667,0.00018416
15.133333,0.00000000
15.150000,0.00000000
15.166667,0.00000000
15.183333,0.00028401
15.200000,0.00042207
15.216667,0.00000000
15.233333,0.00000000
15.250000,0.00000000
15.266667,0.00044556
15.283333,0.00000000
15.300000,0.00019994
15.316667,0.00000000
15.333333,0.00018271
15.350000,0.00000000
15.366667,0.00014005
15.383333,0.00032030
15.400000,0.00000000
15.416667,0.00008623
15.433333,0.00000000
15.450000,0.00012060
15.466667,0.00011022
15.483333,0.00000000
15.500000,0.00000000
15.516667,0.00032813
15.533333,0.00046885
15.550000,0.00000000
15.566667,0.00000000
15.583333,0.00000000
15.600000,0.00000000
15.616667,0.00016051
15.633333,0.00000000
15.650000,0.00000000
15.666667,0.00025758
15.683333,0.00000000
15.700000,0.00002354
15.716667,0.00057269
15.733333,0.00000000
15.750000,0.00009629
15.766667,0.00000000
15.783333,0.00000000
15.800000,0.00044407
15.816667,0.00100870
15.833333,0.00027502
15.850000,0.00013069
15.866667,0.00000000
15.883333,0.00000000
15.900000,0.00073793
15.916667,0.00000000
15.933333,0.00000000
15.950000,0.00000000
15.966667,0.00000000
15.983333,0.00000000
16.000000,0.00011127
16.016667,0.00000592
16.033333,0.00100034
16.050000,0.00047894
16.066667,0.00000000
16.083333,0.00043560
16.100000,0.00001973
16.116667,0.00000000
16.133333,0.00000000
16.150000,0.00000000
16.166667,0.00000000
16.183333,0.00000000
16.200000,0.00002076
16.216667,0.00000000
16.233333,0.00015717
16.250000,0.00063734
16.266667,0.00022042
16.283333,0.00022039
16.300000,0.00000000
16.316667,0.00014807
16.333333,0.00036827
16.350000,0.00088678
16.366667,0.00109277
16.383333,0.00038496
16.400000,0.00048937
16.416667,0.00055393
16.433333,0.00050716
16.450000,0.00030155
16.466667,0.00000000
16.483333,0.00021211
16.500000,0.00012924
16.516667,0.00000000
16.533333,0.00000000
16.550000,0.00064042
16.566667,0.00016004
16.583333,0.00016239
16.600000,0.00000000
16.616667,0.00087661
16.633333,0.00025648
16.650000,0.00056961
16.666667,0.00068885
16.683333,0.00000000
16.700000,0.00000000
16.716667,0.00006212
16.733333,0.00001166
16.750000,0.00029021
16.766667,0.00041051
16.783333,0.00000000
16.800000,0.00016798
16.816667,0.00054913
16.833333,0.00020202
16.850000,0.00000000
16.866667,0.00091705
16.883333,0.00000000
16.900000,0.00096428
16.916667,0.00000000
16.933333,0.00000000
16.950000,0.00103281
16.966667,0.00137675
16.983333,0.00000000
17.000000,0.00009855
17.016667,0.00073129
17.033333,0.00053742
17.050000,0.00000000
17.066667,0.00025977
17.083333,0.00000000
17.100000,0.00097953
17.116667,0.00000000
17.133333,0.00000000
17.150000,0.00000000
17.166667,0.00000000
17.183333,0.00000000
17.200000,0.00000000
17.216667,0.00000000
17.233333,0.00000000
17.250000,0.00062615
17.266667,0.00084096
17.283333,0.00057176
17.300000,0.00000000
17.316667,0.00000000
17.333333,0.00000000
17.350000,0.00039138
17.366667,0.00066763
17.383333,0.00020881
17.400000,0.00000000
17.416667,0.00000000
17.433333,0.00003450
17.450000,0.00000000
17.466667,0.00038733
17.483333,0.00000000
17.500000,0.00000000
17.516667,0.00000000
17.533333,0.00000000
17.550000,0.00000000
17.566667,0.00030058
17.583333,0.00000000
17.600000,0.00046499
17.616667,0.00000000
17.633333,0.00000000
17.650000,0.00000000
17.666667,0.00066926
17.683333,0.00007573
17.700000,0.00003884
17.716667,0.00055057
17.733333,0.00004202
17.750000,0.00008929
17.766667,0.00059489
17.783333,0.00000000
17.800000,0.00000000
17.816667,0.00000000
17.833333,0.00000000
17.850000,0.00000000
17.866667,0.00000000
17.883333,0.00041247
17.900000,0.00020534
17.916667,0.00000000
17.933333,0.00000000
17.950000,0.00000971
17.966667,0.00036992
17.983333,0.00000000
18.000000,0.00000000
18.016667,0.00065004
18.033333,0.00172703
18.050000,0.00005430
18.066667,0.00000000
18.083333,0.00000000
18.100000,0.00000000
18.116667,0.00000000
18.133333,0.00019694
18.150000,0.00044872
18.166667,0.00000000
18.183333,0.00000000
18.200000,0.00000000
18.216667,0.00000000
18.233333,0.00013882
18.250000,0.00108485
18.266667,0.00001926
18.283333,0.00000000
18.300000,0.00000000
18.316667,0.00061408
18.333333,0.00049435
18.350000,0.00000000
18.366667,0.00021350
18.383333,0.00000000
18.400000,0.00000000
18.416667,0.00002680
18.433333,0.00000000
18.450000,0.00000000
18.466667,0.00002741
18.483333,0.00000000
18.500000,0.00000000
18.516667,0.00016761
18.533333,0.00000000
18.550000,0.00000000
18.566667,0.00023147
18.583333,0.00034635
18.600000,0.00000000
18.616667,0.00000000
18.633333,0.00102570
18.650000,0.00000000
18.666667,0.00000000
18.683333,0.00077691
18.700000,0.00143930
18.716667,0.00004288
18.733333,0.00041653
18.750000,0.00000000
18.766667,0.00000000
18.783333,0.00067070
18.800000,0.00000000
18.816667,0.00000000
18.833333,0.00085072
18.850000,0.00065063
18.866667,0.00000000
18.883333,0.00032685
18.900000,0.00000000
18.916667,0.00046746
18.933333,0.00068542
18.950000,0.00090843
18.966667,0.00000000
18.983333,0.00099061
19.000000,0.00000000
19.016667,0.00000000
19.033333,0.00007730
19.050000,0.00000000
19.066667,0.00000000
19.083333,0.00000000
19.100000,0.00127189
19.116667,0.00000000
19.133333,0.00000000
19.150000,0.00058498
19.166667,0.00000000
19.183333,0.00000000
19.200000,0.00000000
19.216667,0.00000000
19.233333,0.00010887
19.250000,0.00000000
19.266667,0.00000000
19.283333,0.00000000
19.300000,0.00000000
19.316667,0.00042614
19.333333,0.00025930
19.350000,0.00000000
19.366667,0.00000000
19.383333,0.00000000
19.400000,0.00068591
19.416667,0.00000000
19.433333,0.00153395
19.450000,0.00000000
19.466667,0.00000000
19.483333,0.00029045
19.500000,0.00000000
19.516667,0.00000000
19.533333,0.00000000
19.550000,0.00037502
19.566667,0.00000000
19.583333,0.00064816
19.600000,0.00000000
19.616667,0.00047079
19.633333,0.00000000
19.650000,0.00054851
19.666667,0.00039358
19.683333,0.00000000
19.700000,0.00072253
19.716667,0.00010339
19.733333,0.00000000
19.750000,0.00025349
19.766667,0.00009104
19.783333,0.00000000
19.800000,0.00000000
19.816667,0.00007886
19.833333,0.00000000
19.850000,0.00003375
19.866667,0.00000000
19.883333,0.00041261
19.900000,0.00000000
19.916667,0.00000000
19.933333,0.00045133
19.950000,0.00018651
19.966667,0.00000000
19.983333,0.00000415
20.000000,0.00079075
20.016667,0.00040260
20.033333,0.00082693
20.050000,0.00000000
20.066667,0.00000000
20.083333,0.00000000
20.100000,0.00000000
20.116667,0.00006332
20.133333,0.00000000
20.150000,0.00000000
20.166667,0.00017964
20.183333,0.00004189
20.200000,0.00014415
20.216667,0.00105589
20.233333,0.00000000
20.250000,0.00000000
20.266667,0.00083782
20.283333,0.00032950
20.300000,0.00000000
20.316667,0.00000000
20.333333,0.00000000
20.350000,0.00000000
20.366667,0.00047326
20.383333,0.00000000
20.400000,0.00000000
20.416667,0.00085868
20.433333,0.00143216
20.450000,0.00000000
20.466667,0.00008434
20.483333,0.00000000
20.500000,0.00000000
20.516667,0.00000000
20.533333,0.00000000
20.550000,0.00046901
20.566667,0.00000000
20.583333,0.00066343
20.600000,0.00062908
20.616667,0.00000000
20.633333,0.00068879
20.650000,0.00036172
20.666667,0.00034745
20.683333,0.00126550
20.700000,0.00000000
20.716667,0.00088386
20.733333,0.00072933
20.750000,0.00139632
20.766667,0.00000000
20.783333,0.00000000
20.800000,0.00105625
20.816667,0.00000000
20.833333,0.00031015
20.850000,0.00000000
20.866667,0.00090782
20.883333,0.00015513
20.900000,0.00084753
20.916667,0.00043033
20.933333,0.00000000
20.950000,0.00011289
20.966667,0.00049884
20.983333,0.00066800
21.000000,0.00046041
21.016667,0.00000000
21.033333,0.00000000
21.050000,0.00000000
21.066667,0.00000000
21.083333,0.00000000
21.100000,0.00000000
21.116667,0.00013103
21.133333,0.00000000
21.150000,0.00000000
21.166667,0.00066994
21.183333,0.00000000
21.200000,0.00000000
21.216667,0.00022956
21.233333,0.00026772
21.250000,0.00000000
21.266667,0.00000000
21.283333,0.00000000
21.300000,0.00000000
21.316667,0.00000000
21.333333,0.00047000
21.350000,0.00007328
21.366667,0.00000000
21.383333,0.00000000
21.400000,0.00009394
21.416667,0.00042291
21.433333,0.00043651
21.450000,0.00000000
21.466667,0.00121172
21.483333,0.00033848
21.500000,0.00000000
21.516667,0.00086041
21.533333,0.00000000
21.550000,0.00000000
21.566667,0.00036614
21.583333,0.00000000
21.600000,0.00038042
21.616667,0.00026316
21.633333,0.00021887
21.650000,0.00016638
21.666667,0.00000000
21.683333,0.00000000
21.700000,0.00037100
21.716667,0.00031530
21.733333,0.00001453
21.750000,0.00017703
21.766667,0.00024448
21.783333,0.00000000
21.800000,0.00000000
21.816667,0.00024723
21.833333,0.00000000
21.850000,0.00000000
21.866667,0.00000000
21.883333,0.00033364
21.900000,0.00002094
21.916667,0.00006273
21.933333,0.00010829
21.950000,0.00000000
21.966667,0.00000000
21.983333,0.00000000
22.000000,0.00000000
22.016667,0.00000000
22.033333,0.00000000
22.050000,0.00000000
22.066667,0.00000000
22.083333,0.00019628
22.100000,0.00009243
22.116667,0.00038583
22.133333,0.00000000
22.150000,0.00124676
22.166667,0.00000000
22.183333,0.00000000
22.200000,0.00000000
22.216667,0.00070950
22.233333,0.00030886
22.250000,0.00000000
22.266667,0.00000000
22.283333,0.00112241
22.300000,0.00000000
22.316667,0.00000000
22.333333,0.00000000
22.350000,0.00045864
22.366667,0.00000000
22.383333,0.00000000
22.400000,0.00000000
22.416667,0.00009267
22.433333,0.00000000
22.450000,0.00000000
22.466667,0.00000000
22.483333,0.00041153
22.500000,0.00000000
22.516667,0.00044026
22.533333,0.00057098
22.550000,0.00000000
22.566667,0.00000000
22.583333,0.00000000
22.600000,0.00000000
22.616667,0.00000000
22.633333,0.00000658
22.650000,0.00000000
22.666667,0.00033276
22.683333,0.00082054
22.700000,0.00000000
22.716667,0.00000000
22.733333,0.00000000
22.750000,0.00000000
22.766667,0.00096787
22.783333,0.00000000
22.800000,0.00011769
22.816667,0.00000000
22.833333,0.00000000
22.850000,0.00066697
22.866667,0.00000000
22.883333,0.00029645
22.900000,0.00000000
22.916667,0.00049121
22.933333,0.00000000
22.950000,0.00000000
22.966667,0.00066547
22.983333,0.00000000
23.000000,0.00012022
23.016667,0.00000000
23.033333,0.00000000
23.050000,0.00036881
23.066667,0.00026231
23.083333,0.00021257
23.100000,0.00000000
23.116667,0.00000000
23.133333,0.00000000
23.150000,0.00000000
23.166667,0.00000000
23.183333,0.00057469
23.200000,0.00014973
23.216667,0.00055815
23.233333,0.00011795
23.250000,0.00046163
23.266667,0.00000000
23.283333,0.00000000
23.300000,0.00025877
23.316667,0.00009007
23.333333,0.00037110
23.350000,0.00000000
23.366667,0.00000000
23.383333,0.00000000
23.400000,0.00000000
23.416667,0.00000000
23.433333,0.00014719
23.450000,0.00000000
23.466667,0.00000000
23.483333,0.00071556
23.500000,0.00124967
23.516667,0.00015295
23.533333,0.00113496
23.550000,0.00037673
23.566667,0.00022683
23.583333,0.00045103
23.600000,0.00093519
23.616667,0.00000000
23.633333,0.00000000
23.650000,0.00061780
23.666667,0.00098514
23.683333,0.00000000
23.700000,0.00000000
23.716667,0.00000000
23.733333,0.00000000
23.750000,0.00010816
23.766667,0.00033298
23.783333,0.00157554
23.800000,0.00025901
23.816667,0.00000000
23.833333,0.00004746
23.850000,0.00022288
23.866667,0.00000000
23.883333,0.00000000
23.900000,0.00017661
23.916667,0.00038532
23.933333,0.00015786
23.950000,0.00000000
23.966667,0.00000000
23.983333,0.00000000
24.000000,0.00040303
24.016667,0.00000000
24.033333,0.00057437
24.050000,0.00000000
24.066667,0.00028723
24.083333,0.00000000
24.100000,0.00000000
24.116667,0.00081435
24.133333,0.00052539
24.150000,0.00000000
24.166667,0.00044338
24.183333,0.00043093
24.200000,0.00000000
24.216667,0.00000000
24.233333,0.00025677
24.250000,0.00000000
24.266667,0.00000000
24.283333,0.00018938
24.300000,0.00000000
24.316667,0.00160177
24.333333,0.00012799
24.350000,0.00125062
24.366667,0.00120331
24.383333,0.00066205
24.400000,0.00029670
24.416667,0.00000000
24.433333,0.00000000
24.450000,0.00000000
24.466667,0.00000000
24.483333,0.00000000
24.500000,0.00001772
24.516667,0.00063127
24.533333,0.00000000
24.550000,0.00000000
24.566667,0.00000000
24.583333,0.00000000
24.600000,0.00032239
24.616667,0.00130831
24.633333,0.00000000
24.650000,0.00060998
24.666667,0.00051567
24.683333,0.00000000
24.700000,0.00004107
24.716667,0.00000000
24.733333,0.00021918
24.750000,0.00092002
24.766667,0.00000000
24.783333,0.00058420
24.800000,0.00000000
24.816667,0.00050234
24.833333,0.00089897
24.850000,0.00000000
24.866667,0.00010865
24.883333,0.00136918
24.900000,0.00089511
24.916667,0.00046689
24.933333,0.00000000
24.950000,0.00014737
24.966667,0.00124096
24.983333,0.00000000
25.000000,0.00000000
25.016667,0.00023967
25.033333,0.00000000
25.050000,0.00000000
25.066667,0.00056069
25.083333,0.00000000
25.100000,0.00000000
25.116667,0.00050113
25.133333,0.00027275
25.150000,0.00073807
25.166667,0.00040669
25.183333,0.00101783
25.200000,0.00000000
25.216667,0.00050803
25.233333,0.00025123
25.250000,0.00000000
25.266667,0.00038439
25.283333,0.00009491
25.300000,0.00027530
25.316667,0.00000000
25.333333,0.00000000
25.350000,0.00000000
25.366667,0.00109739
25.383333,0.00036786
25.400000,0.00000000
25.416667,0.00000000
25.433333,0.00040547
25.450000,0.00000000
25.466667,0.00029882
25.483333,0.00000000
25.500000,0.00093741
25.516667,0.00000000
25.533333,0.00000000
25.550000,0.00000000
25.566667,0.00000000
25.583333,0.00000000
25.600000,0.00000000
25.616667,0.00000000
25.633333,0.00000956
25.650000,0.00076406
25.666667,0.00000000
25.683333,0.00000000
25.700000,0.00000000
25.716667,0.00023913
25.733333,0.00000000
25.750000,0.00058140
25.766667,0.00021258
25.783333,0.00020273
25.800000,0.00000000
25.816667,0.00108862
25.833333,0.00133138
25.850000,0.00055402
25.866667,0.00000000
25.883333,0.00059752
25.900000,0.00000000
25.916667,0.00000000
25.933333,0.00054557
25.950000,0.00000000
25.966667,0.00021787
25.983333,0.00000000
26.000000,0.00000000
26.016667,0.00039387
26.033333,0.00020840
26.050000,0.00000000
26.066667,0.00101121
26.083333,0.00051304
26.100000,0.00070525
26.116667,0.00000000
26.133333,0.00039972
26.150000,0.00095880
26.166667,0.00058005
26.183333,0.00000000
26.200000,0.00012134
26.216667,0.00000000
26.233333,0.00036464
26.250000,0.00037757
26.266667,0.00000000
26.283333,0.00000000
26.300000,0.00000000
26.316667,0.00000000
26.333333,0.00033770
26.350000,0.00011062
26.366667,0.00009494
26.383333,0.00000000
26.400000,0.00056544
26.416667,0.00015364
26.433333,0.00000000
26.450000,0.00056399
26.466667,0.00032929
26.483333,0.00000000
26.500000,0.00030262
26.516667,0.00056685
26.533333,0.00024008
26.550000,0.00013064
26.566667,0.00038121
26.583333,0.00000000
26.600000,0.00000000
26.616667,0.00000000
26.633333,0.00038238
26.650000,0.00000000
26.666667,0.00000000
26.683333,0.00016588
26.700000,0.00003788
26.716667,0.00009185
26.733333,0.00000000
26.750000,0.00017541
26.766667,0.00000000
26.783333,0.00026305
26.800000,0.00000000
26.816667,0.00025607
26.833333,0.00000000
26.850000,0.00015414
26.866667,0.00000000
26.883333,0.00056805
26.900000,0.00000000
26.916667,0.00026849
26.933333,0.00000000
26.950000,0.00034538
26.966667,0.00049890
26.983333,0.00000000
27.000000,0.00057542
27.016667,0.00000000
27.033333,0.00000000
27.050000,0.00032461
27.066667,0.00000000
27.083333,0.00019297
27.100000,0.00096258
27.116667,0.00058444
27.133333,0.00000000
27.150000,0.00057729
27.166667,0.00001954
27.183333,0.00000000
27.200000,0.00000000
27.216667,0.00000000
27.233333,0.00000000
27.250000,0.00000000
27.266667,0.00014728
27.283333,0.00000000
27.300000,0.00000573
27.316667,0.00001926
27.333333,0.00005859
27.350000,0.00096519
27.366667,0.00000000
27.383333,0.00000000
27.400000,0.00051746
27.416667,0.00000000
27.433333,0.00005807
27.450000,0.00000000
27.466667,0.00000000
27.483333,0.00000000
27.500000,0.00000000
27.516667,0.00000000
27.533333,0.00064430
27.550000,0.00000000
27.566667,0.00000000
27.583333,0.00000000
27.600000,0.00000000
27.616667,0.00013649
27.633333,0.00015748
27.650000,0.00000000
27.666667,0.00077252
27.683333,0.00000000
27.700000,0.00000000
27.716667,0.00000000
27.733333,0.00042176
27.750000,0.00034549
27.766667,0.00000000
27.783333,0.00000000
27.800000,0.00000000
27.816667,0.00046350
27.833333,0.00078717
27.850000,0.00025715
27.866667,0.00000000
27.883333,0.00084036
27.900000,0.00000000
27.916667,0.00042735
27.933333,0.00000000
27.950000,0.00000000
27.966667,0.00018693
27.983333,0.00000000
28.000000,0.00027128
28.016667,0.00032908
28.033333,0.00028685
28.050000,0.00030256
28.066667,0.00067274
28.083333,0.00000000
28.100000,0.00015151
28.116667,0.00000000
28.133333,0.00012354
28.150000,0.00000000
28.166667,0.00005679
28.183333,0.00000415
28.200000,0.00000000
28.216667,0.00000000
28.233333,0.00063944
28.250000,0.00000000
28.266667,0.00000000
28.283333,0.00070213
28.300000,0.00000000
28.316667,0.00000822
28.333333,0.00000000
28.350000,0.00039994
28.366667,0.00000000
28.383333,0.00050847
28.400000,0.00000000
28.416667,0.00000000
28.433333,0.00000000
28.450000,0.00000000
28.466667,0.00086997
28.483333,0.00106777
28.500000,0.00011466
28.516667,0.00000000
28.533333,0.00000000
28.550000,0.00030298
28.566667,0.00000000
28.583333,0.00000000
28.600000,0.00000000
28.616667,0.00032283
28.633333,0.00064023
28.650000,0.00000000
28.666667,0.00049376
28.683333,0.00000000
28.700000,0.00000000
28.716667,0.00000000
28.733333,0.00010352
28.750000,0.00120624
28.766667,0.00019037
28.783333,0.00000000
28.800000,0.00050118
28.816667,0.00000000
28.833333,0.00129307
28.850000,0.00003562
28.866667,0.00000000
28.883333,0.00000000
28.900000,0.00052459
28.916667,0.00000000
28.933333,0.00075301
28.950000,0.00000000
28.966667,0.00000000
28.983333,0.00000000
29.000000,0.00000000
29.016667,0.00013995
29.033333,0.00012451
29.050000,0.00000000
29.066667,0.00016250
29.083333,0.00028497
29.100000,0.00000000
29.116667,0.00070193
29.133333,0.00000000
29.150000,0.00000000
29.166667,0.00000000
29.183333,0.00000000
29.200000,0.00034116
29.216667,0.00000000
29.233333,0.00038380
29.250000,0.00000000
29.266667,0.00000000
29.283333,0.00000000
29.300000,0.00005675
29.316667,0.00014293
29.333333,0.00001065
29.350000,0.00016097
29.366667,0.00103899
29.383333,0.00000000
29.400000,0.00051670
29.416667,0.00000000
29.433333,0.00000000
29.450000,0.00000000
29.466667,0.00000000
29.483333,0.00000000
29.500000,0.00000000
29.516667,0.00000000
29.533333,0.00000000
29.550000,0.00011147
29.566667,0.00008442
29.583333,0.00083855
29.600000,0.00018142
29.616667,0.00000000
29.633333,0.00000000
29.650000,0.00000000
29.666667,0.00046105
29.683333,0.00000000
29.700000,0.00030808
29.716667,0.00109157
29.733333,0.00000000
29.750000,0.00026075
29.766667,0.00079591
29.783333,0.00000000
29.800000,0.00003763
29.816667,0.00000000
29.833333,0.00071097
29.850000,0.00012289
29.866667,0.00000000
29.883333,0.00000000
29.900000,0.00001196
29.916667,0.00030883
29.933333,0.00002558
29.950000,0.00000000
29.966667,0.00027824
29.983333,0.00015080
30.000000,0.00000000
30.016667,0.00050449
30.033333,0.00000000
30.050000,0.00000000
30.066667,0.00000000
30.083333,0.00039283
30.100000,0.00000000
30.116667,0.00000000
30.133333,0.00000000
30.150000,0.00000000
30.166667,0.00012054
30.183333,0.00121762
30.200000,0.00087662
30.216667,0.00011342
30.233333,0.00031304
30.250000,0.00000000
30.266667,0.00038227
30.283333,0.00032964
30.300000,0.00061504
30.316667,0.00018765
30.333333,0.00031702
30.350000,0.00004512
30.366667,0.00000000
30.383333,0.00165505
30.400000,0.00064338
30.416667,0.00000000
30.433333,0.00000000
30.450000,0.00000000
30.466667,0.00003750
30.483333,0.00000000
30.500000,0.00000000
30.516667,0.00000000
30.533333,0.00000000
30.550000,0.00057296
30.566667,0.00061861
30.583333,0.00000000
30.600000,0.00002594
30.616667,0.00052069
30.633333,0.00041895
30.650000,0.00000000
30.666667,0.00019610
30.683333,0.00080869
30.700000,0.00000000
30.716667,0.00000000
30.733333,0.00026617
30.750000,0.00079558
30.766667,0.00000000
30.783333,0.00000000
30.800000,0.00000000
30.816667,0.00049917
30.833333,0.00000000
30.850000,0.00000000
30.866667,0.00000000
30.883333,0.00000000
30.900000,0.00024293
30.916667,0.00025236
30.933333,0.00000000
30.950000,0.00057798
30.966667,0.00093984
30.983333,0.00117669
31.000000,0.00000000
31.016667,0.00000000
31.033333,0.00065112
31.050000,0.00005766
31.066667,0.00117945
31.083333,0.00035362
31.100000,0.00017678
31.116667,0.00006715
31.133333,0.00000000
31.150000,0.00000000
31.166667,0.00035360
31.183333,0.00034309
31.200000,0.00035105
31.216667,0.00080438
31.233333,0.00033840
31.250000,0.00033937
31.266667,0.00001072
31.283333,0.00025313
31.300000,0.00089498
31.316667,0.00000000
31.333333,0.00117121
31.350000,0.00000000
31.366667,0.00000241
31.383333,0.00000000
31.400000,0.00027647
31.416667,0.00000000
31.433333,0.00039550
31.450000,0.00043091
31.466667,0.00000000
31.483333,0.00001336
31.500000,0.00000000
31.516667,0.00000000
31.533333,0.00009034
31.550000,0.00029828
31.566667,0.00000000
31.583333,0.00045544
31.600000,0.00004314
31.616667,0.00000000
31.633333,0.00000000
31.650000,0.00000000
31.666667,0.00100899
31.683333,0.00033478
31.700000,0.00057318
31.716667,0.00075892
31.733333,0.00000000
31.750000,0.00130286
31.766667,0.00000000
31.783333,0.00000000
31.800000,0.00000166
31.816667,0.00115616
31.833333,0.00000000
31.850000,0.00018318
31.866667,0.00000000
31.883333,0.00006811
31.900000,0.00000000
31.916667,0.00000000
31.933333,0.00000000
31.950000,0.00090003
31.966667,0.00000000
31.983333,0.00100156
32.000000,0.00057255
32.016667,0.00057389
32.033333,0.00054628
32.050000,0.00026043
32.066667,0.00011736
32.083333,0.00000000
32.100000,0.00029897
32.116667,0.00106019
32.133333,0.00000000
32.150000,0.00000000
32.166667,0.00000000
32.183333,0.00026121
32.200000,0.00040639
32.216667,0.00000000
32.233333,0.00056666
32.250000,0.00077585
32.266667,0.00000000
32.283333,0.00000000
32.300000,0.00000000
32.316667,0.00043868
32.333333,0.00023783
32.350000,0.00000000
32.366667,0.00088712
32.383333,0.00000000
32.400000,0.00016498
32.416667,0.00000000
32.433333,0.00000000
32.450000,0.00000000
32.466667,0.00000000
32.483333,0.00000000
32.500000,0.00019292
32.516667,0.00066478
32.533333,0.00000000
32.550000,0.00040389
32.566667,0.00000000
32.583333,0.00000000
32.600000,0.00000000
32.616667,0.00060074
32.633333,0.00000000
32.650000,0.00128930
32.666667,0.00075788
32.683333,0.00000000
32.700000,0.00000000
32.716667,0.00068406
32.733333,0.00022038
32.750000,0.00000000
32.766667,0.00063784
32.783333,0.00000000
32.800000,0.00016038
32.816667,0.00000000
32.833333,0.00000000
32.850000,0.00000000
32.866667,0.00000000
32.883333,0.00130073
32.900000,0.00000000
32.916667,0.00044363
32.933333,0.00036183
32.950000,0.00053670
32.966667,0.00045372
32.983333,0.00118109
33.000000,0.00000000
33.016667,0.00025582
33.033333,0.00036828
33.050000,0.00051309
33.066667,0.00080779
33.083333,0.00068028
33.100000,0.00025122
33.116667,0.00000000
33.133333,0.00000000
33.150000,0.00000000
33.166667,0.00070889
33.183333,0.00038020
33.200000,0.00000000
33.216667,0.00076407
33.233333,0.00000000
33.250000,0.00038792
33.266667,0.00021113
33.283333,0.00060865
33.300000,0.00000000
33.316667,0.00000000
33.333333,0.00000000
33.350000,0.00057818
33.366667,0.00000000
33.383333,0.00000000
33.400000,0.00006658
33.416667,0.00022486
33.433333,0.00004755
33.450000,0.00062084
33.466667,0.00000000
33.483333,0.00036911
33.500000,0.00000000
33.516667,0.00112722
33.533333,0.00000000
33.550000,0.00001206
33.566667,0.00045338
33.583333,0.00000000
33.600000,0.00093493
33.616667,0.00003168
33.633333,0.00000000
33.650000,0.00000000
33.666667,0.00000000
33.683333,0.00075693
33.700000,0.00012231
33.716667,0.00024667
33.733333,0.00076067
33.750000,0.00000000
33.766667,0.00006490
33.783333,0.00000000
33.800000,0.00000000
33.816667,0.00000000
33.833333,0.00000000
33.850000,0.00000000
33.866667,0.00110351
33.883333,0.00104119
33.900000,0.00025550
33.916667,0.00000000
33.933333,0.00013464
33.950000,0.00000000
33.966667,0.00005898
33.983333,0.00000000
34.000000,0.00011244
34.016667,0.00000000
34.033333,0.00000000
34.050000,0.00068053
34.066667,0.00000000
34.083333,0.00000000
34.100000,0.00012666
34.116667,0.00000000
34.133333,0.00021400
34.150000,0.00000000
34.166667,0.00050757
34.183333,0.00000000
34.200000,0.00079890
34.216667,0.00083355
34.233333,0.00000000
34.250000,0.00000000
34.266667,0.00112605
34.283333,0.00000000
34.300000,0.00000000
34.316667,0.00000000
34.333333,0.00000000
34.350000,0.00026494
34.366667,0.00000000
34.383333,0.00000000
34.400000,0.00050612
34.416667,0.00000000
34.433333,0.00000000
34.450000,0.00104187
34.466667,0.00002069
34.483333,0.00000000
34.500000,0.00029381
34.516667,0.00000000
34.533333,0.00000000
34.550000,0.00012667
34.566667,0.00000000
34.583333,0.00000000
34.600000,0.00000000
34.616667,0.00000000
34.633333,0.00026769
34.650000,0.00000000
34.666667,0.00000000
34.683333,0.00063901
34.700000,0.00000000
34.716667,0.00021109
34.733333,0.00000000
34.750000,0.00000000
34.766667,0.00055547
34.783333,0.00125994
34.800000,0.00000000
34.816667,0.00044989
34.833333,0.00067575
34.850000,0.00057802
34.866667,0.00000000
34.883333,0.00028435
34.900000,0.00045911
34.916667,0.00061027
34.933333,0.00119184
34.950000,0.00065588
34.966667,0.00000000
34.983333,0.00049110
35.000000,0.00000000
35.016667,0.00000000
35.033333,0.00000000
35.050000,0.00000000
35.066667,0.00015879
35.083333,0.00060434
35.100000,0.00003409
35.116667,0.00027715
35.133333,0.00000000
35.150000,0.00000000
35.166667,0.00001185
35.183333,0.00000000
35.200000,0.00105889
35.216667,0.00000000
35.233333,0.00106781
35.250000,0.00007978
35.266667,0.00020824
35.283333,0.00000000
35.300000,0.00000000
35.316667,0.00039056
35.333333,0.00018025
35.350000,0.00087222
35.366667,0.00049229
35.383333,0.00003375
35.400000,0.00000000
35.416667,0.00040377
35.433333,0.00000000
35.450000,0.00014651
35.466667,0.00000000
35.483333,0.00104312
35.500000,0.00028177
35.516667,0.00003122
35.533333,0.00000000
35.550000,0.00000000
35.566667,0.00000000
35.583333,0.00000000
35.600000,0.00044183
35.616667,0.00041717
35.633333,0.00132612
35.650000,0.00003924
35.666667,0.00031720
35.683333,0.00023776
35.700000,0.00000000
35.716667,0.00018944
35.733333,0.00041091
35.750000,0.00056541
35.766667,0.00000000
35.783333,0.00000000
35.800000,0.00044600
35.816667,0.00010086
35.833333,0.00000000
35.850000,0.00000000
35.866667,0.00000000
35.883333,0.00007938
35.900000,0.00076667
35.916667,0.00000000
35.933333,0.00000000
35.950000,0.00000000
35.966667,0.00000000
35.983333,0.00000000
36.000000,0.00007222
36.016667,0.00014542
36.033333,0.00000000
36.050000,0.00000000
36.066667,0.00000000
36.083333,0.00000000
36.100000,0.00000000
36.116667,0.00102842
36.133333,0.00053070
36.150000,0.00009397
36.166667,0.00000865
36.183333,0.00021008
36.200000,0.00000000
36.216667,0.00000000
36.233333,0.00000000
36.250000,0.00001088
36.266667,0.00000000
36.283333,0.00000000
36.300000,0.00000000
36.316667,0.00000000
36.333333,0.00050932
36.350000,0.00000000
36.366667,0.00088809
36.383333,0.00117946
36.400000,0.00000000
36.416667,0.00047686
36.433333,0.00055153
36.450000,0.00000000
36.466667,0.00037990
36.483333,0.00025142
36.500000,0.00051656
36.516667,0.00000000
36.533333,0.00063449
36.550000,0.00081367
36.566667,0.00000000
36.583333,0.00000000
36.600000,0.00014053
36.616667,0.00000000
36.633333,0.00022990
36.650000,0.00000000
36.666667,0.00058407
36.683333,0.00035883
36.700000,0.00066049
36.716667,0.00000000
36.733333,0.00036114
36.750000,0.00050829
36.766667,0.00076464
36.783333,0.00053969
36.800000,0.00000000
36.816667,0.00000000
36.833333,0.00039215
36.850000,0.00034332
36.866667,0.00000000
36.883333,0.00103698
36.900000,0.00000000
36.916667,0.00000000
36.933333,0.00036061
36.950000,0.00044450
36.966667,0.00112133
36.983333,0.00000000
37.000000,0.00037190
37.016667,0.00000000
37.033333,0.00075767
37.050000,0.00055993
37.066667,0.00002847
37.083333,0.00000623
37.100000,0.00038461
37.116667,0.00000000
37.133333,0.00029597
37.150000,0.00000000
37.166667,0.00025191
37.183333,0.00025951
37.200000,0.00000000
37.216667,0.00018639
37.233333,0.00000000
37.250000,0.00000000
37.266667,0.00026706
37.283333,0.00000000
37.300000,0.00044662
37.316667,0.00008888
37.333333,0.00050114
37.350000,0.00000000
37.366667,0.00024433
37.383333,0.00003851
37.400000,0.00000000
37.416667,0.00064924
37.433333,0.00000000
37.450000,0.00000000
37.466667,0.00000000
37.483333,0.00000000
37.500000,0.00000000
37.516667,0.00041064
37.533333,0.00038465
37.550000,0.00000000
37.566667,0.00085493
37.583333,0.00073934
37.600000,0.00065639
37.616667,0.00000000
37.633333,0.00035383
37.650000,0.00040671
37.666667,0.00000000
37.683333,0.00079819
37.700000,0.00004583
37.716667,0.00014776
37.733333,0.00003623
37.750000,0.00035457
37.766667,0.00022296
37.783333,0.00000000
37.800000,0.00026194
37.816667,0.00000000
37.833333,0.00000000
37.850000,0.00023378
37.866667,0.00027734
37.883333,0.00004963
37.900000,0.00000000
37.916667,0.00061856
37.933333,0.00003094
37.950000,0.00000000
37.966667,0.00033042
37.983333,0.00000000
38.000000,0.00026694
38.016667,0.00087500
38.033333,0.00059452
38.050000,0.00000000
38.066667,0.00062329
38.083333,0.00046998
38.100000,0.00000000
38.116667,0.00109067
38.133333,0.00022902
38.150000,0.00000000
38.166667,0.00000000
38.183333,0.00029769
38.200000,0.00000000
38.216667,0.00010041
38.233333,0.00053347
38.250000,0.00000000
38.266667,0.00068594
38.283333,0.00003590
38.300000,0.00118170
38.316667,0.00088770
38.333333,0.00000000
38.350000,0.00013361
38.366667,0.00000000
38.383333,0.00000000
38.400000,0.00000000
38.416667,0.00000000
38.433333,0.00085287
38.450000,0.00000000
38.466667,0.00000000
38.483333,0.00000000
38.500000,0.00045295
38.516667,0.00024837
38.533333,0.00000000
38.550000,0.00060069
38.566667,0.00000000
38.583333,0.00040901
38.600000,0.00048016
38.616667,0.00000000
38.633333,0.00000000
38.650000,0.00000000
38.666667,0.00053197
38.683333,0.00043714
38.700000,0.00000000
38.716667,0.00016621
38.733333,0.00032615
38.750000,0.00000000
38.766667,0.00000000
38.783333,0.00000000
38.800000,0.00000000
38.816667,0.00000000
38.833333,0.00000000
38.850000,0.00000000
38.866667,0.00074785
38.883333,0.00001568
38.900000,0.00040790
38.916667,0.00033159
38.933333,0.00000000
38.950000,0.00053185
38.966667,0.00000000
38.983333,0.00000000
39.000000,0.00000000
39.016667,0.00012600
39.033333,0.00008818
39.050000,0.00000000
39.066667,0.00000000
39.083333,0.00000000
39.100000,0.00073259
39.116667,0.00000000
39.133333,0.00000000
39.150000,0.00000000
39.166667,0.00000000
39.183333,0.00045007
39.200000,0.00026553
39.216667,0.00000000
39.233333,0.00000000
39.250000,0.00000000
39.266667,0.00000000
39.283333,0.00056860
39.300000,0.00000000
39.316667,0.00003481
39.333333,0.00020608
39.350000,0.00021121
39.366667,0.00000000
39.383333,0.00052422
39.400000,0.00000000
39.416667,0.00000000
39.433333,0.00000000
39.450000,0.00077023
39.466667,0.00134084
39.483333,0.00000000
39.500000,0.00039043
39.516667,0.00004390
39.533333,0.00059472
39.550000,0.00018159
39.566667,0.00068486
39.583333,0.00000000
39.600000,0.00037800
39.616667,0.00000487
39.633333,0.00000000
39.650000,0.00011016
39.666667,0.00005685
39.683333,0.00000000
39.700000,0.00015985
39.716667,0.00000000
39.733333,0.00000000
39.750000,0.00000000
39.766667,0.00000000
39.783333,0.00000000
39.800000,0.00042166
39.816667,0.00024796
39.833333,0.00000000
39.850000,0.00020656
39.866667,0.00064427
39.883333,0.00000000
39.900000,0.00073059
39.916667,0.00108250
39.933333,0.00000000
39.950000,0.00000000
39.966667,0.00053448
39.983333,0.00000000
40.000000,0.00020586
40.016667,0.00014708
40.033333,0.00021698
40.050000,0.00038550
40.066667,0.00000000
40.083333,0.00049643
40.100000,0.00101555
40.116667,0.00000000
40.133333,0.00015316
40.150000,0.00071931
40.166667,0.00017824
40.183333,0.00000000
40.200000,0.00000000
40.216667,0.00000000
40.233333,0.00000000
40.250000,0.00001350
40.266667,0.00011431
40.283333,0.00000000
40.300000,0.00000000
40.316667,0.00005888
40.333333,0.00000000
40.350000,0.00009753
40.366667,0.00000000
40.383333,0.00007990
40.400000,0.00000000
40.416667,0.00000000
40.433333,0.00135909
40.450000,0.00023156
40.466667,0.00021918
40.483333,0.00021932
40.500000,0.00025907
40.516667,0.00000000
40.533333,0.00068581
40.550000,0.00101884
40.566667,0.00000000
40.583333,0.00000000
40.600000,0.00013195
40.616667,0.00054095
40.633333,0.00000000
40.650000,0.00000000
40.666667,0.00049863
40.683333,0.00026845
40.700000,0.00000000
40.716667,0.00000000
40.733333,0.00094029
40.750000,0.00000000
40.766667,0.00000000
40.783333,0.00000000
40.800000,0.00000000
40.816667,0.00000000
40.833333,0.00066094
40.850000,0.00012993
40.866667,0.00000000
40.883333,0.00033823
40.900000,0.00000000
40.916667,0.00088816
40.933333,0.00047648
40.950000,0.00000000
40.966667,0.00077390
40.983333,0.00000000
41.000000,0.00000000
41.016667,0.00000000
41.033333,0.00008616
41.050000,0.00124550
41.066667,0.00000000
41.083333,0.00000000
41.100000,0.00010658
41.116667,0.00042051
41.133333,0.00000000
41.150000,0.00129943
41.166667,0.00044267
41.183333,0.00000000
41.200000,0.00001392
41.216667,0.00000000
41.233333,0.00000000
41.250000,0.00000000
41.266667,0.00000000
41.283333,0.00015472
41.300000,0.00074496
41.316667,0.00000000
41.333333,0.00101363
41.350000,0.00073595
41.366667,0.00026325
41.383333,0.00061103
41.400000,0.00000000
41.416667,0.00000000
41.433333,0.00120178
41.450000,0.00000000
41.466667,0.00000000
41.483333,0.00003153
41.500000,0.00000000
41.516667,0.00031305
41.533333,0.00000000
41.550000,0.00000000
41.566667,0.00062949
41.583333,0.00000000
41.600000,0.00094912
41.616667,0.00000000
41.633333,0.00000000
41.650000,0.00000000
41.666667,0.00050603
41.683333,0.00022995
41.700000,0.00000000
41.716667,0.00000000
41.733333,0.00001710
41.750000,0.00031303
41.766667,0.00000000
41.783333,0.00000000
41.800000,0.00000000
41.816667,0.00020784
41.833333,0.00000000
41.850000,0.00009443
41.866667,0.00003242
41.883333,0.00000000
41.900000,0.00000000
41.916667,0.00000000
41.933333,0.00000000
41.950000,0.00049980
41.966667,0.00040664
41.983333,0.00053444
42.000000,0.00000000
42.016667,0.00009033
42.033333,0.00000000
42.050000,0.00000000
42.066667,0.00001850
42.083333,0.00000000
42.100000,0.00000000
42.116667,0.00027820
42.133333,0.00000000
42.150000,0.00028600
42.166667,0.00093887
42.183333,0.00000000
42.200000,0.00000000
42.216667,0.00066055
42.233333,0.00000000
42.250000,0.00000000
42.266667,0.00000000
42.283333,0.00000000
42.300000,0.00000000
42.316667,0.00000000
42.333333,0.00021679
42.350000,0.00001711
42.366667,0.00000000
42.383333,0.00000000
42.400000,0.00144230
42.416667,0.00018966
42.433333,0.00000000
42.450000,0.00000000
42.466667,0.00006587
42.483333,0.00012448
42.500000,0.00000000
42.516667,0.00131700
42.533333,0.00000000
42.550000,0.00007089
42.566667,0.00085866
42.583333,0.00040014
42.600000,0.00122338
42.616667,0.00000000
42.633333,0.00103316
42.650000,0.00112300
42.666667,0.00047466
42.683333,0.00000000
42.700000,0.00000000
42.716667,0.00042689
42.733333,0.00000000
42.750000,0.00000000
42.766667,0.00062662
42.783333,0.00000000
42.800000,0.00032455
42.816667,0.00050654
42.833333,0.00000000
42.850000,0.00000000
42.866667,0.00000000
42.883333,0.00000000
42.900000,0.00000000
42.916667,0.00000000
42.933333,0.00000000
42.950000,0.00000000
42.966667,0.00000000
42.983333,0.00000000
43.000000,0.00072263
43.016667,0.00040168
43.033333,0.00000000
43.050000,0.00000000
43.066667,0.00117371
43.083333,0.00069220
43.100000,0.00000000
43.116667,0.00000000
43.133333,0.00000000
43.150000,0.00000000
43.166667,0.00044377
43.183333,0.00097456
43.200000,0.00000000
43.216667,0.00000000
43.233333,0.00000000
43.250000,0.00016330
43.266667,0.00052160
43.283333,0.00048123
43.300000,0.00000000
43.316667,0.00000000
43.333333,0.00000000
43.350000,0.00000000
43.366667,0.00000000
43.383333,0.00000000
43.400000,0.00025889
43.416667,0.00000000
43.433333,0.00034179
43.450000,0.00000000
43.466667,0.00006217
43.483333,0.00060833
43.500000,0.00062337
43.516667,0.00000000
43.533333,0.00022215
43.550000,0.00000000
43.566667,0.00117538
43.583333,0.00000000
43.600000,0.00000000
43.616667,0.00000000
43.633333,0.00054575
43.650000,0.00000000
43.666667,0.00000000
43.683333,0.00000000
43.700000,0.00067929
43.716667,0.00000000
43.733333,0.00000000
43.750000,0.00000000
43.766667,0.00000000
43.783333,0.00009354
43.800000,0.00046558
43.816667,0.00000000
43.833333,0.00051539
43.850000,0.00028346
43.866667,0.00000000
43.883333,0.00016162
43.900000,0.00029345
43.916667,0.00025343
43.933333,0.00000000
43.950000,0.00021122
43.966667,0.00034758
43.983333,0.00082370
44.000000,0.00000000
44.016667,0.00000000
44.033333,0.00000000
44.050000,0.00000000
44.066667,0.00059310
44.083333,0.00035737
44.100000,0.00037511
44.116667,0.00030760
44.133333,0.00000000
44.150000,0.00000000
44.166667,0.00000000
44.183333,0.00125795
44.200000,0.00071940
44.216667,0.00030210
44.233333,0.00001827
44.250000,0.00000000
44.266667,0.00035060
44.283333,0.00000000
44.300000,0.00000000
44.316667,0.00101034
44.333333,0.00027026
44.350000,0.00071497
44.366667,0.00071121
44.383333,0.00000000
44.400000,0.00000000
44.416667,0.00000000
44.433333,0.00000000
44.450000,0.00050064
44.466667,0.00128719
44.483333,0.00000000
44.500000,0.00000000
44.516667,0.00023052
44.533333,0.00000000
44.550000,0.00000000
44.566667,0.00008770
44.583333,0.00005179
44.600000,0.00019289
44.616667,0.00000000
44.633333,0.00003345
44.650000,0.00000000
44.666667,0.00003979
44.683333,0.00032933
44.700000,0.00000000
44.716667,0.00000000
44.733333,0.00039506
44.750000,0.00025552
44.766667,0.00000000
44.783333,0.00000000
44.800000,0.00000000
44.816667,0.00000051
44.833333,0.00000000
44.850000,0.00009344
44.866667,0.00000000
44.883333,0.00000000
44.900000,0.00000000
44.916667,0.00000000
44.933333,0.00000000
44.950000,0.00036978
44.966667,0.00000000
44.983333,0.00062513
45.000000,0.00000000
45.016667,0.00000000
45.033333,0.00000000
45.050000,0.00007746
45.066667,0.00000000
45.083333,0.00000000
45.100000,0.00000000
45.116667,0.00195876
45.133333,0.00003439
45.150000,0.00036732
45.166667,0.00034651
45.183333,0.00000000
45.200000,0.00034067
45.216667,0.00000000
45.233333,0.00000000
45.250000,0.00016758
45.266667,0.00000000
45.283333,0.00000000
45.300000,0.00000000
45.316667,0.00042862
45.333333,0.00107071
45.350000,0.00009160
45.366667,0.00028826
45.383333,0.00000000
45.400000,0.00113593
45.416667,0.00000000
45.433333,0.00027064
45.450000,0.00000000
45.466667,0.00000000
45.483333,0.00000000
45.500000,0.00036377
45.516667,0.00000000
45.533333,0.00062130
45.550000,0.00098884
45.566667,0.00000000
45.583333,0.00031418
45.600000,0.00034402
45.616667,0.00077772
45.633333,0.00000000
45.650000,0.00046974
45.666667,0.00000000
45.683333,0.00000000
45.700000,0.00000000
45.716667,0.00000000
45.733333,0.00000000
45.750000,0.00038199
45.766667,0.00000000
45.783333,0.00000000
45.800000,0.00062701
45.816667,0.00000000
45.833333,0.00000000
45.850000,0.00029141
45.866667,0.00000780
45.883333,0.00013021
45.900000,0.00000000
45.916667,0.00000000
45.933333,0.00000000
45.950000,0.00001657
45.966667,0.00051856
45.983333,0.00010117
46.000000,0.00043930
46.016667,0.00044567
46.033333,0.00000000
46.050000,0.00000000
46.066667,0.00059826
46.083333,0.00000000
46.100000,0.00000000
46.116667,0.00036063
46.133333,0.00000000
46.150000,0.00025597
46.166667,0.00000000
46.183333,0.00052291
46.200000,0.00000000
46.216667,0.00148006
46.233333,0.00000000
46.250000,0.00046945
46.266667,0.00000000
46.283333,0.00000000
46.300000,0.00052749
46.316667,0.00017524
46.333333,0.00038300
46.350000,0.00018322
46.366667,0.00014279
46.383333,0.00000000
46.400000,0.00038346
46.416667,0.00019959
46.433333,0.00111494
46.450000,0.00007698
46.466667,0.00024705
46.483333,0.00000000
46.500000,0.00078750
46.516667,0.00026826
46.533333,0.00000000
46.550000,0.00041715
46.566667,0.00023316
46.583333,0.00000000
46.600000,0.00057501
46.616667,0.00000000
46.633333,0.00000000
46.650000,0.00089951
46.666667,0.00032148
46.683333,0.00000000
46.700000,0.00021021
46.716667,0.00000000
46.733333,0.00000000
46.750000,0.00042421
46.766667,0.00008778
46.783333,0.00000000
46.800000,0.00007156
46.816667,0.00000000
46.833333,0.00000000
46.850000,0.00024149
46.866667,0.00000000
46.883333,0.00033584
46.900000,0.00038983
46.916667,0.00000000
46.933333,0.00000000
46.950000,0.00000933
46.966667,0.00000000
46.983333,0.00000000
47.000000,0.00014635
47.016667,0.00000000
47.033333,0.00095789
47.050000,0.00086969
47.066667,0.00000000
47.083333,0.00000000
47.100000,0.00000000
47.116667,0.00005191
47.133333,0.00080753
47.150000,0.00015007
47.166667,0.00026250
47.183333,0.00000000
47.200000,0.00093336
47.216667,0.00045034
47.233333,0.00012402
47.250000,0.00000000
47.266667,0.00000000
47.283333,0.00015098
47.300000,0.00000000
47.316667,0.00035212
47.333333,0.00030943
47.350000,0.00000000
47.366667,0.00020231
47.383333,0.00000000
47.400000,0.00000000
47.416667,0.00010979
47.433333,0.00000000
47.450000,0.00004858
47.466667,0.00000000
47.483333,0.00033653
47.500000,0.00000000
47.516667,0.00010579
47.533333,0.00076305
47.550000,0.00000000
47.566667,0.00012874
47.583333,0.00021042
47.600000,0.00000000
47.616667,0.00000000
47.633333,0.00000000
47.650000,0.00000000
47.666667,0.00006556
47.683333,0.00000000
47.700000,0.00000000
47.716667,0.00000000
47.733333,0.00000000
47.750000,0.00000000
47.766667,0.00021518
47.783333,0.00039695
47.800000,0.00003893
47.816667,0.00012287
47.833333,0.00000000
47.850000,0.00000000
47.866667,0.00000000
47.883333,0.00022558
47.900000,0.00020416
47.916667,0.00037201
47.933333,0.00000000
47.950000,0.00000000
47.966667,0.00000000
47.983333,0.00015761
48.000000,0.00000000
48.016667,0.00000000
48.033333,0.00000000
48.050000,0.00000000
48.066667,0.00114610
48.083333,0.00000000
48.100000,0.00091330
48.116667,0.00009268
48.133333,0.00000000
48.150000,0.00000000
48.166667,0.00089379
48.183333,0.00008723
48.200000,0.00000000
48.216667,0.00043213
48.233333,0.00094940
48.250000,0.00000000
48.266667,0.00066247
48.283333,0.00057914
48.300000,0.00022663
48.316667,0.00053724
48.333333,0.00000000
48.350000,0.00000000
48.366667,0.00011614
48.383333,0.00000000
48.400000,0.00000000
48.416667,0.00000000
48.433333,0.00028818
48.450000,0.00022410
48.466667,0.00024703
48.483333,0.00000000
48.500000,0.00000000
48.516667,0.00000000
48.533333,0.00078781
48.550000,0.00000000
48.566667,0.00008118
48.583333,0.00000000
48.600000,0.00054697
48.616667,0.00017809
48.633333,0.00008124
48.650000,0.00000000
48.666667,0.00111617
48.683333,0.00000000
48.700000,0.00025298
48.716667,0.00019017
48.733333,0.00000000
48.750000,0.00000000
48.766667,0.00000000
48.783333,0.00044771
48.800000,0.00000000
48.816667,0.00000000
48.833333,0.00026331
48.850000,0.00000000
48.866667,0.00000000
48.883333,0.00058056
48.900000,0.00149275
48.916667,0.00011034
48.933333,0.00030012
48.950000,0.00000000
48.966667,0.00000000
48.983333,0.00039582
49.000000,0.00000000
49.016667,0.00054131
49.033333,0.00000000
49.050000,0.00000000
49.066667,0.00000000
49.083333,0.00000000
49.100000,0.00000000
49.116667,0.00000000
49.133333,0.00030551
49.150000,0.00000000
49.166667,0.00039645
49.183333,0.00000000
49.200000,0.00010444
49.216667,0.00059804
49.233333,0.00000000
49.250000,0.00000000
49.266667,0.00000000
49.283333,0.00040917
49.300000,0.00000000
49.316667,0.00000000
49.333333,0.00024077
49.350000,0.00000000
49.366667,0.00000000
49.383333,0.00125912
49.400000,0.00027296
49.416667,0.00041879
49.433333,0.00009545
49.450000,0.00037378
49.466667,0.00000000
49.483333,0.00065563
49.500000,0.00097327
49.516667,0.00000000
49.533333,0.00000000
49.550000,0.00052502
49.566667,0.00044928
49.583333,0.00000000
49.600000,0.00000000
49.616667,0.00000000
49.633333,0.00016355
49.650000,0.00000000
49.666667,0.00021343
49.683333,0.00091866
49.700000,0.00049368
49.716667,0.00006001
49.733333,0.00089437
49.750000,0.00000000
49.766667,0.00000000
49.783333,0.00000000
49.800000,0.00010181
49.816667,0.00039975
49.833333,0.00031155
49.850000,0.00038138
49.866667,0.00064845
49.883333,0.00062285
49.900000,0.00008123
49.916667,0.00063976
49.933333,0.00078580
49.950000,0.00000000
49.966667,0.00050090
49.983333,0.00000000
50.000000,0.00000000
50.016667,0.00144347
50.033333,0.00000000
50.050000,0.00025340
50.066667,0.00006169
50.083333,0.00013933
50.100000,0.00000000
50.116667,0.00016396
50.133333,0.00000000
50.150000,0.00083815
50.166667,0.00000000
50.183333,0.00080040
50.200000,0.00013651
50.216667,0.00030741
50.233333,0.00000000
50.250000,0.00026731
50.266667,0.00000000
50.283333,0.00000000
50.300000,0.00000000
50.316667,0.00098034
50.333333,0.00000000
50.350000,0.00057114
50.366667,0.00000000
50.383333,0.00013160
50.400000,0.00031271
50.416667,0.00054239
50.433333,0.00000000
50.450000,0.00024842
50.466667,0.00000000
50.483333,0.00000000
50.500000,0.00000000
50.516667,0.00007603
50.533333,0.00000000
50.550000,0.00000000
50.566667,0.00000000
50.583333,0.00000000
50.600000,0.00062739
50.616667,0.00048903
50.633333,0.00000000
50.650000,0.00000000
50.666667,0.00004180
50.683333,0.00000000
50.700000,0.00000000
50.716667,0.00066871
50.733333,0.00000000
50.750000,0.00036222
50.766667,0.00000000
50.783333,0.00000000
50.800000,0.00000000
50.816667,0.00000000
50.833333,0.00062607
50.850000,0.00067261
50.866667,0.00000000
50.883333,0.00036078
50.900000,0.00078345
50.916667,0.00000000
50.933333,0.00067862
50.950000,0.00090921
50.966667,0.00063809
50.983333,0.00000000
51.000000,0.00000000
51.016667,0.00000000
51.033333,0.00006000
51.050000,0.00000000
51.066667,0.00000000
51.083333,0.00000000
51.100000,0.00000000
51.116667,0.00000000
51.133333,0.00000000
51.150000,0.00106423
51.166667,0.00048882
51.183333,0.00000000
51.200000,0.00000000
51.216667,0.00027974
51.233333,0.00000000
51.250000,0.00006717
51.266667,0.00001176
51.283333,0.00005671
51.300000,0.00107018
51.316667,0.00000000
51.333333,0.00033827
51.350000,0.00000000
51.366667,0.00000000
51.383333,0.00000000
51.400000,0.00000000
51.416667,0.00056006
51.433333,0.00000000
51.450000,0.00065134
51.466667,0.00124501
51.483333,0.00000000
51.500000,0.00000000
51.516667,0.00037779
51.533333,0.00041856
51.550000,0.00000000
51.566667,0.00053844
51.583333,0.00045623
51.600000,0.00000000
51.616667,0.00000000
51.633333,0.00127739
51.650000,0.00054361
51.666667,0.00000000
51.683333,0.00000000
51.700000,0.00068653
51.716667,0.00057635
51.733333,0.00000000
51.750000,0.00000000
51.766667,0.00055515
51.783333,0.00000000
51.800000,0.00011382
51.816667,0.00118234
51.833333,0.00000000
51.850000,0.00000000
51.866667,0.00033972
51.883333,0.00000000
51.900000,0.00000000
51.916667,0.00073830
51.933333,0.00063930
51.950000,0.00000000
51.966667,0.00000000
51.983333,0.00000000
52.000000,0.00000000
52.016667,0.00010566
52.033333,0.00000000
52.050000,0.00000000
52.066667,0.00007136
52.083333,0.00000000
52.100000,0.00020335
52.116667,0.00000000
52.133333,0.00000000
52.150000,0.00070881
52.166667,0.00000000
52.183333,0.00000000
52.200000,0.00000000
52.216667,0.00000000
52.233333,0.00042504
52.250000,0.00000000
52.266667,0.00020619
52.283333,0.00028788
52.300000,0.00044830
52.316667,0.00010095
52.333333,0.00037709
52.350000,0.00043350
52.366667,0.00024997
52.383333,0.00073691
52.400000,0.00000000
52.416667,0.00029014
52.433333,0.00000000
52.450000,0.00075798
52.466667,0.00088293
52.483333,0.00018327
52.500000,0.00035812
52.516667,0.00000000
52.533333,0.00109723
52.550000,0.00018495
52.566667,0.00013935
52.583333,0.00051441
52.600000,0.00080026
52.616667,0.00119929
52.633333,0.00000999
52.650000,0.00027441
52.666667,0.00007412
52.683333,0.00000000
52.700000,0.00000000
52.716667,0.00000000
52.733333,0.00000000
52.750000,0.00000000
52.766667,0.00046567
52.783333,0.00034073
52.800000,0.00049925
52.816667,0.00000000
52.833333,0.00000000
52.850000,0.00095419
52.866667,0.00000000
52.883333,0.00019152
52.900000,0.00000000
52.916667,0.00000000
52.933333,0.00079000
52.950000,0.00000000
52.966667,0.00001678
52.983333,0.00069507
53.000000,0.00000000
53.016667,0.00000000
53.033333,0.00000000
53.050000,0.00000000
53.066667,0.00005167
53.083333,0.00000000
53.100000,0.00000000
53.116667,0.00120567
53.133333,0.00093229
53.150000,0.00000000
53.166667,0.00000000
53.183333,0.00000000
53.200000,0.00000000
53.216667,0.00030948
53.233333,0.00000000
53.250000,0.00049911
53.266667,0.00000000
53.283333,0.00008837
53.300000,0.00064022
53.316667,0.00093977
53.333333,0.00000000
53.350000,0.00034372
53.366667,0.00000000
53.383333,0.00020197
53.400000,0.00000000
53.416667,0.00000000
53.433333,0.00058763
53.450000,0.00034183
53.466667,0.00000000
53.483333,0.00000000
53.500000,0.00043257
53.516667,0.00026304
53.533333,0.00000000
53.550000,0.00019387
53.566667,0.00000000
53.583333,0.00000000
53.600000,0.00000000
53.616667,0.00000000
53.633333,0.00089888
53.650000,0.00000000
53.666667,0.00013940
53.683333,0.00000000
53.700000,0.00000000
53.716667,0.00045716
53.733333,0.00131102
53.750000,0.00136449
53.766667,0.00000000
53.783333,0.00000000
53.800000,0.00000000
53.816667,0.00053293
53.833333,0.00000000
53.850000,0.00000000
53.866667,0.00013644
53.883333,0.00029184
53.900000,0.00001719
53.916667,0.00000000
53.933333,0.00000000
53.950000,0.00000000
53.966667,0.00122484
53.983333,0.00000000
54.000000,0.00000000
54.016667,0.00010727
54.033333,0.00108866
54.050000,0.00048926
54.066667,0.00000000
54.083333,0.00085338
54.100000,0.00023842
54.116667,0.00002623
54.133333,0.00093831
54.150000,0.00034506
54.166667,0.00000000
54.183333,0.00000000
54.200000,0.00000000
54.216667,0.00100951
54.233333,0.00048555
54.250000,0.00000000
54.266667,0.00000000
54.283333,0.00046489
54.300000,0.00051677
54.316667,0.00014558
54.333333,0.00036740
54.350000,0.00052190
54.366667,0.00000000
54.383333,0.00000000
54.400000,0.00000000
54.416667,0.00052730
54.433333,0.00000000
54.450000,0.00050241
54.466667,0.00000000
54.483333,0.00000000
54.500000,0.00000000
54.516667,0.00000000
54.533333,0.00035615
54.550000,0.00000000
54.566667,0.00000000
54.583333,0.00064708
54.600000,0.00000000
54.616667,0.00000000
54.633333,0.00000000
54.650000,0.00000000
54.666667,0.00018888
54.683333,0.00013109
54.700000,0.00045892
54.716667,0.00003931
54.733333,0.00000000
54.750000,0.00000000
54.766667,0.00000000
54.783333,0.00029143
54.800000,0.00000000
54.816667,0.00028607
54.833333,0.00000000
54.850000,0.00052410
54.866667,0.00000000
54.883333,0.00024412
54.900000,0.00000000
54.916667,0.00000000
54.933333,0.00000000
54.950000,0.00000000
54.966667,0.00104282
54.983333,0.00025530
55.000000,0.00050185
55.016667,0.00000000
55.033333,0.00023241
55.050000,0.00040144
55.066667,0.00008709
55.083333,0.00058163
55.100000,0.00000000
55.116667,0.00000000
55.133333,0.00064245
55.150000,0.00102519
55.166667,0.00000000
55.183333,0.00000000
55.200000,0.00000000
55.216667,0.00029440
55.233333,0.00064208
55.250000,0.00010422
55.266667,0.00000000
55.283333,0.00000000
55.300000,0.00013751
55.316667,0.00000000
55.333333,0.00000000
55.350000,0.00002245
55.366667,0.00044269
55.383333,0.00000000
55.400000,0.00047371
55.416667,0.00000000
55.433333,0.00054243
55.450000,0.00000000
55.466667,0.00000000
55.483333,0.00000000
55.500000,0.00000000
55.516667,0.00157861
55.533333,0.00000000
55.550000,0.00000000
55.566667,0.00075736
55.583333,0.00070042
55.600000,0.00076804
55.616667,0.00000000
55.633333,0.00000061
55.650000,0.00038545
55.666667,0.00000000
55.683333,0.00000000
55.700000,0.00000000
55.716667,0.00010349
55.733333,0.00000000
55.750000,0.00057930
55.766667,0.00054023
55.783333,0.00000000
55.800000,0.00126607
55.816667,0.00000000
55.833333,0.00083755
55.850000,0.00000000
55.866667,0.00000000
55.883333,0.00019394
55.900000,0.00047608
55.916667,0.00037057
55.933333,0.00000000
55.950000,0.00023902
55.966667,0.00000000
55.983333,0.00013682
56.000000,0.00000000
56.016667,0.00000000
56.033333,0.00148405
56.050000,0.00042765
56.066667,0.00000000
56.083333,0.00000000
56.100000,0.00000000
56.116667,0.00015817
56.133333,0.00000000
56.150000,0.00039186
56.166667,0.00071192
56.183333,0.00000000
56.200000,0.00056959
56.216667,0.00000000
56.233333,0.00000000
56.250000,0.00040587
56.266667,0.00007986
56.283333,0.00031462
56.300000,0.00000000
56.316667,0.00168166
56.333333,0.00026103
56.350000,0.00000000
56.366667,0.00000000
56.383333,0.00000000
56.400000,0.00000000
56.416667,0.00000000
56.433333,0.00000000
56.450000,0.00000000
56.466667,0.00052423
56.483333,0.00000000
56.500000,0.00034407
56.516667,0.00000000
56.533333,0.00000000
56.550000,0.00057621
56.566667,0.00000000
56.583333,0.00000000
56.600000,0.00044973
56.616667,0.00050802
56.633333,0.00005593
56.650000,0.00109491
56.666667,0.00000334
56.683333,0.00032609
56.700000,0.00094180
56.716667,0.00046720
56.733333,0.00061979
56.750000,0.00000000
56.766667,0.00000000
56.783333,0.00129719
56.800000,0.00017138
56.816667,0.00019320
56.833333,0.00000000
56.850000,0.00003040
56.866667,0.00000000
56.883333,0.00000000
56.900000,0.00000000
56.916667,0.00000000
56.933333,0.00065397
56.950000,0.00000000
56.966667,0.00000000
56.983333,0.00008994
57.000000,0.00027290
57.016667,0.00000404
57.033333,0.00064365
57.050000,0.00034198
57.066667,0.00051824
57.083333,0.00000000
57.100000,0.00000000
57.116667,0.00000000
57.133333,0.00000000
57.150000,0.00000000
57.166667,0.00001836
57.183333,0.00000000
57.200000,0.00000000
57.216667,0.00000000
57.233333,0.00105306
57.250000,0.00042056
57.266667,0.00045635
57.283333,0.00000000
57.300000,0.00026371
57.316667,0.00000000
57.333333,0.00000000
57.350000,0.00000000
57.366667,0.00020967
57.383333,0.00063277
57.400000,0.00000000
57.416667,0.00000000
57.433333,0.00000000
57.450000,0.00000000
57.466667,0.00000000
57.483333,0.00026125
57.500000,0.00000000
57.516667,0.00000000
57.533333,0.00039374
57.550000,0.00000550
57.566667,0.00000000
57.583333,0.00000000
57.600000,0.00000000
57.616667,0.00000000
57.633333,0.00021591
57.650000,0.00000000
57.666667,0.00000000
57.683333,0.00000000
57.700000,0.00000000
57.716667,0.00067517
57.733333,0.00081352
57.750000,0.00027314
57.766667,0.00003820
57.783333,0.00000304
57.800000,0.00061381
57.816667,0.00068204
57.833333,0.00000000
57.850000,0.00074541
57.866667,0.00071686
57.883333,0.00047082
57.900000,0.00091066
57.916667,0.00000000
57.933333,0.00000000
57.950000,0.00000000
57.966667,0.00000000
57.983333,0.00000000
58.000000,0.00018321
58.016667,0.00018511
58.033333,0.00037504
58.050000,0.00000000
58.066667,0.00056111
58.083333,0.00000000
58.100000,0.00000000
58.116667,0.00025240
58.133333,0.00000000
58.150000,0.00000000
58.166667,0.00058042
58.183333,0.00028931
58.200000,0.00050712
58.216667,0.00000000
58.233333,0.00061291
58.250000,0.00000000
58.266667,0.00092481
58.283333,0.00052822
58.300000,0.00000000
58.316667,0.00045845
58.333333,0.00000000
58.350000,0.00035358
58.366667,0.00049491
58.383333,0.00051692
58.400000,0.00000000
58.416667,0.00002660
58.433333,0.00000000
58.450000,0.00032678
58.466667,0.00000000
58.483333,0.00000000
58.500000,0.00000000
58.516667,0.00091013
58.533333,0.00000000
58.550000,0.00082034
58.566667,0.00000000
58.583333,0.00000000
58.600000,0.00059571
58.616667,0.00053123
58.633333,0.00000000
58.650000,0.00000000
58.666667,0.00000000
58.683333,0.00000000
58.700000,0.00000000
58.716667,0.00022182
58.733333,0.00011128
58.750000,0.00079711
58.766667,0.00000000
58.783333,0.00000000
58.800000,0.00000000
58.816667,0.00036445
58.833333,0.00000000
58.850000,0.00001468
58.866667,0.00000000
58.883333,0.00000000
58.900000,0.00075021
58.916667,0.00016992
58.933333,0.00000000
58.950000,0.00000000
58.966667,0.00000583
58.983333,0.00000000
59.000000,0.00000000
59.016667,0.00058433
59.033333,0.00015704
59.050000,0.00136712
59.066667,0.00000000
59.083333,0.00000000
59.100000,0.00000000
59.116667,0.00000000
59.133333,0.00000000
59.150000,0.00000000
59.166667,0.00047230
59.183333,0.00160341
59.200000,0.00000000
59.216667,0.00084063
59.233333,0.00039773
59.250000,0.00000000
59.266667,0.00000000
59.283333,0.00000000
59.300000,0.00000000
59.316667,0.00000000
59.333333,0.00000000
59.350000,0.00108254
59.366667,0.00000000
59.383333,0.00043777
59.400000,0.00000000
59.416667,0.00000000
59.433333,0.00051576
59.450000,0.00046332
59.466667,0.00000000
59.483333,0.00035716
59.500000,0.00000000
59.516667,0.00048909
59.533333,0.00054888
59.550000,0.00003307
59.566667,0.00028396
59.583333,0.00007187
59.600000,0.00000000
59.616667,0.00000000
59.633333,0.00000000
59.650000,0.00000000
59.666667,0.00006032
59.683333,0.00000000
59.700000,0.00050379
59.716667,0.00062460
59.733333,0.00096596
59.750000,0.00069536
59.766667,0.00000000
59.783333,0.00000000
59.800000,0.00078722
59.816667,0.00000000
59.833333,0.00055853
59.850000,0.00082198
59.866667,0.00000000
59.883333,0.00079978
59.900000,0.00031565
59.916667,0.00033616
59.933333,0.00000000
59.950000,0.00000000
59.966667,0.00039471
59.983333,0.00000000
60.000000,0.00116499
60.016667,0.00000000
60.033333,0.00000000
60.050000,0.00048273
60.066667,0.00000000
60.083333,0.00000000
60.100000,0.00066056
60.116667,0.00000000
60.133333,0.00162018
60.150000,0.00000000
60.166667,0.00000000
60.183333,0.00070056
60.200000,0.00048241
60.216667,0.00000000
60.233333,0.00000656
60.250000,0.00000000
60.266667,0.00000000
60.283333,0.00000000
60.300000,0.00000000
60.316667,0.00109687
60.333333,0.00045288
60.350000,0.00000000
60.366667,0.00000000
60.383333,0.00000000
60.400000,0.00019188
60.416667,0.00045044
60.433333,0.00000000
60.450000,0.00000000
60.466667,0.00021255
60.483333,0.00039732
60.500000,0.00014129
60.516667,0.00000000
60.533333,0.00000000
60.550000,0.00016263
60.566667,0.00062984
60.583333,0.00072968
60.600000,0.00009926
60.616667,0.00026906
60.633333,0.00000000
60.650000,0.00000000
60.666667,0.00000000
60.683333,0.00000000
60.700000,0.00000000
60.716667,0.00000000
60.733333,0.00006296
60.750000,0.00000000
60.766667,0.00000000
60.783333,0.00123008
60.800000,0.00062845
60.816667,0.00000000
60.833333,0.00000000
60.850000,0.00026693
60.866667,0.00000000
60.883333,0.00095838
60.900000,0.00000000
60.916667,0.00007610
60.933333,0.00065044
60.950000,0.00015783
60.966667,0.00000000
60.983333,0.00000000
61.000000,0.00000000
61.016667,0.00052355
61.033333,0.00054518
61.050000,0.00035569
61.066667,0.00009059
61.083333,0.00000000
61.100000,0.00000000
61.116667,0.00013072
61.133333,0.00041364
61.150000,0.00032428
61.166667,0.00077582
61.183333,0.00000000
61.200000,0.00000000
61.216667,0.00000116
61.233333,0.00000000
61.250000,0.00171597
61.266667,0.00000000
61.283333,0.00000000
61.300000,0.00035953
61.316667,0.00084907
61.333333,0.00000000
61.350000,0.00000000
61.366667,0.00020157
61.383333,0.00000000
61.400000,0.00091012
61.416667,0.00093467
61.433333,0.00000000
61.450000,0.00000000
61.466667,0.00008095
61.483333,0.00000000
61.500000,0.00022448
61.516667,0.00049594
61.533333,0.00049055
61.550000,0.00020429
61.566667,0.00057137
61.583333,0.00000000
61.600000,0.00000000
61.616667,0.00000000
61.633333,0.00000000
61.650000,0.00000000
61.666667,0.00000000
61.683333,0.00028575
61.700000,0.00089060
61.716667,0.00000000
61.733333,0.00012953
61.750000,0.00000000
61.766667,0.00000000
61.783333,0.00080410
61.800000,0.00000000
61.816667,0.00000000
61.833333,0.00000000
61.850000,0.00000000
61.866667,0.00000000
61.883333,0.00000000
61.900000,0.00000000
61.916667,0.00000000
61.933333,0.00084841
61.950000,0.00000000
61.966667,0.00000000
61.983333,0.00000000
62.000000,0.00013863
62.016667,0.00000193
62.033333,0.00075200
62.050000,0.00005835
62.066667,0.00020503
62.083333,0.00015325
62.100000,0.00000000
62.116667,0.00052923
62.133333,0.00068133
62.150000,0.00071229
62.166667,0.00000000
62.183333,0.00000000
62.200000,0.00000000
62.216667,0.00000000
62.233333,0.00075088
62.250000,0.00000000
62.266667,0.00000000
62.283333,0.00000000
62.300000,0.00013128
62.316667,0.00061326
62.333333,0.00000000
62.350000,0.00033219
62.366667,0.00062878
62.383333,0.00006922
62.400000,0.00006363
62.416667,0.00000000
62.433333,0.00018260
62.450000,0.00000000
62.466667,0.00000000
62.483333,0.00051764
62.500000,0.00000000
62.516667,0.00000000
62.533333,0.00088893
62.550000,0.00008197
62.566667,0.00086853
62.583333,0.00049821
62.600000,0.00061653
62.616667,0.00000000
62.633333,0.00000000
62.650000,0.00044730
62.666667,0.00000000
62.683333,0.00000000
62.700000,0.00043066
62.716667,0.00000000
62.733333,0.00000000
62.750000,0.00142491
62.766667,0.00047458
62.783333,0.00008183
62.800000,0.00056183
62.816667,0.00043683
62.833333,0.00000000
62.850000,0.00000000
62.866667,0.00005901
62.883333,0.00066571
62.900000,0.00000000
62.916667,0.00000000
62.933333,0.00044771
62.950000,0.00093460
62.966667,0.00000000
62.983333,0.00000000
63.000000,0.00056281
63.016667,0.00000000
63.033333,0.00030960
63.050000,0.00000000
63.066667,0.00000000
63.083333,0.00023917
63.100000,0.00000000
63.116667,0.00000000
63.133333,0.00047916
63.150000,0.00037658
63.166667,0.00000000
63.183333,0.00016318
63.200000,0.00057924
63.216667,0.00028469
63.233333,0.00000000
63.250000,0.00000000
63.266667,0.00014358
63.283333,0.00000000
63.300000,0.00034610
63.316667,0.00000000
63.333333,0.00000000
63.350000,0.00048435
63.366667,0.00014070
63.383333,0.00030566
63.400000,0.00016613
63.416667,0.00075790
63.433333,0.00048792
63.450000,0.00000000
63.466667,0.00020960
63.483333,0.00021970
63.500000,0.00000000
63.516667,0.00007830
63.533333,0.00004884
63.550000,0.00030966
63.566667,0.00000000
63.583333,0.00035150
63.600000,0.00024181
63.616667,0.00021443
63.633333,0.00000000
63.650000,0.00000000
63.666667,0.00000000
63.683333,0.00021077
63.700000,0.00031196
63.716667,0.00103127
63.733333,0.00000000
63.750000,0.00000000
63.766667,0.00000000
63.783333,0.00008970
63.800000,0.00000000
63.816667,0.00050609
63.833333,0.00000000
63.850000,0.00097390
63.866667,0.00055122
63.883333,0.00086392
63.900000,0.00000000
63.916667,0.00000000
63.933333,0.00004228
63.950000,0.00000000
63.966667,0.00000000
63.983333,0.00029429
64.000000,0.00000000
64.016667,0.00032156
64.033333,0.00000000
64.050000,0.00000000
64.066667,0.00000000
64.083333,0.00000000
64.100000,0.00000000
64.116667,0.00052842
64.133333,0.00000000
64.150000,0.00002031
64.166667,0.00074610
64.183333,0.00000000
64.200000,0.00003547
64.216667,0.00041355
64.233333,0.00000000
64.250000,0.00000000
64.266667,0.00037678
64.283333,0.00000000
64.300000,0.00014870
64.316667,0.00000000
64.333333,0.00048353
64.350000,0.00000000
64.366667,0.00029115
64.383333,0.00079954
64.400000,0.00000000
64.416667,0.00000000
64.433333,0.00032933
64.450000,0.00000000
64.466667,0.00072960
64.483333,0.00000000
64.500000,0.00063110
64.516667,0.00000000
64.533333,0.00009709
64.550000,0.00000000
64.566667,0.00000000
64.583333,0.00042222
64.600000,0.00000000
64.616667,0.00000000
64.633333,0.00000000
64.650000,0.00024966
64.666667,0.00000000
64.683333,0.00000000
64.700000,0.00028346
64.716667,0.00000000
64.733333,0.00053781
64.750000,0.00008175
64.766667,0.00000000
64.783333,0.00000000
64.800000,0.00000000
64.816667,0.00047524
64.833333,0.00008047
64.850000,0.00122916
64.866667,0.00000000
64.883333,0.00046403
64.900000,0.00064314
64.916667,0.00000000
64.933333,0.00087877
64.950000,0.00006979
64.966667,0.00000000
64.983333,0.00029389
65.000000,0.00000000
65.016667,0.00000000
65.033333,0.00000000
65.050000,0.00126739
65.066667,0.00000000
65.083333,0.00000000
65.100000,0.00000000
65.116667,0.00000000
65.133333,0.00021390
65.150000,0.00064009
65.166667,0.00000000
65.183333,0.00000000
65.200000,0.00000000
65.216667,0.00012991
65.233333,0.00000000
65.250000,0.00062927
65.266667,0.00062147
65.283333,0.00000000
65.300000,0.00000000
65.316667,0.00041618
65.333333,0.00000000
65.350000,0.00000000
65.366667,0.00074278
65.383333,0.00141327
65.400000,0.00062130
65.416667,0.00000000
65.433333,0.00000000
65.450000,0.00000000
65.466667,0.00169470
65.483333,0.00043168
65.500000,0.00009717
65.516667,0.00000000
65.533333,0.00048677
65.550000,0.00032405
65.566667,0.00000000
65.583333,0.00000000
65.600000,0.00000000
65.616667,0.00000000
65.633333,0.00000000
65.650000,0.00000000
65.666667,0.00047090
65.683333,0.00027550
65.700000,0.00000000
65.716667,0.00009819
65.733333,0.00000000
65.750000,0.00000000
65.766667,0.00047446
65.783333,0.00000000
65.800000,0.00020764
65.816667,0.00000000
65.833333,0.00013836
65.850000,0.00000000
65.866667,0.00011030
65.883333,0.00000000
65.900000,0.00000000
65.916667,0.00033401
65.933333,0.00000000
65.950000,0.00000000
65.966667,0.00000000
65.983333,0.00000000
66.000000,0.00000000
66.016667,0.00000000
66.033333,0.00000000
66.050000,0.00000000
66.066667,0.00000000
66.083333,0.00073419
66.100000,0.00000000
66.116667,0.00090135
66.133333,0.00000000
66.150000,0.00000000
66.166667,0.00000000
66.183333,0.00000000
66.200000,0.00000000
66.216667,0.00000000
66.233333,0.00000000
66.250000,0.00000000
66.266667,0.00030198
66.283333,0.00019290
66.300000,0.00000000
66.316667,0.00001424
66.333333,0.00000000
66.350000,0.00014523
66.366667,0.00000000
66.383333,0.00027514
66.400000,0.00034372
66.416667,0.00141214
66.433333,0.00000000
66.450000,0.00000000
66.466667,0.00036720
66.483333,0.00000000
66.500000,0.00000000
66.516667,0.00000000
66.533333,0.00003203
66.550000,0.00000000
66.566667,0.00017681
66.583333,0.00000000
66.600000,0.00066888
66.616667,0.00023098
66.633333,0.00000000
66.650000,0.00000000
66.666667,0.00138318
66.683333,0.00014310
66.700000,0.00000000
66.716667,0.00000000
66.733333,0.00000000
66.750000,0.00000000
66.766667,0.00029336
66.783333,0.00008265
66.800000,0.00000000
66.816667,0.00000000
66.833333,0.00004943
66.850000,0.00000000
66.866667,0.00081427
66.883333,0.00000000
66.900000,0.00043130
66.916667,0.00000000
66.933333,0.00000000
66.950000,0.00055533
66.966667,0.00000000
66.983333,0.00096933
67.000000,0.00063925
67.016667,0.00098829
67.033333,0.00055434
67.050000,0.00000000
67.066667,0.00000000
67.083333,0.00000000
67.100000,0.00000000
67.116667,0.00078980
67.133333,0.00060959
67.150000,0.00000000
67.166667,0.00000000
67.183333,0.00000000
67.200000,0.00000000
67.216667,0.00005460
67.233333,0.00000000
67.250000,0.00000386
67.266667,0.00008475
67.283333,0.00000000
67.300000,0.00040502
67.316667,0.00060025
67.333333,0.00000000
67.350000,0.00000000
67.366667,0.00000000
67.383333,0.00000000
67.400000,0.00000000
67.416667,0.00000000
67.433333,0.00034422
67.450000,0.00000000
67.466667,0.00000000
67.483333,0.00108200
67.500000,0.00008758
67.516667,0.00002573
67.533333,0.00000000
67.550000,0.00031085
67.566667,0.00000000
67.583333,0.00000000
67.600000,0.00000000
67.616667,0.00048271
67.633333,0.00000000
67.650000,0.00056723
67.666667,0.00000000
67.683333,0.00028357
67.700000,0.00000000
67.716667,0.00000000
67.733333,0.00020974
67.750000,0.00000000
67.766667,0.00000000
67.783333,0.00018579
67.800000,0.00025886
67.816667,0.00120376
67.833333,0.00000000
67.850000,0.00000000
67.866667,0.00065116
67.883333,0.00069326
67.900000,0.00114622
67.916667,0.00007991
67.933333,0.00000000
67.950000,0.00068197
67.966667,0.00000000
67.983333,0.00000000
68.000000,0.00052605
68.016667,0.00027037
68.033333,0.00023654
68.050000,0.00073126
68.066667,0.00000000
68.083333,0.00111227
68.100000,0.00026912
68.116667,0.00112887
68.133333,0.00050388
68.150000,0.00059798
68.166667,0.00081317
68.183333,0.00074792
68.200000,0.00000000
68.216667,0.00000000
68.233333,0.00043164
68.250000,0.00000000
68.266667,0.00000804
68.283333,0.00000000
68.300000,0.00000000
68.316667,0.00000000
68.333333,0.00000000
68.350000,0.00008002
68.366667,0.00059107
68.383333,0.00001599
68.400000,0.00042811
68.416667,0.00022162
68.433333,0.00000000
68.450000,0.00017160
68.466667,0.00031142
68.483333,0.00000000
68.500000,0.00054745
68.516667,0.00026250
68.533333,0.00000000
68.550000,0.00018645
68.566667,0.00000000
68.583333,0.00000000
68.600000,0.00000000
68.616667,0.00011288
68.633333,0.00000000
68.650000,0.00044399
68.666667,0.00072345
68.683333,0.00009262
68.700000,0.00000000
68.716667,0.00000000
68.733333,0.00000000
68.750000,0.00009333
68.766667,0.00000000
68.783333,0.00043887
68.800000,0.00022289
68.816667,0.00047432
68.833333,0.00008626
68.850000,0.00015660
68.866667,0.00000000
68.883333,0.00037811
68.900000,0.00000000
68.916667,0.00000000
68.933333,0.00000000
68.950000,0.00023950
68.966667,0.00000000
68.983333,0.00006383
69.000000,0.00000000
69.016667,0.00035407
69.033333,0.00023223
69.050000,0.00018950
69.066667,0.00047510
69.083333,0.00014363
69.100000,0.00000000
69.116667,0.00015942
69.133333,0.00071918
69.150000,0.00000000
69.166667,0.00022346
69.183333,0.00007391
69.200000,0.00000000
69.216667,0.00020811
69.233333,0.00056465
69.250000,0.00023951
69.266667,0.00013234
69.283333,0.00000000
69.300000,0.00000000
69.316667,0.00000000
69.333333,0.00007495
69.350000,0.00000000
69.366667,0.00000000
69.383333,0.00018450
69.400000,0.00000000
69.416667,0.00045315
69.433333,0.00000000
69.450000,0.00090506
69.466667,0.00000000
69.483333,0.00000000
69.500000,0.00038621
69.516667,0.00148550
69.533333,0.00000000
69.550000,0.00000000
69.566667,0.00000000
69.583333,0.00065978
69.600000,0.00016141
69.616667,0.00000000
69.633333,0.00000000
69.650000,0.00000000
69.666667,0.00000000
69.683333,0.00000000
69.700000,0.00087068
69.716667,0.00000000
69.733333,0.00017595
69.750000,0.00044055
69.766667,0.00000000
69.783333,0.00000000
69.800000,0.00000000
69.816667,0.00003848
69.833333,0.00009085
69.850000,0.00020910
69.866667,0.00000000
69.883333,0.00000000
69.900000,0.00118274
69.916667,0.00161378
69.933333,0.00024112
69.950000,0.00065731
69.966667,0.00058845
69.983333,0.00079228
70.000000,0.00000000
70.016667,0.00000000
70.033333,0.00117258
70.050000,0.00019683
70.066667,0.00000000
70.083333,0.00018062
70.100000,0.00000000
70.116667,0.00042784
70.133333,0.00000396
70.150000,0.00012764
70.166667,0.00012063
70.183333,0.00050060
70.200000,0.00011959
70.216667,0.00000000
70.233333,0.00030271
70.250000,0.00100735
70.266667,0.00000000
70.283333,0.00023637
70.300000,0.00007783
70.316667,0.00000000
70.333333,0.00079647
70.350000,0.00000000
70.366667,0.00036121
70.383333,0.00107256
70.400000,0.00103315
70.416667,0.00035422
70.433333,0.00004303
70.450000,0.00008864
70.466667,0.00000000
70.483333,0.00000000
70.500000,0.00000000
70.516667,0.00132563
70.533333,0.00000000
70.550000,0.00000000
70.566667,0.00000000
70.583333,0.00087425
70.600000,0.00070786
70.616667,0.00041494
70.633333,0.00112700
70.650000,0.00076431
70.666667,0.00081129
70.683333,0.00009770
70.700000,0.00016977
70.716667,0.00002535
70.733333,0.00000000
70.750000,0.00000000
70.766667,0.00000000
70.783333,0.00041286
70.800000,0.00000000
70.816667,0.00000000
70.833333,0.00025053
70.850000,0.00017211
70.866667,0.00000000
70.883333,0.00079658
70.900000,0.00076149
70.916667,0.00000000
70.933333,0.00000000
70.950000,0.00041743
70.966667,0.00000000
70.983333,0.00000000
71.000000,0.00000000
71.016667,0.00000000
71.033333,0.00039208
71.050000,0.00000000
71.066667,0.00000000
71.083333,0.00119047
71.100000,0.00000000
71.116667,0.00000000
71.133333,0.00038722
71.150000,0.00005189
71.166667,0.00000000
71.183333,0.00002850
71.200000,0.00068067
71.216667,0.00051597
71.233333,0.00017693
71.250000,0.00000000
71.266667,0.00000000
71.283333,0.00050467
71.300000,0.00000000
71.316667,0.00000000
71.333333,0.00000000
71.350000,0.00000000
71.366667,0.00005409
71.383333,0.00000000
71.400000,0.00039496
71.416667,0.00000000
71.433333,0.00017548
71.450000,0.00035723
71.466667,0.00000000
71.483333,0.00015252
71.500000,0.00012027
71.516667,0.00000000
71.533333,0.00143454
71.550000,0.00000000
71.566667,0.00000000
71.583333,0.00000000
71.600000,0.00009724
71.616667,0.00000000
71.633333,0.00000000
71.650000,0.00008459
71.666667,0.00070830
71.683333,0.00013920
71.700000,0.00000000
71.716667,0.00000000
71.733333,0.00014920
71.750000,0.00027465
71.766667,0.00055783
71.783333,0.00000000
71.800000,0.00000000
71.816667,0.00000000
71.833333,0.00000000
71.850000,0.00000000
71.866667,0.00000000
71.883333,0.00021113
71.900000,0.00006428
71.916667,0.00053648
71.933333,0.00000000
71.950000,0.00026157
71.966667,0.00000000
71.983333,0.00000000
72.000000,0.00090636
72.016667,0.00000000
72.033333,0.00000000
72.050000,0.00000000
72.066667,0.00000000
72.083333,0.00023109
72.100000,0.00000000
72.116667,0.00000000
72.133333,0.00000000
72.150000,0.00012608
72.166667,0.00000000
72.183333,0.00066702
72.200000,0.00058228
72.216667,0.00010206
72.233333,0.00022427
72.250000,0.00000000
72.266667,0.00041229
72.283333,0.00000000
72.300000,0.00103853
72.316667,0.00000000
72.333333,0.00000000
72.350000,0.00000000
72.366667,0.00092752
72.383333,0.00069693
72.400000,0.00000000
72.416667,0.00048794
72.433333,0.00027322
72.450000,0.00019195
72.466667,0.00000000
72.483333,0.00000000
72.500000,0.00000000
72.516667,0.00053752
72.533333,0.00106147
72.550000,0.00080744
72.566667,0.00034559
72.583333,0.00062853
72.600000,0.00108936
72.616667,0.00038223
72.633333,0.00002253
72.650000,0.00000000
72.666667,0.00000000
72.683333,0.00100713
72.700000,0.00011985
72.716667,0.00000000
72.733333,0.00000000
72.750000,0.00030066
72.766667,0.00000000
72.783333,0.00000000
72.800000,0.00025899
72.816667,0.00074428
72.833333,0.00000000
72.850000,0.00000000
72.866667,0.00000000
72.883333,0.00008659
72.900000,0.00013077
72.916667,0.00000000
72.933333,0.00003287
72.950000,0.00000000
72.966667,0.00004214
72.983333,0.00000000
73.000000,0.00000000
73.016667,0.00033839
73.033333,0.00026190
73.050000,0.00028563
73.066667,0.00000000
73.083333,0.00000000
73.100000,0.00000000
73.116667,0.00092953
73.133333,0.00000000
73.150000,0.00000000
73.166667,0.00064633
73.183333,0.00000000
73.200000,0.00000000
73.216667,0.00000000
73.233333,0.00000000
73.250000,0.00000206
73.266667,0.00000000
73.283333,0.00000000
73.300000,0.00000000
73.316667,0.00000000
73.333333,0.00000000
73.350000,0.00043273
73.366667,0.00108837
73.383333,0.00021352
73.400000,0.00035811
73.416667,0.00000000
73.433333,0.00000000
73.450000,0.00013868
73.466667,0.00000000
73.483333,0.00047060
73.500000,0.00083099
73.516667,0.00000000
73.533333,0.00028555
73.550000,0.00081053
73.566667,0.00052421
73.583333,0.00000000
73.600000,0.00009014
73.616667,0.00011065
73.633333,0.00000000
73.650000,0.00000000
73.666667,0.00000000
73.683333,0.00005190
73.700000,0.00000000
73.716667,0.00000000
73.733333,0.00000000
73.750000,0.00000000
73.766667,0.00000000
73.783333,0.00000000
73.800000,0.00000000
73.816667,0.00058748
73.833333,0.00007571
73.850000,0.00020112
73.866667,0.00000000
73.883333,0.00055323
73.900000,0.00000000
73.916667,0.00002953
73.933333,0.00034995
73.950000,0.00036920
73.966667,0.00000000
73.983333,0.00058511
74.000000,0.00011778
74.016667,0.00000000
74.033333,0.00109785
74.050000,0.00000000
74.066667,0.00000000
74.083333,0.00002386
74.100000,0.00120834
74.116667,0.00085082
74.133333,0.00000000
74.150000,0.00020284
74.166667,0.00065087
74.183333,0.00000000
74.200000,0.00047579
74.216667,0.00107233
74.233333,0.00003028
74.250000,0.00092419
74.266667,0.00000000
74.283333,0.00094165
74.300000,0.00000000
74.316667,0.00025101
74.333333,0.00027076
74.350000,0.00094638
74.366667,0.00019000
74.383333,0.00000000
74.400000,0.00057769
74.416667,0.00065391
74.433333,0.00000000
74.450000,0.00075278
74.466667,0.00000000
74.483333,0.00000000
74.500000,0.00013784
74.516667,0.00000000
74.533333,0.00000000
74.550000,0.00000000
74.566667,0.00000000
74.583333,0.00038241
74.600000,0.00000000
74.616667,0.00000000
74.633333,0.00000000
74.650000,0.00052297
74.666667,0.00000000
74.683333,0.00000000
74.700000,0.00117614
74.716667,0.00015621
74.733333,0.00026244
74.750000,0.00000000
74.766667,0.00000000
74.783333,0.00020133
74.800000,0.00000000
74.816667,0.00000000
74.833333,0.00000000
74.850000,0.00116512
74.866667,0.00000000
74.883333,0.00000000
74.900000,0.00045145
74.916667,0.00043983
74.933333,0.00068644
74.950000,0.00030556
74.966667,0.00000000
74.983333,0.00000000
75.000000,0.00000000
75.016667,0.00000000
75.033333,0.00028666
75.050000,0.00000000
75.066667,0.00004156
75.083333,0.00000000
75.100000,0.00139776
75.116667,0.00076344
75.133333,0.00000000
75.150000,0.00035008
75.166667,0.00036751
75.183333,0.00002806
75.200000,0.00000000
75.216667,0.00000000
75.233333,0.00000000
75.250000,0.00000000
75.266667,0.00018512
75.283333,0.00016479
75.300000,0.00070124
75.316667,0.00031079
75.333333,0.00118311
75.350000,0.00000000
75.366667,0.00000000
75.383333,0.00087557
75.400000,0.00087405
75.416667,0.00045264
75.433333,0.00000000
75.450000,0.00000000
75.466667,0.00000144
75.483333,0.00023131
75.500000,0.00013198
75.516667,0.00059151
75.533333,0.00000000
75.550000,0.00011235
75.566667,0.00079770
75.583333,0.00000000
75.600000,0.00027549
75.616667,0.00000000
75.633333,0.00000000
75.650000,0.00000000
75.666667,0.00000000
75.683333,0.00032040
75.700000,0.00000000
75.716667,0.00073737
75.733333,0.00006980
75.750000,0.00000000
75.766667,0.00000000
75.783333,0.00019545
75.800000,0.00000000
75.816667,0.00000000
75.833333,0.00000000
75.850000,0.00025351
75.866667,0.00014750
75.883333,0.00043123
75.900000,0.00014046
75.916667,0.00010348
75.933333,0.00004323
75.950000,0.00053504
75.966667,0.00000000
75.983333,0.00000000
76.000000,0.00084384
76.016667,0.00000000
76.033333,0.00057642
76.050000,0.00000000
76.066667,0.00000000
76.083333,0.00000000
76.100000,0.00044057
76.116667,0.00000000
76.133333,0.00000000
76.150000,0.00000000
76.166667,0.00093711
76.183333,0.00050898
76.200000,0.00000000
76.216667,0.00047377
76.233333,0.00000000
76.250000,0.00029676
76.266667,0.00095687
76.283333,0.00000000
76.300000,0.00016563
76.316667,0.00000000
76.333333,0.00000000
76.350000,0.00000000
76.366667,0.00013197
76.383333,0.00030926
76.400000,0.00000000
76.416667,0.00000000
76.433333,0.00000000
76.450000,0.00088143
76.466667,0.00000000
76.483333,0.00000000
76.500000,0.00017094
76.516667,0.00105774
76.533333,0.00000000
76.550000,0.00128314
76.566667,0.00000000
76.583333,0.00000000
76.600000,0.00007377
76.616667,0.00000000
76.633333,0.00000000
76.650000,0.00000000
76.666667,0.00030268
76.683333,0.00000000
76.700000,0.00000000
76.716667,0.00015321
76.733333,0.00000000
76.750000,0.00023276
76.766667,0.00000000
76.783333,0.00052095
76.800000,0.00077090
76.816667,0.00012941
76.833333,0.00000000
76.850000,0.00000000
76.866667,0.00000000
76.883333,0.00026304
76.900000,0.00075213
76.916667,0.00022251
76.933333,0.00000000
76.950000,0.00000000
76.966667,0.00005914
76.983333,0.00019548
77.000000,0.00000000
77.016667,0.00000000
77.033333,0.00023732
77.050000,0.00000000
77.066667,0.00052496
77.083333,0.00000000
77.100000,0.00000087
77.116667,0.00020858
77.133333,0.00068275
77.150000,0.00000000
77.166667,0.00000000
77.183333,0.00000000
77.200000,0.00000000
77.216667,0.00051929
77.233333,0.00045400
77.250000,0.00002891
77.266667,0.00059318
77.283333,0.00079070
77.300000,0.00046468
77.316667,0.00024038
77.333333,0.00000000
77.350000,0.00024368
77.366667,0.00079010
77.383333,0.00011457
77.400000,0.00000000
77.416667,0.00000000
77.433333,0.00002104
77.450000,0.00019003
77.466667,0.00057709
77.483333,0.00054467
77.500000,0.00000000
77.516667,0.00049909
77.533333,0.00022032
77.550000,0.00031235
77.566667,0.00008205
77.583333,0.00031888
77.600000,0.00000000
77.616667,0.00060817
77.633333,0.00043026
77.650000,0.00092533
77.666667,0.00008913
77.683333,0.00029164
77.700000,0.00000000
77.716667,0.00000000
77.733333,0.00000000
77.750000,0.00012619
77.766667,0.00000000
77.783333,0.00000000
77.800000,0.00000000
77.816667,0.00000000
77.833333,0.00041212
77.850000,0.00000000
77.866667,0.00076875
77.883333,0.00000000
77.900000,0.00120013
77.916667,0.00010588
77.933333,0.00108001
77.950000,0.00000000
77.966667,0.00000000
77.983333,0.00000000
78.000000,0.00000410
78.016667,0.00000000
78.033333,0.00000000
78.050000,0.00067638
78.066667,0.00009788
78.083333,0.00000000
78.100000,0.00000000
78.116667,0.00059540
78.133333,0.00000000
78.150000,0.00021264
78.166667,0.00070960
78.183333,0.00000000
78.200000,0.00007206
78.216667,0.00000000
78.233333,0.00073338
78.250000,0.00020405
78.266667,0.00057761
78.283333,0.00000000
78.300000,0.00000000
78.316667,0.00028204
78.333333,0.00000000
78.350000,0.00061932
78.366667,0.00019552
78.383333,0.00009658
78.400000,0.00082440
78.416667,0.00013039
78.433333,0.00041495
78.450000,0.00000000
78.466667,0.00009204
78.483333,0.00000000
78.500000,0.00040758
78.516667,0.00000000
78.533333,0.00000000
78.550000,0.00013345
78.566667,0.00000000
78.583333,0.00000000
78.600000,0.00006954
78.616667,0.00022755
78.633333,0.00027249
78.650000,0.00089096
78.666667,0.00015778
78.683333,0.00020222
78.700000,0.00050242
78.716667,0.00000000
78.733333,0.00000000
78.750000,0.00026777
78.766667,0.00043674
78.783333,0.00070417
78.800000,0.00037230
78.816667,0.00000000
78.833333,0.00000000
78.850000,0.00000331
78.866667,0.00000000
78.883333,0.00000000
78.900000,0.00000000
78.916667,0.00000000
78.933333,0.00063572
78.950000,0.00000000
78.966667,0.00025956
78.983333,0.00000000
79.000000,0.00000000
79.016667,0.00000000
79.033333,0.00001228
79.050000,0.00000000
79.066667,0.00007575
79.083333,0.00000000
79.100000,0.00040996
79.116667,0.00000000
79.133333,0.00000221
79.150000,0.00058626
79.166667,0.00011562
79.183333,0.00059507
79.200000,0.00009905
79.216667,0.00000000
79.233333,0.00088136
79.250000,0.00000000
79.266667,0.00034492
79.283333,0.00000000
79.300000,0.00123238
79.316667,0.00000000
79.333333,0.00075461
79.350000,0.00017702
79.366667,0.00013529
79.383333,0.00000000
79.400000,0.00000000
79.416667,0.00093503
79.433333,0.00000000
79.450000,0.00002101
79.466667,0.00000000
79.483333,0.00000000
79.500000,0.00087380
79.516667,0.00003447
79.533333,0.00000000
79.550000,0.00000000
79.566667,0.00025483
79.583333,0.00101757
79.600000,0.00002623
79.616667,0.00000000
79.633333,0.00000000
79.650000,0.00026968
79.666667,0.00000000
79.683333,0.00028017
79.700000,0.00017485
79.716667,0.00077558
79.733333,0.00040514
79.750000,0.00003436
79.766667,0.00056683
79.783333,0.00079301
79.800000,0.00000000
79.816667,0.00096509
79.833333,0.00006830
79.850000,0.00000000
79.866667,0.00021650
79.883333,0.00029247
79.900000,0.00006993
79.916667,0.00000000
79.933333,0.00000000
79.950000,0.00000000
79.966667,0.00000000
79.983333,0.00000000
80.000000,0.00013642
80.016667,0.00095442
80.033333,0.00000000
80.050000,0.00042363
80.066667,0.00000000
80.083333,0.00046746
80.100000,0.00000000
80.116667,0.00000000
80.133333,0.00000000
80.150000,0.00000000
80.166667,0.00000000
80.183333,0.00007618
80.200000,0.00023691
80.216667,0.00000000
80.233333,0.00000000
80.250000,0.00001614
80.266667,0.00063232
80.283333,0.00000000
80.300000,0.00004879
80.316667,0.00000000
80.333333,0.00000000
80.350000,0.00000000
80.366667,0.00044306
80.383333,0.00000000
80.400000,0.00000000
80.416667,0.00000000
80.433333,0.00040818
80.450000,0.00105416
80.466667,0.00000000
80.483333,0.00000000
80.500000,0.00000000
80.516667,0.00000000
80.533333,0.00000000
80.550000,0.00055663
80.566667,0.00047986
80.583333,0.00000000
80.600000,0.00000000
80.616667,0.00012441
80.633333,0.00056083
80.650000,0.00049537
80.666667,0.00000000
80.683333,0.00000000
80.700000,0.00001942
80.716667,0.00000024
80.733333,0.00000000
80.750000,0.00013787
80.766667,0.00000000
80.783333,0.00037942
80.800000,0.00000000
80.816667,0.00065200
80.833333,0.00000000
80.850000,0.00000000
80.866667,0.00039822
80.883333,0.00000000
80.900000,0.00000000
80.916667,0.00035483
80.933333,0.00019892
80.950000,0.00062018
80.966667,0.00025434
80.983333,0.00000000
81.000000,0.00028740
81.016667,0.00109112
81.033333,0.00125201
81.050000,0.00000000
81.066667,0.00012083
81.083333,0.00000000
81.100000,0.00088978
81.116667,0.00043092
81.133333,0.00000000
81.150000,0.00000000
81.166667,0.00041248
81.183333,0.00000000
81.200000,0.00055098
81.216667,0.00000000
81.233333,0.00000000
81.250000,0.00000928
81.266667,0.00000000
81.283333,0.00000000
81.300000,0.00036302
81.316667,0.00000000
81.333333,0.00030938
81.350000,0.00016052
81.366667,0.00033813
81.383333,0.00034907
81.400000,0.00000000
81.416667,0.00054122
81.433333,0.00000000
81.450000,0.00000000
81.466667,0.00034381
81.483333,0.00007530
81.500000,0.00118305
81.516667,0.00000000
81.533333,0.00004103
81.550000,0.00015412
81.566667,0.00000000
81.583333,0.00000000
81.600000,0.00092977
81.616667,0.00000000
81.633333,0.00012898
81.650000,0.00000000
81.666667,0.00005622
81.683333,0.00000000
81.700000,0.00000000
81.716667,0.00035827
81.733333,0.00000000
81.750000,0.00000000
81.766667,0.00015337
81.783333,0.00000000
81.800000,0.00000000
81.816667,0.00041269
81.833333,0.00010725
81.850000,0.00000000
81.866667,0.00031970
81.883333,0.00109301
81.900000,0.00000000
81.916667,0.00000000
81.933333,0.00000000
81.950000,0.00060705
81.966667,0.00071784
81.983333,0.00000000
82.000000,0.00016195
82.016667,0.00000000
82.033333,0.00000000
82.050000,0.00128689
82.066667,0.00000000
82.083333,0.00049501
82.100000,0.00000000
82.116667,0.00000000
82.133333,0.00042026
82.150000,0.00025454
82.166667,0.00017188
82.183333,0.00011350
82.200000,0.00002736
82.216667,0.00075482
82.233333,0.00046953
82.250000,0.00087538
82.266667,0.00052839
82.283333,0.00000000
82.300000,0.00020337
82.316667,0.00000000
82.333333,0.00000000
82.350000,0.00000000
82.366667,0.00037451
82.383333,0.00000000
82.400000,0.00017456
82.416667,0.00000000
82.433333,0.00033342
82.450000,0.00115188
82.466667,0.00000000
82.483333,0.00000000
82.500000,0.00013190
82.516667,0.00064372
82.533333,0.00031709
82.550000,0.00000000
82.566667,0.00000000
82.583333,0.00000000
82.600000,0.00064331
82.616667,0.00024530
82.633333,0.00089859
82.650000,0.00000000
82.666667,0.00000000
82.683333,0.00000000
82.700000,0.00000000
82.716667,0.00000000
82.733333,0.00055395
82.750000,0.00018973
82.766667,0.00058730
82.783333,0.00000000
82.800000,0.00112681
82.816667,0.00024815
82.833333,0.00006635
82.850000,0.00000000
82.866667,0.00034280
82.883333,0.00064267
82.900000,0.00000000
82.916667,0.00033475
82.933333,0.00005704
82.950000,0.00000000
82.966667,0.00000000
82.983333,0.00034097
83.000000,0.00000000
83.016667,0.00000000
83.033333,0.00000000
83.050000,0.00089353
83.066667,0.00063601
83.083333,0.00105606
83.100000,0.00001743
83.116667,0.00000000
83.133333,0.00000000
83.150000,0.00009987
83.166667,0.00045181
83.183333,0.00000000
83.200000,0.00068513
83.216667,0.00001051
83.233333,0.00029348
83.250000,0.00000000
83.266667,0.00061780
83.283333,0.00026825
83.300000,0.00056005
83.316667,0.00000000
83.333333,0.00017934
83.350000,0.00062590
83.366667,0.00000000
83.383333,0.00000000
83.400000,0.00034973
83.416667,0.00000000
83.433333,0.00000000
83.450000,0.00052092
83.466667,0.00034654
83.483333,0.00072683
83.500000,0.00029750
83.516667,0.00000000
83.533333,0.00030959
83.550000,0.00030427
83.566667,0.00000000
83.583333,0.00043084
83.600000,0.00015769
83.616667,0.00029147
83.633333,0.00000510
83.650000,0.00004899
83.666667,0.00004818
83.683333,0.00031914
83.700000,0.00000000
83.716667,0.00000000
83.733333,0.00021640
83.750000,0.00000000
83.766667,0.00000000
83.783333,0.00000000
83.800000,0.00064212
83.816667,0.00021781
83.833333,0.00000000
83.850000,0.00000000
83.866667,0.00036793
83.883333,0.00009347
83.900000,0.00030850
83.916667,0.00000000
83.933333,0.00000000
83.950000,0.00000000
83.966667,0.00000000
83.983333,0.00086365
84.000000,0.00031842
84.016667,0.00058726
84.033333,0.00000000
84.050000,0.00000000
84.066667,0.00071773
84.083333,0.00000000
84.100000,0.00000000
84.116667,0.00122695
84.133333,0.00033495
84.150000,0.00022968
84.166667,0.00092473
84.183333,0.00000000
84.200000,0.00066633
84.216667,0.00007151
84.233333,0.00000000
84.250000,0.00000000
84.266667,0.00000000
84.283333,0.00000000
84.300000,0.00014697
84.316667,0.00000000
84.333333,0.00000000
84.350000,0.00000000
84.366667,0.00000000
84.383333,0.00000000
84.400000,0.00026922
84.416667,0.00018022
84.433333,0.00003914
84.450000,0.00013016
84.466667,0.00000000
84.483333,0.00000000
84.500000,0.00031383
84.516667,0.00020342
84.533333,0.00000000
84.550000,0.00015370
84.566667,0.00050171
84.583333,0.00000000
84.600000,0.00100541
84.616667,0.00017668
84.633333,0.00045549
84.650000,0.00000000
84.666667,0.00090675
84.683333,0.00000000
84.700000,0.00040645
84.716667,0.00000000
84.733333,0.00044054
84.750000,0.00037451
84.766667,0.00000000
84.783333,0.00000000
84.800000,0.00000000
84.816667,0.00000129
84.833333,0.00085645
84.850000,0.00000000
84.866667,0.00000000
84.883333,0.00000000
84.900000,0.00027073
84.916667,0.00000000
84.933333,0.00000000
84.950000,0.00000000
84.966667,0.00017146
84.983333,0.00027310
85.000000,0.00000000
85.016667,0.00011879
85.033333,0.00000000
85.050000,0.00000000
85.066667,0.00141920
85.083333,0.00058063
85.100000,0.00021763
85.116667,0.00000000
85.133333,0.00000000
85.150000,0.00004660
85.166667,0.00072798
85.183333,0.00000000
85.200000,0.00000000
85.216667,0.00000000
85.233333,0.00010527
85.250000,0.00019525
85.266667,0.00000000
85.283333,0.00000000
85.300000,0.00000000
85.316667,0.00059148
85.333333,0.00030232
85.350000,0.00137700
85.366667,0.00000000
85.383333,0.00041514
85.400000,0.00082947
85.416667,0.00002961
85.433333,0.00000000
85.450000,0.00000000
85.466667,0.00000000
85.483333,0.00021232
85.500000,0.00024115
85.516667,0.00000000
85.533333,0.00000000
85.550000,0.00111476
85.566667,0.00079214
85.583333,0.00000000
85.600000,0.00000000
85.616667,0.00000000
85.633333,0.00110059
85.650000,0.00000000
85.666667,0.00061168
85.683333,0.00012857
85.700000,0.00000000
85.716667,0.00048129
85.733333,0.00000000
85.750000,0.00000000
85.766667,0.00000000
85.783333,0.00000000
85.800000,0.00000000
85.816667,0.00011867
85.833333,0.00000000
85.850000,0.00045184
85.866667,0.00017505
85.883333,0.00000000
85.900000,0.00002260
85.916667,0.00000000
85.933333,0.00000000
85.950000,0.00023557
85.966667,0.00021233
85.983333,0.00000000
86.000000,0.00000000
86.016667,0.00030774
86.033333,0.00018481
86.050000,0.00084971
86.066667,0.00000000
86.083333,0.00040011
86.100000,0.00000000
86.116667,0.00000000
86.133333,0.00000000
86.150000,0.00086572
86.166667,0.00083886
86.183333,0.00000000
86.200000,0.00024192
86.216667,0.00023144
86.233333,0.00000000
86.250000,0.00099174
86.266667,0.00000000
86.283333,0.00000000
86.300000,0.00000000
86.316667,0.00024244
86.333333,0.00071577
86.350000,0.00020072
86.366667,0.00000000
86.383333,0.00015878
86.400000,0.00000000
86.416667,0.00000000
86.433333,0.00000000
86.450000,0.00000000
86.466667,0.00082335
86.483333,0.00066290
86.500000,0.00000000
86.516667,0.00000000
86.533333,0.00000000
86.550000,0.00114425
86.566667,0.00042936
86.583333,0.00070956
86.600000,0.00021741
86.616667,0.00011947
86.633333,0.00108591
86.650000,0.00064584
86.666667,0.00000000
86.683333,0.00046590
86.700000,0.00055645
86.716667,0.00011769
86.733333,0.00057419
86.750000,0.00012806
86.766667,0.00026476
86.783333,0.00000000
86.800000,0.00036589
86.816667,0.00023790
86.833333,0.00000000
86.850000,0.00000000
86.866667,0.00042878
86.883333,0.00000000
86.900000,0.00084910
86.916667,0.00000000
86.933333,0.00044884
86.950000,0.00074079
86.966667,0.00002514
86.983333,0.00040523
87.000000,0.00064674
87.016667,0.00084700
87.033333,0.00000000
87.050000,0.00025977
87.066667,0.00000000
87.083333,0.00000000
87.100000,0.00081090
87.116667,0.00000000
87.133333,0.00065047
87.150000,0.00032095
87.166667,0.00000000
87.183333,0.00000000
87.200000,0.00001158
87.216667,0.00000000
87.233333,0.00068814
87.250000,0.00055645
87.266667,0.00031623
87.283333,0.00000000
87.300000,0.00000000
87.316667,0.00068338
87.333333,0.00000000
87.350000,0.00000000
87.366667,0.00050000
87.383333,0.00000000
87.400000,0.00084041
87.416667,0.00046915
87.433333,0.00000000
87.450000,0.00000000
87.466667,0.00000000
87.483333,0.00025502
87.500000,0.00111745
87.516667,0.00035470
87.533333,0.00024583
87.550000,0.00000000
87.566667,0.00000000
87.583333,0.00000000
87.600000,0.00000000
87.616667,0.00050756
87.633333,0.00000000
87.650000,0.00000000
87.666667,0.00000000
87.683333,0.00009910
87.700000,0.00046567
87.716667,0.00009693
87.733333,0.00000000
87.750000,0.00068276
87.766667,0.00020947
87.783333,0.00000000
87.800000,0.00007625
87.816667,0.00000000
87.833333,0.00000000
87.850000,0.00000000
87.866667,0.00035554
87.883333,0.00000000
87.900000,0.00000000
87.916667,0.00000000
87.933333,0.00000000
87.950000,0.00000000
87.966667,0.00007350
87.983333,0.00000000
88.000000,0.00021024
88.016667,0.00000000
88.033333,0.00000000
88.050000,0.00000000
88.066667,0.00089991
88.083333,0.00000000
88.100000,0.00031504
88.116667,0.00035065
88.133333,0.00128131
88.150000,0.00087234
88.166667,0.00000000
88.183333,0.00000000
88.200000,0.00000000
88.216667,0.00048326
88.233333,0.00072275
88.250000,0.00058771
88.266667,0.00000000
88.283333,0.00061452
88.300000,0.00071758
88.316667,0.00015491
88.333333,0.00034036
88.350000,0.00000000
88.366667,0.00000000
88.383333,0.00000000
88.400000,0.00054794
88.416667,0.00000000
88.433333,0.00024880
88.450000,0.00000000
88.466667,0.00000000
88.483333,0.00056700
88.500000,0.00039042
88.516667,0.00000000
88.533333,0.00000000
88.550000,0.00000000
88.566667,0.00034123
88.583333,0.00043483
88.600000,0.00006904
88.616667,0.00000000
88.633333,0.00041699
88.650000,0.00036756
88.666667,0.00000000
88.683333,0.00000156
88.700000,0.00000000
88.716667,0.00000000
88.733333,0.00016679
88.750000,0.00000000
88.766667,0.00043473
88.783333,0.00000000
88.800000,0.00004347
88.816667,0.00056975
88.833333,0.00047541
88.850000,0.00000611
88.866667,0.00000000
88.883333,0.00000000
88.900000,0.00000000
88.916667,0.00000000
88.933333,0.00000000
88.950000,0.00060795
88.966667,0.00041804
88.983333,0.00000000
89.000000,0.00000000
89.016667,0.00010745
89.033333,0.00061494
89.050000,0.00031891
89.066667,0.00091616
89.083333,0.00041817
89.100000,0.00029330
89.116667,0.00000000
89.133333,0.00036722
89.150000,0.00000000
89.166667,0.00098881
89.183333,0.00000000
89.200000,0.00000000
89.216667,0.00012680
89.233333,0.00080376
89.250000,0.00019799
89.266667,0.00006124
89.283333,0.00029194
89.300000,0.00066643
89.316667,0.00151821
89.333333,0.00004276
89.350000,0.00032210
89.366667,0.00033693
89.383333,0.00056488
89.400000,0.00000000
89.416667,0.00088335
89.433333,0.00131338
89.450000,0.00000000
89.466667,0.00000000
89.483333,0.00000000
89.500000,0.00000000
89.516667,0.00000000
89.533333,0.00092811
89.550000,0.00000000
89.566667,0.00000000
89.583333,0.00008931
89.600000,0.00079825
89.616667,0.00055173
89.633333,0.00000000
89.650000,0.00043994
89.666667,0.00000000
89.683333,0.00070395
89.700000,0.00000000
89.716667,0.00000000
89.733333,0.00034518
89.750000,0.00028912
89.766667,0.00000000
89.783333,0.00000000
89.800000,0.00032406
89.816667,0.00000000
89.833333,0.00000000
89.850000,0.00045927
89.866667,0.00000000
89.883333,0.00000000
89.900000,0.00000000
89.916667,0.00000000
89.933333,0.00000000
89.950000,0.00000000
89.966667,0.00000000
89.983333,0.00012712
90.000000,0.00000000
90.016667,0.00000000
90.033333,0.00000000
90.050000,0.00100840
90.066667,0.00049747
90.083333,0.00046856
90.100000,0.00009690
90.116667,0.00000000
90.133333,0.00072980
90.150000,0.00034332
90.166667,0.00000000
90.183333,0.00015578
90.200000,0.00016843
90.216667,0.00000000
90.233333,0.00090031
90.250000,0.00033180
90.266667,0.00000000
90.283333,0.00016239
90.300000,0.00000000
90.316667,0.00000000
90.333333,0.00000000
90.350000,0.00000000
90.366667,0.00000000
90.383333,0.00016931
90.400000,0.00000000
90.416667,0.00142743
90.433333,0.00031074
90.450000,0.00058422
90.466667,0.00000000
90.483333,0.00047767
90.500000,0.00064586
90.516667,0.00000000
90.533333,0.00089740
90.550000,0.00000000
90.566667,0.00000000
90.583333,0.00000000
90.600000,0.00000000
90.616667,0.00000000
90.633333,0.00001984
90.650000,0.00000000
90.666667,0.00000000
90.683333,0.00000000
90.700000,0.00000000
90.716667,0.00039779
90.733333,0.00079533
90.750000,0.00092103
90.766667,0.00041118
90.783333,0.00042049
90.800000,0.00000000
90.816667,0.00018558
90.833333,0.00000000
90.850000,0.00000000
90.866667,0.00000000
90.883333,0.00027608
90.900000,0.00000000
90.916667,0.00031315
90.933333,0.00112450
90.950000,0.00021572
90.966667,0.00048639
90.983333,0.00037620
91.000000,0.00000000
91.016667,0.00000000
91.033333,0.00000000
91.050000,0.00000000
91.066667,0.00058514
91.083333,0.00000000
91.100000,0.00048720
91.116667,0.00000000
91.133333,0.00011458
91.150000,0.00000000
91.166667,0.00000000
91.183333,0.00033870
91.200000,0.00000000
91.216667,0.00049328
91.233333,0.00022134
91.250000,0.00042265
91.266667,0.00015661
91.283333,0.00000000
91.300000,0.00043625
91.316667,0.00007579
91.333333,0.00000000
91.350000,0.00000000
91.366667,0.00000000
91.383333,0.00000000
91.400000,0.00167108
91.416667,0.00000000
91.433333,0.00000000
91.450000,0.00000000
91.466667,0.00000000
91.483333,0.00000000
91.500000,0.00018743
91.516667,0.00000000
91.533333,0.00053080
91.550000,0.00048271
91.566667,0.00000000
91.583333,0.00004242
91.600000,0.00017062
91.616667,0.00000000
91.633333,0.00016881
91.650000,0.00000000
91.666667,0.00024606
91.683333,0.00079386
91.700000,0.00000000
91.716667,0.00000000
91.733333,0.00038575
91.750000,0.00015025
91.766667,0.00000000
91.783333,0.00000000
91.800000,0.00021507
91.816667,0.00030617
91.833333,0.00036010
91.850000,0.00012005
91.866667,0.00000000
91.883333,0.00000000
91.900000,0.00000000
91.916667,0.00000000
91.933333,0.00031975
91.950000,0.00000000
91.966667,0.00000000
91.983333,0.00002398
92.000000,0.00000000
92.016667,0.00000000
92.033333,0.00068894
92.050000,0.00000000
92.066667,0.00019944
92.083333,0.00052894
92.100000,0.00000069
92.116667,0.00000000
92.133333,0.00000000
92.150000,0.00000000
92.166667,0.00091092
92.183333,0.00000000
92.200000,0.00000000
92.216667,0.00000000
92.233333,0.00000000
92.250000,0.00000000
92.266667,0.00000000
92.283333,0.00015806
92.300000,0.00031188
92.316667,0.00073352
92.333333,0.00000000
92.350000,0.00000000
92.366667,0.00000000
92.383333,0.00055141
92.400000,0.00000000
92.416667,0.00059899
92.433333,0.00000000
92.450000,0.00000000
92.466667,0.00000000
92.483333,0.00000000
92.500000,0.00000000
92.516667,0.00018123
92.533333,0.00000000
92.550000,0.00042072
92.566667,0.00000000
92.583333,0.00000000
92.600000,0.00000000
92.616667,0.00000000
92.633333,0.00000000
92.650000,0.00133971
92.666667,0.00000000
92.683333,0.00135381
92.700000,0.00000000
92.716667,0.00000000
92.733333,0.00000000
92.750000,0.00000000
92.766667,0.00000000
92.783333,0.00056126
92.800000,0.00049700
92.816667,0.00000000
92.833333,0.00008493
92.850000,0.00019030
92.866667,0.00045017
92.883333,0.00000000
92.900000,0.00000000
92.916667,0.00000000
92.933333,0.00000000
92.950000,0.00069233
92.966667,0.00000000
92.983333,0.00000000
93.000000,0.00028069
93.016667,0.00072179
93.033333,0.00070583
93.050000,0.00058151
93.066667,0.00000000
93.083333,0.00000000
93.100000,0.00058439
93.116667,0.00034551
93.133333,0.00045971
93.150000,0.00000000
93.166667,0.00000000
93.183333,0.00013854
93.200000,0.00011487
93.216667,0.00000000
93.233333,0.00005249
93.250000,0.00000000
93.266667,0.00000000
93.283333,0.00000000
93.300000,0.00000000
93.316667,0.00049030
93.333333,0.00000000
93.350000,0.00000000
93.366667,0.00026324
93.383333,0.00000000
93.400000,0.00105160
93.416667,0.00079479
93.433333,0.00067261
93.450000,0.00049079
93.466667,0.00033890
93.483333,0.00000000
93.500000,0.00037764
93.516667,0.00000000
93.533333,0.00038631
93.550000,0.00034080
93.566667,0.00081775
93.583333,0.00082789
93.600000,0.00000000
93.616667,0.00000000
93.633333,0.00007217
93.650000,0.00000859
93.666667,0.00080270
93.683333,0.00000000
93.700000,0.00053209
93.716667,0.00023382
93.733333,0.00003193
93.750000,0.00034003
93.766667,0.00000000
93.783333,0.00000000
93.800000,0.00000000
93.816667,0.00000000
93.833333,0.00040798
93.850000,0.00014035
93.866667,0.00049878
93.883333,0.00018833
93.900000,0.00037738
93.916667,0.00000000
93.933333,0.00010694
93.950000,0.00000000
93.966667,0.00008867
93.983333,0.00000000
94.000000,0.00000000
94.016667,0.00048212
94.033333,0.00015499
94.050000,0.00000000
94.066667,0.00008019
94.083333,0.00000209
94.100000,0.00034894
94.116667,0.00000000
94.133333,0.00000000
94.150000,0.00047346
94.166667,0.00051446
94.183333,0.00000000
94.200000,0.00040981
94.216667,0.00000000
94.233333,0.00040879
94.250000,0.00010882
94.266667,0.00073287
94.283333,0.00000000
94.300000,0.00023521
94.316667,0.00057871
94.333333,0.00000000
94.350000,0.00023812
94.366667,0.00000000
94.383333,0.00187280
94.400000,0.00000000
94.416667,0.00000000
94.433333,0.00000000
94.450000,0.00000000
94.466667,0.00000000
94.483333,0.00059586
94.500000,0.00000000
94.516667,0.00000000
94.533333,0.00014734
94.550000,0.00000000
94.566667,0.00016624
94.583333,0.00030800
94.600000,0.00003432
94.616667,0.00055406
94.633333,0.00000000
94.650000,0.00000000
94.666667,0.00058968
94.683333,0.00000000
94.700000,0.00000000
94.716667,0.00039465
94.733333,0.00000000
94.750000,0.00077016
94.766667,0.00000000
94.783333,0.00000000
94.800000,0.00000000
94.816667,0.00000000
94.833333,0.00000000
94.850000,0.00012488
94.866667,0.00000000
94.883333,0.00047049
94.900000,0.00015040
94.916667,0.00000000
94.933333,0.00005250
94.950000,0.00099313
94.966667,0.00000000
94.983333,0.00074245
95.000000,0.00000000
95.016667,0.00019421
95.033333,0.00000000
95.050000,0.00011673
95.066667,0.00048121
95.083333,0.00000000
95.100000,0.00025742
95.116667,0.00000000
95.133333,0.00077236
95.150000,0.00069696
95.166667,0.00012322
95.183333,0.00079564
95.200000,0.00000000
95.216667,0.00007814
95.233333,0.00000000
95.250000,0.00036950
95.266667,0.00025518
95.283333,0.00000000
95.300000,0.00077541
95.316667,0.00000000
95.333333,0.00066899
95.350000,0.00000962
95.366667,0.00068593
95.383333,0.00000000
95.400000,0.00000000
95.416667,0.00000000
95.433333,0.00072916
95.450000,0.00000000
95.466667,0.00000000
95.483333,0.00086633
95.500000,0.00000000
95.516667,0.00000000
95.533333,0.00000000
95.550000,0.00000000
95.566667,0.00028864
95.583333,0.00014304
95.600000,0.00000000
95.616667,0.00041772
95.633333,0.00019235
95.650000,0.00073094
95.666667,0.00043674
95.683333,0.00000000
95.700000,0.00000000
95.716667,0.00000000
95.733333,0.00000000
95.750000,0.00000000
95.766667,0.00000000
95.783333,0.00079036
95.800000,0.00010562
95.816667,0.00011448
95.833333,0.00000000
95.850000,0.00060348
95.866667,0.00000000
95.883333,0.00000000
95.900000,0.00000000
95.916667,0.00000000
95.933333,0.00000000
95.950000,0.00011367
95.966667,0.00000000
95.983333,0.00069595
96.000000,0.00049330
96.016667,0.00000000
96.033333,0.00000000
96.050000,0.00000000
96.066667,0.00030442
96.083333,0.00025802
96.100000,0.00000000
96.116667,0.00039975
96.133333,0.00000000
96.150000,0.00071225
96.166667,0.00060843
96.183333,0.00000000
96.200000,0.00001950
96.216667,0.00009026
96.233333,0.00008241
96.250000,0.00000000
96.266667,0.00077381
96.283333,0.00000000
96.300000,0.00011009
96.316667,0.00000000
96.333333,0.00000000
96.350000,0.00008966
96.366667,0.00000000
96.383333,0.00000000
96.400000,0.00000000
96.416667,0.00010071
96.433333,0.00010275
96.450000,0.00015520
96.466667,0.00000674
96.483333,0.00000000
96.500000,0.00059113
96.516667,0.00000000
96.533333,0.00000000
96.550000,0.00008135
96.566667,0.00000000
96.583333,0.00100995
96.600000,0.00000000
96.616667,0.00013864
96.633333,0.00090211
96.650000,0.00000000
96.666667,0.00000000
96.683333,0.00000000
96.700000,0.00116834
96.716667,0.00035184
96.733333,0.00000000
96.750000,0.00080908
96.766667,0.00000000
96.783333,0.00095288
96.800000,0.00041477
96.816667,0.00018771
96.833333,0.00000000
96.850000,0.00023025
96.866667,0.00004402
96.883333,0.00000000
96.900000,0.00040724
96.916667,0.00005835
96.933333,0.00000000
96.950000,0.00049809
96.966667,0.00016999
96.983333,0.00000000
97.000000,0.00029344
97.016667,0.00045741
97.033333,0.00016327
97.050000,0.00000000
97.066667,0.00036566
97.083333,0.00060251
97.100000,0.00016210
97.116667,0.00000000
97.133333,0.00140818
97.150000,0.00000000
97.166667,0.00000000
97.183333,0.00000000
97.200000,0.00000000
97.216667,0.00000000
97.233333,0.00087513
97.250000,0.00042266
97.266667,0.00040859
97.283333,0.00028707
97.300000,0.00010999
97.316667,0.00000000
97.333333,0.00000000
97.350000,0.00065535
97.366667,0.00011883
97.383333,0.00000000
97.400000,0.00064736
97.416667,0.00052949
97.433333,0.00000000
97.450000,0.00042856
97.466667,0.00000000
97.483333,0.00060789
97.500000,0.00069282
97.516667,0.00043754
97.533333,0.00000000
97.550000,0.00000000
97.566667,0.00000000
97.583333,0.00000000
97.600000,0.00000000
97.616667,0.00054620
97.633333,0.00000000
97.650000,0.00000000
97.666667,0.00000000
97.683333,0.00000000
97.700000,0.00000000
97.716667,0.00000000
97.733333,0.00000000
97.750000,0.00000000
97.766667,0.00060993
97.783333,0.00000000
97.800000,0.00049662
97.816667,0.00093763
97.833333,0.00000000
97.850000,0.00000000
97.866667,0.00000000
97.883333,0.00004633
97.900000,0.00000000
97.916667,0.00000000
97.933333,0.00000000
97.950000,0.00073327
97.966667,0.00000000
97.983333,0.00000000
98.000000,0.00075462
98.016667,0.00000000
98.033333,0.00000000
98.050000,0.00000000
98.066667,0.00078563
98.083333,0.00000000
98.100000,0.00080863
98.116667,0.00000000
98.133333,0.00000000
98.150000,0.00020478
98.166667,0.00000000
98.183333,0.00000000
98.200000,0.00000000
98.216667,0.00035937
98.233333,0.00048091
98.250000,0.00038554
98.266667,0.00000000
98.283333,0.00000000
98.300000,0.00000000
98.316667,0.00036628
98.333333,0.00104034
98.350000,0.00052578
98.366667,0.00026945
98.383333,0.00124014
98.400000,0.00000000
98.416667,0.00000000
98.433333,0.00000000
98.450000,0.00040744
98.466667,0.00000000
98.483333,0.00081764
98.500000,0.00000000
98.516667,0.00005177
98.533333,0.00046828
98.550000,0.00000000
98.566667,0.00000000
98.583333,0.00000000
98.600000,0.00000000
98.616667,0.00048829
98.633333,0.00000000
98.650000,0.00021170
98.666667,0.00020231
98.683333,0.00000000
98.700000,0.00030700
98.716667,0.00001042
98.733333,0.00000000
98.750000,0.00000000
98.766667,0.00042168
98.783333,0.00016274
98.800000,0.00015869
98.816667,0.00000000
98.833333,0.00004896
98.850000,0.00005913
98.866667,0.00107100
98.883333,0.00000000
98.900000,0.00023752
98.916667,0.00035293
98.933333,0.00049288
98.950000,0.00000000
98.966667,0.00055112
98.983333,0.00063235
99.000000,0.00144508
99.016667,0.00000000
99.033333,0.00000000
99.050000,0.00000000
99.066667,0.00022402
99.083333,0.00000000
99.100000,0.00000000
99.116667,0.00000000
99.133333,0.00000000
99.150000,0.00000000
99.166667,0.00035977
99.183333,0.00000000
99.200000,0.00000000
99.216667,0.00000000
99.233333,0.00000000
99.250000,0.00004166
99.266667,0.00000000
99.283333,0.00000000
99.300000,0.00000000
99.316667,0.00000000
99.333333,0.00093550
99.350000,0.00069969
99.366667,0.00000000
99.383333,0.00000000
99.400000,0.00000000
99.416667,0.00000000
99.433333,0.00013939
99.450000,0.00000000
99.466667,0.00001856
99.483333,0.00000000
99.500000,0.00000000
99.516667,0.00000000
99.533333,0.00000000
99.550000,0.00000000
99.566667,0.00000000
99.583333,0.00000000
99.600000,0.00020787
99.616667,0.00024689
99.633333,0.00037912
99.650000,0.00055817
99.666667,0.00037393
99.683333,0.00000000
99.700000,0.00000000
99.716667,0.00024203
99.733333,0.00000000
99.750000,0.00009231
99.766667,0.00000000
99.783333,0.00074733
99.800000,0.00000000
99.816667,0.00009127
99.833333,0.00002323
99.850000,0.00000000
99.866667,0.00006223
99.883333,0.00059449
99.900000,0.00070757
99.916667,0.00000000
99.933333,0.00000000
99.950000,0.00062553
99.966667,0.00000000
99.983333,0.00000000
100.000000,0.00000605
