time_min,signal
0.000000,0.00000000
0.016667,0.00000000
0.033333,0.00000000
0.050000,0.00003164
0.066667,0.00063670
0.083333,0.00087978
0.100000,0.00032666
0.116667,0.00037793
0.133333,0.00000000
0.150000,0.00018121
0.166667,0.00000000
0.183333,0.00000000
0.200000,0.00000000
0.216667,0.00109903
0.233333,0.00000000
0.250000,0.00000917
0.266667,0.00006130
0.283333,0.00033744
0.300000,0.00000000
0.316667,0.00000000
0.333333,0.00000000
0.350000,0.00000000
0.366667,0.00086688
0.383333,0.00019178
0.400000,0.00000000
0.416667,0.00075784
0.433333,0.00000000
0.450000,0.00005113
0.466667,0.00034184
0.483333,0.00012416
0.500000,0.00000000
0.516667,0.00013222
0.533333,0.00009257
0.550000,0.00016690
0.566667,0.00067461
0.583333,0.00000000
0.600000,0.00000000
0.616667,0.00000000
0.633333,0.00020297
0.650000,0.00000000
0.666667,0.00000000
0.683333,0.00007684
0.700000,0.00000000
0.716667,0.00000000
0.733333,0.00034600
0.750000,0.00000000
0.766667,0.00000885
0.783333,0.00000000
0.800000,0.00000000
0.816667,0.00000000
0.833333,0.00062589
0.850000,0.00000000
0.866667,0.00100885
0.883333,0.00000000
0.900000,0.00037037
0.916667,0.00004197
0.933333,0.00000000
0.950000,0.00026870
0.966667,0.00000000
0.983333,0.00000000
1.000000,0.00027579
1.016667,0.00028419
1.033333,0.00000000
1.050000,0.00000000
1.066667,0.00055583
1.083333,0.00000000
1.100000,0.00030524
1.116667,0.00049389
1.133333,0.00032475
1.150000,0.00000000
1.166667,0.00047149
1.183333,0.00003860
1.200000,0.00000000
1.216667,0.00016383
1.233333,0.00038445
1.250000,0.00000000
1.266667,0.00000000
1.283333,0.00000000
1.300000,0.00023460
1.316667,0.00000000
1.333333,0.00000000
1.350000,0.00000000
1.366667,0.00000000
1.383333,0.00000000
1.400000,0.00000000
1.416667,0.00000000
1.433333,0.00000000
1.450000,0.00098857
1.466667,0.00000000
1.483333,0.00121394
1.500000,0.00003263
1.516667,0.00000000
1.533333,0.00027236
1.550000,0.00000000
1.566667,0.00000000
1.583333,0.00036304
1.600000,0.00000000
1.616667,0.00000000
1.633333,0.00000000
1.650000,0.00000000
1.666667,0.00000000
1.683333,0.00000000
1.700000,0.00030100
1.716667,0.00000000
1.733333,0.00033042
1.750000,0.00006026
1.766667,0.00071770
1.783333,0.00035429
1.800000,0.00000000
1.816667,0.00000000
1.833333,0.00018280
1.850000,0.00000000
1.866667,0.00019047
1.883333,0.00000000
1.900000,0.00000000
1.916667,0.00042422
1.933333,0.00000000
1.950000,0.00000000
1.966667,0.00000000
1.983333,0.00011556
2.000000,0.00000000
2.016667,0.00063657
2.033333,0.00000000
2.050000,0.00010315
2.066667,0.00002849
2.083333,0.00000000
2.100000,0.00087059
2.116667,0.00067388
2.133333,0.00091513
2.150000,0.00048417
2.166667,0.00013350
2.183333,0.00000000
2.200000,0.00000000
2.216667,0.00000000
2.233333,0.00032725
2.250000,0.00040362
2.266667,0.00000000
2.283333,0.00055419
2.300000,0.00000000
2.316667,0.00005296
2.333333,0.00080354
2.350000,0.00000000
2.366667,0.00000000
2.383333,0.00000000
2.400000,0.00052832
2.416667,0.00016857
2.433333,0.00000000
2.450000,0.00063536
2.466667,0.00000000
2.483333,0.00050732
2.500000,0.00000000
2.516667,0.00022672
2.533333,0.00000294
2.550000,0.00000000
2.566667,0.00060203
2.583333,0.00072537
2.600000,0.00000000
2.616667,0.00000000
2.633333,0.00003198
2.650000,0.00067564
2.666667,0.00000000
2.683333,0.00049149
2.700000,0.00000000
2.716667,0.00029320
2.733333,0.00024062
2.750000,0.00000000
2.766667,0.00111639
2.783333,0.00023597
2.800000,0.00141034
2.816667,0.00000000
2.833333,0.00030137
2.850000,0.00000000
2.866667,0.00103466
2.883333,0.00000000
2.900000,0.00000000
2.916667,0.00049177
2.933333,0.00000000
2.950000,0.00000000
2.966667,0.00085344
2.983333,0.00000000
3.000000,0.00074323
3.016667,0.00012441
3.033333,0.00003101
3.050000,0.00000000
3.066667,0.00146999
3.083333,0.00000000
3.100000,0.00034657
3.116667,0.00075135
3.133333,0.00092039
3.150000,0.00415236
3.166667,0.00446946
3.183333,0.00573997
3.200000,0.00823606
3.216667,0.01174482
3.233333,0.01568488
3.250000,0.01917496
3.266667,0.02356121
3.283333,0.02898771
3.300000,0.03163433
3.316667,0.03505373
3.333333,0.03563552
3.350000,0.03553125
3.366667,0.03641474
3.383333,0.03533192
3.400000,0.03270208
3.416667,0.02913444
3.433333,0.02565302
3.450000,0.02143690
3.466667,0.01562385
3.483333,0.01251543
3.500000,0.00885833
3.516667,0.00785386
3.533333,0.00524612
3.550000,0.00298852
3.566667,0.00222645
3.583333,0.00193131
3.600000,0.00086001
3.616667,0.00045592
3.633333,0.00074340
3.650000,0.00065947
3.666667,0.00038595
3.683333,0.00025825
3.700000,0.00042179
3.716667,0.00000000
3.733333,0.00000000
3.750000,0.00097850
3.766667,0.00000000
3.783333,0.00051109
3.800000,0.00110983
3.816667,0.00000000
3.833333,0.00000000
3.850000,0.00000000
3.866667,0.00084817
3.883333,0.00089126
3.900000,0.00000000
3.916667,0.00000000
3.933333,0.00000000
3.950000,0.00000000
3.966667,0.00000000
3.983333,0.00015120
4.000000,0.00000000
4.016667,0.00000000
4.033333,0.00000000
4.050000,0.00000000
4.066667,0.00000000
4.083333,0.00000000
4.100000,0.00000000
4.116667,0.00050752
4.133333,0.00000000
4.150000,0.00000000
4.166667,0.00000000
4.183333,0.00029232
4.200000,0.00056064
4.216667,0.00018610
4.233333,0.00000000
4.250000,0.00000000
4.266667,0.00000000
4.283333,0.00000000
4.300000,0.00000000
4.316667,0.00058185
4.333333,0.00048227
4.350000,0.00000000
4.366667,0.00000000
4.383333,0.00048954
4.400000,0.00000000
4.416667,0.00021854
4.433333,0.00000000
4.450000,0.00000000
4.466667,0.00000000
4.483333,0.00106072
4.500000,0.00068183
4.516667,0.00000068
4.533333,0.00064071
4.550000,0.00000000
4.566667,0.00000000
4.583333,0.00000000
4.600000,0.00000000
4.616667,0.00059163
4.633333,0.00000000
4.650000,0.00042987
4.666667,0.00000000
4.683333,0.00000000
4.700000,0.00018959
4.716667,0.00013974
4.733333,0.00012705
4.750000,0.00000000
4.766667,0.00028245
4.783333,0.00005174
4.800000,0.00024992
4.816667,0.00014924
4.833333,0.00000000
4.850000,0.00000000
4.866667,0.00036751
4.883333,0.00043629
4.900000,0.00000000
4.916667,0.00000000
4.933333,0.00000000
4.950000,0.00086010
4.966667,0.00002247
4.983333,0.00015697
5.000000,0.00007744
5.016667,0.00000000
5.033333,0.00075802
5.050000,0.00044483
5.066667,0.00000000
5.083333,0.00000000
5.100000,0.00008087
5.116667,0.00000000
5.133333,0.00000000
5.150000,0.00017868
5.166667,0.00021730
5.183333,0.00000000
5.200000,0.00000000
5.216667,0.00008398
5.233333,0.00000000
5.250000,0.00035569
5.266667,0.00002266
5.283333,0.00000000
5.300000,0.00142998
5.316667,0.00017624
5.333333,0.00000000
5.350000,0.00027523
5.366667,0.00000000
5.383333,0.00000000
5.400000,0.00000000
5.416667,0.00000000
5.433333,0.00054246
5.450000,0.00000000
5.466667,0.00029863
5.483333,0.00000000
5.500000,0.00102270
5.516667,0.00000000
5.533333,0.00049989
5.550000,0.00000000
5.566667,0.00052012
5.583333,0.00000000
5.600000,0.00019777
5.616667,0.00000000
5.633333,0.00021989
5.650000,0.00000000
5.666667,0.00000000
5.683333,0.00000765
5.700000,0.00033794
5.716667,0.00000000
5.733333,0.00004053
5.750000,0.00000000
5.766667,0.00000000
5.783333,0.00000000
5.800000,0.00017854
5.816667,0.00000000
5.833333,0.00046728
5.850000,0.00040654
5.866667,0.00013360
5.883333,0.00000000
5.900000,0.00035595
5.916667,0.00028649
5.933333,0.00060412
5.950000,0.00050508
5.966667,0.00114467
5.983333,0.00000000
6.000000,0.00030814
6.016667,0.00000000
6.033333,0.00000000
6.050000,0.00000000
6.066667,0.00030447
6.083333,0.00007872
6.100000,0.00000000
6.116667,0.00044149
6.133333,0.00000000
6.150000,0.00060408
6.166667,0.00037688
6.183333,0.00000000
6.200000,0.00030405
6.216667,0.00000000
6.233333,0.00051989
6.250000,0.00000000
6.266667,0.00000000
6.283333,0.00012397
6.300000,0.00000000
6.316667,0.00042034
6.333333,0.00030564
6.350000,0.00017875
6.366667,0.00000000
6.383333,0.00000000
6.400000,0.00000000
6.416667,0.00000000
6.433333,0.00000000
6.450000,0.00000000
6.466667,0.00000000
6.483333,0.00030708
6.500000,0.00037695
6.516667,0.00059270
6.533333,0.00031276
6.550000,0.00046638
6.566667,0.00000000
6.583333,0.00000000
6.600000,0.00007134
6.616667,0.00000000
6.633333,0.00000000
6.650000,0.00097757
6.666667,0.00047941
6.683333,0.00000000
6.700000,0.00047088
6.716667,0.00000000
6.733333,0.00002976
6.750000,0.00000000
6.766667,0.00000000
6.783333,0.00000000
6.800000,0.00000000
6.816667,0.00040933
6.833333,0.00000000
6.850000,0.00000000
6.866667,0.00000675
6.883333,0.00067393
6.900000,0.00035569
6.916667,0.00000000
6.933333,0.00000000
6.950000,0.00038815
6.966667,0.00000000
6.983333,0.00000000
7.000000,0.00000000
7.016667,0.00019870
7.033333,0.00010194
7.050000,0.00001309
7.066667,0.00012844
7.083333,0.00115814
7.100000,0.00000000
7.116667,0.00000000
7.133333,0.00112445
7.150000,0.00000000
7.166667,0.00000000
7.183333,0.00000000
7.200000,0.00000000
7.216667,0.00027853
7.233333,0.00000337
7.250000,0.00040630
7.266667,0.00026732
7.283333,0.00000000
7.300000,0.00049472
7.316667,0.00069988
7.333333,0.00001883
7.350000,0.00000000
7.366667,0.00017378
7.383333,0.00000000
7.400000,0.00069916
7.416667,0.00139589
7.433333,0.00000000
7.450000,0.00000000
7.466667,0.00000000
7.483333,0.00000000
7.500000,0.00000000
7.516667,0.00012991
7.533333,0.00018280
7.550000,0.00026506
7.566667,0.00176489
7.583333,0.00037600
7.600000,0.00000000
7.616667,0.00085628
7.633333,0.00085979
7.650000,0.00000000
7.666667,0.00016748
7.683333,0.00092609
7.700000,0.00035731
7.716667,0.00007522
7.733333,0.00033932
7.750000,0.00104095
7.766667,0.00023757
7.783333,0.00005618
7.800000,0.00000000
7.816667,0.00021810
7.833333,0.00020868
7.850000,0.00043640
7.866667,0.00114217
7.883333,0.00000000
7.900000,0.00005282
7.916667,0.00055930
7.933333,0.00000000
7.950000,0.00000000
7.966667,0.00089675
7.983333,0.00070226
8.000000,0.00030448
8.016667,0.00035915
8.033333,0.00143097
8.050000,0.00000000
8.066667,0.00090343
8.083333,0.00000000
8.100000,0.00000000
8.116667,0.00000000
8.133333,0.00000000
8.150000,0.00000000
8.166667,0.00014788
8.183333,0.00000000
8.200000,0.00000000
8.216667,0.00069121
8.233333,0.00000000
8.250000,0.00000000
8.266667,0.00000000
8.283333,0.00012698
8.300000,0.00000000
8.316667,0.00000000
8.333333,0.00000000
8.350000,0.00000000
8.366667,0.00000000
8.383333,0.00000000
8.400000,0.00000000
8.416667,0.00000000
8.433333,0.00000000
8.450000,0.00000000
8.466667,0.00000000
8.483333,0.00000000
8.500000,0.00000000
8.516667,0.00012069
8.533333,0.00001686
8.550000,0.00000000
8.566667,0.00011415
8.583333,0.00077003
8.600000,0.00033122
8.616667,0.00032426
8.633333,0.00018426
8.650000,0.00007551
8.666667,0.00043385
8.683333,0.00000000
8.700000,0.00000000
8.716667,0.00015640
8.733333,0.00000000
8.750000,0.00000000
8.766667,0.00067194
8.783333,0.00000000
8.800000,0.00000000
8.816667,0.00032504
8.833333,0.00001631
8.850000,0.00021225
8.866667,0.00000000
8.883333,0.00012184
8.900000,0.00007156
8.916667,0.00001834
8.933333,0.00000000
8.950000,0.00013073
8.966667,0.00009183
8.983333,0.00000000
9.000000,0.00001291
9.016667,0.00036964
9.033333,0.00030009
9.050000,0.00000000
9.066667,0.00000000
9.083333,0.00000498
9.100000,0.00047030
9.116667,0.00085355
9.133333,0.00001869
9.150000,0.00000000
9.166667,0.00070506
9.183333,0.00022510
9.200000,0.00000000
9.216667,0.00054994
9.233333,0.00000000
9.250000,0.00008047
9.266667,0.00018213
9.283333,0.00150164
9.300000,0.00000000
9.316667,0.00003750
9.333333,0.00000000
9.350000,0.00148181
9.366667,0.00000000
9.383333,0.00000000
9.400000,0.00055143
9.416667,0.00000000
9.433333,0.00034131
9.450000,0.00007527
9.466667,0.00000000
9.483333,0.00000000
9.500000,0.00024069
9.516667,0.00000000
9.533333,0.00012597
9.550000,0.00000000
9.566667,0.00051676
9.583333,0.00000000
9.600000,0.00000000
9.616667,0.00000000
9.633333,0.00035637
9.650000,0.00000651
9.666667,0.00000000
9.683333,0.00054901
9.700000,0.00000000
9.716667,0.00000000
9.733333,0.00000000
9.750000,0.00022672
9.766667,0.00053585
9.783333,0.00000000
9.800000,0.00000000
9.816667,0.00000000
9.833333,0.00000000
9.850000,0.00042478
9.866667,0.00045707
9.883333,0.00000000
9.900000,0.00000000
9.916667,0.00000000
9.933333,0.00020821
9.950000,0.00109856
9.966667,0.00023399
9.983333,0.00002115
10.000000,0.00018918
10.016667,0.00042856
10.033333,0.00039464
10.050000,0.00005961
10.066667,0.00064806
10.083333,0.00010829
10.100000,0.00000000
10.116667,0.00000000
10.133333,0.00056073
10.150000,0.00004054
10.166667,0.00038814
10.183333,0.00030275
10.200000,0.00053900
10.216667,0.00000000
10.233333,0.00000000
10.250000,0.00000000
10.266667,0.00000000
10.283333,0.00080188
10.300000,0.00000000
10.316667,0.00000000
10.333333,0.00000000
10.350000,0.00000000
10.366667,0.00039633
10.383333,0.00025021
10.400000,0.00000000
10.416667,0.00012398
10.433333,0.00000000
10.450000,0.00000000
10.466667,0.00000000
10.483333,0.00070758
10.500000,0.00014086
10.516667,0.00006353
10.533333,0.00000000
10.550000,0.00023463
10.566667,0.00050166
10.583333,0.00015140
10.600000,0.00000000
10.616667,0.00000000
10.633333,0.00000000
10.650000,0.00000000
10.666667,0.00001951
10.683333,0.00000000
10.700000,0.00000000
10.716667,0.00014578
10.733333,0.00049544
10.750000,0.00000000
10.766667,0.00000000
10.783333,0.00013329
10.800000,0.00029929
10.816667,0.00000000
10.833333,0.00060462
10.850000,0.00106282
10.866667,0.00000000
10.883333,0.00022377
10.900000,0.00000000
10.916667,0.00000000
10.933333,0.00000000
10.950000,0.00065031
10.966667,0.00004756
10.983333,0.00033956
11.000000,0.00023037
11.016667,0.00066140
11.033333,0.00024335
11.050000,0.00017336
11.066667,0.00043778
11.083333,0.00000000
11.100000,0.00003747
11.116667,0.00043358
11.133333,0.00022958
11.150000,0.00000000
11.166667,0.00018214
11.183333,0.00000000
11.200000,0.00023312
11.216667,0.00000000
11.233333,0.00000000
11.250000,0.00000000
11.266667,0.00000000
11.283333,0.00016740
11.300000,0.00000000
11.316667,0.00000000
11.333333,0.00000000
11.350000,0.00000000
11.366667,0.00000705
11.383333,0.00000000
11.400000,0.00000000
11.416667,0.00001863
11.433333,0.00000000
11.450000,0.00065041
11.466667,0.00053485
11.483333,0.00000000
11.500000,0.00000000
11.516667,0.00004535
11.533333,0.00022833
11.550000,0.00000000
11.566667,0.00000000
11.583333,0.00042379
11.600000,0.00037439
11.616667,0.00000000
11.633333,0.00000000
11.650000,0.00000000
11.666667,0.00000000
11.683333,0.00015236
11.700000,0.00000000
11.716667,0.00000000
11.733333,0.00000000
11.750000,0.00000000
11.766667,0.00000000
11.783333,0.00070087
11.800000,0.00000000
11.816667,0.00000000
11.833333,0.00000000
11.850000,0.00103160
11.866667,0.00084722
11.883333,0.00063980
11.900000,0.00000000
11.916667,0.00023126
11.933333,0.00000000
11.950000,0.00045064
11.966667,0.00044458
11.983333,0.00013492
12.000000,0.00000000
12.016667,0.00074830
12.033333,0.00003672
12.050000,0.00000000
12.066667,0.00057620
12.083333,0.00000000
12.100000,0.00032837
12.116667,0.00050285
12.133333,0.00023781
12.150000,0.00000000
12.166667,0.00138846
12.183333,0.00000000
12.200000,0.00000000
12.216667,0.00031840
12.233333,0.00000000
12.250000,0.00139843
12.266667,0.00000000
12.283333,0.00000000
12.300000,0.00040888
12.316667,0.00050058
12.333333,0.00074871
12.350000,0.00000000
12.366667,0.00000000
12.383333,0.00000000
12.400000,0.00000000
12.416667,0.00043457
12.433333,0.00000000
12.450000,0.00000000
12.466667,0.00000000
12.483333,0.00000000
12.500000,0.00000000
12.516667,0.00000000
12.533333,0.00031351
12.550000,0.00027142
12.566667,0.00000000
12.583333,0.00035891
12.600000,0.00000000
12.616667,0.00022788
12.633333,0.00055611
12.650000,0.00037165
12.666667,0.00000361
12.683333,0.00000000
12.700000,0.00000000
12.716667,0.00000000
12.733333,0.00080982
12.750000,0.00000000
12.766667,0.00172995
12.783333,0.00026755
12.800000,0.00000000
12.816667,0.00067896
12.833333,0.00000000
12.850000,0.00023286
12.866667,0.00046556
12.883333,0.00052171
12.900000,0.00016752
12.916667,0.00000000
12.933333,0.00073680
12.950000,0.00089484
12.966667,0.00000000
12.983333,0.00078789
13.000000,0.00024792
13.016667,0.00000000
13.033333,0.00000000
13.050000,0.00092145
13.066667,0.00000000
13.083333,0.00000000
13.100000,0.00008915
13.116667,0.00035669
13.133333,0.00035164
13.150000,0.00000000
13.166667,0.00039201
13.183333,0.00001391
13.200000,0.00021919
13.216667,0.00000000
13.233333,0.00000000
13.250000,0.00000000
13.266667,0.00000000
13.283333,0.00143084
13.300000,0.00036134
13.316667,0.00000000
13.333333,0.00041803
13.350000,0.00000000
13.366667,0.00000000
13.383333,0.00000044
13.400000,0.00125586
13.416667,0.00028196
13.433333,0.00087476
13.450000,0.00056517
13.466667,0.00000000
13.483333,0.00000000
13.500000,0.00000000
13.516667,0.00024522
13.533333,0.00065143
13.550000,0.00015652
13.566667,0.00040826
13.583333,0.00020284
13.600000,0.00000000
13.616667,0.00029906
13.633333,0.00086102
13.650000,0.00000000
13.666667,0.00000000
13.683333,0.00000000
13.700000,0.00000000
13.716667,0.00000000
13.733333,0.00024323
13.750000,0.00045200
13.766667,0.00000000
13.783333,0.00052659
13.800000,0.00000000
13.816667,0.00059513
13.833333,0.00024231
13.850000,0.00000000
13.866667,0.00000000
13.883333,0.00000000
13.900000,0.00101069
13.916667,0.00017919
13.933333,0.00000000
13.950000,0.00000000
13.966667,0.00000000
13.983333,0.00085136
14.000000,0.00000000
14.016667,0.00024671
14.033333,0.00000000
14.050000,0.00000000
14.066667,0.00018141
14.083333,0.00009051
14.100000,0.00000000
14.116667,0.00019465
14.133333,0.00000000
14.150000,0.00000000
14.166667,0.00000000
14.183333,0.00000000
14.200000,0.00000000
14.216667,0.00000000
14.233333,0.00000000
14.250000,0.00000000
14.266667,0.00000000
14.283333,0.00000000
14.300000,0.00000000
14.316667,0.00002993
14.333333,0.00000000
14.350000,0.00061293
14.366667,0.00000000
14.383333,0.00000000
14.400000,0.00000000
14.416667,0.00001047
14.433333,0.00015891
14.450000,0.00000000
14.466667,0.00000430
14.483333,0.00017571
14.500000,0.00000000
14.516667,0.00050678
14.533333,0.00000000
14.550000,0.00000000
14.566667,0.00069417
14.583333,0.00000000
14.600000,0.00000000
14.616667,0.00000000
14.633333,0.00000000
14.650000,0.00000000
14.666667,0.00018226
14.683333,0.00046614
14.700000,0.00039171
14.716667,0.00057248
14.733333,0.00000000
14.750000,0.00000000
14.766667,0.00091594
14.783333,0.00020961
14.800000,0.00000000
14.816667,0.00000000
14.833333,0.00047317
14.850000,0.00000000
14.866667,0.00061222
14.883333,0.00015391
14.900000,0.00046207
14.916667,0.00000000
14.933333,0.00050399
14.950000,0.00096050
14.966667,0.00000000
14.983333,0.00033114
15.000000,0.00000000
15.016667,0.00011584
15.033333,0.00000000
15.050000,0.00002131
15.066667,0.00026743
15.083333,0.00036805
15.100000,0.00000000
15.116667,0.00000000
15.133333,0.00002806
15.150000,0.00060197
15.166667,0.00000000
15.183333,0.00004085
15.200000,0.00000000
15.216667,0.00049819
15.233333,0.00000000
15.250000,0.00000000
15.266667,0.00008927
15.283333,0.00095466
15.300000,0.00094809
15.316667,0.00029683
15.333333,0.00000000
15.350000,0.00014165
15.366667,0.00000000
15.383333,0.00000000
15.400000,0.00046055
15.416667,0.00016956
15.433333,0.00035634
15.450000,0.00000000
15.466667,0.00000000
15.483333,0.00000000
15.500000,0.00000000
15.516667,0.00016228
15.533333,0.00006561
15.550000,0.00000000
15.566667,0.00023335
15.583333,0.00028679
15.600000,0.00000000
15.616667,0.00009455
15.633333,0.00082588
15.650000,0.00000000
15.666667,0.00000000
15.683333,0.00007937
15.700000,0.00000000
15.716667,0.00034495
15.733333,0.00000000
15.750000,0.00025606
15.766667,0.00024435
15.783333,0.00083806
15.800000,0.00000000
15.816667,0.00115726
15.833333,0.00000000
15.850000,0.00046174
15.866667,0.00000000
15.883333,0.00024390
15.900000,0.00009584
15.916667,0.00006194
15.933333,0.00075750
15.950000,0.00040571
15.966667,0.00000000
15.983333,0.00000000
16.000000,0.00016124
16.016667,0.00021383
16.033333,0.00008887
16.050000,0.00137351
16.066667,0.00028870
16.083333,0.00000000
16.100000,0.00040063
16.116667,0.00000000
16.133333,0.00000000
16.150000,0.00000000
16.166667,0.00000000
16.183333,0.00047205
16.200000,0.00000000
16.216667,0.00058338
16.233333,0.00059742
16.250000,0.00000000
16.266667,0.00000000
16.283333,0.00000000
16.300000,0.00063536
16.316667,0.00000000
16.333333,0.00034241
16.350000,0.00000000
16.366667,0.00042613
16.383333,0.00000000
16.400000,0.00039671
16.416667,0.00004077
16.433333,0.00000000
16.450000,0.00000000
16.466667,0.00000000
16.483333,0.00029887
16.500000,0.00036387
16.516667,0.00002964
16.533333,0.00133569
16.550000,0.00000000
16.566667,0.00024515
16.583333,0.00000000
16.600000,0.00000000
16.616667,0.00000000
16.633333,0.00000000
16.650000,0.00000000
16.666667,0.00000000
16.683333,0.00108230
16.700000,0.00005143
16.716667,0.00003356
16.733333,0.00000000
16.750000,0.00002280
16.766667,0.00018359
16.783333,0.00000000
16.800000,0.00068179
16.816667,0.00072308
16.833333,0.00000000
16.850000,0.00000000
16.866667,0.00000000
16.883333,0.00000000
16.900000,0.00065225
16.916667,0.00003377
16.933333,0.00051473
16.950000,0.00064874
16.966667,0.00047315
16.983333,0.00023261
17.000000,0.00055053
17.016667,0.00015543
17.033333,0.00024848
17.050000,0.00000000
17.066667,0.00039012
17.083333,0.00000000
17.100000,0.00000000
17.116667,0.00062699
17.133333,0.00021354
17.150000,0.00000000
17.166667,0.00000000
17.183333,0.00000000
17.200000,0.00016884
17.216667,0.00122359
17.233333,0.00014519
17.250000,0.00000000
17.266667,0.00017786
17.283333,0.00017202
17.300000,0.00033782
17.316667,0.00000000
17.333333,0.00000000
17.350000,0.00000000
17.366667,0.00000000
17.383333,0.00000000
17.400000,0.00068219
17.416667,0.00000000
17.433333,0.00012807
17.450000,0.00000000
17.466667,0.00026443
17.483333,0.00056148
17.500000,0.00121293
17.516667,0.00000000
17.533333,0.00040239
17.550000,0.00000000
17.566667,0.00000000
17.583333,0.00000000
17.600000,0.00021418
17.616667,0.00068436
17.633333,0.00043486
17.650000,0.00021151
17.666667,0.00020881
17.683333,0.00000000
17.700000,0.00070250
17.716667,0.00000000
17.733333,0.00069595
17.750000,0.00000000
17.766667,0.00000000
17.783333,0.00000000
17.800000,0.00018084
17.816667,0.00113182
17.833333,0.00033432
17.850000,0.00000000
17.866667,0.00155173
17.883333,0.00086509
17.900000,0.00000000
17.916667,0.00000000
17.933333,0.00000000
17.950000,0.00066214
17.966667,0.00017059
17.983333,0.00000000
18.000000,0.00000000
18.016667,0.00000000
18.033333,0.00114897
18.050000,0.00059396
18.066667,0.00000000
18.083333,0.00009123
18.100000,0.00000000
18.116667,0.00000000
18.133333,0.00000000
18.150000,0.00000000
18.166667,0.00032157
18.183333,0.00012957
18.200000,0.00024208
18.216667,0.00000000
18.233333,0.00000000
18.250000,0.00001667
18.266667,0.00000000
18.283333,0.00053337
18.300000,0.00112770
18.316667,0.00000000
18.333333,0.00000000
18.350000,0.00039991
18.366667,0.00091464
18.383333,0.00000000
18.400000,0.00000000
18.416667,0.00027130
18.433333,0.00000000
18.450000,0.00000000
18.466667,0.00000000
18.483333,0.00023576
18.500000,0.00009460
18.516667,0.00073278
18.533333,0.00027583
18.550000,0.00017771
18.566667,0.00000000
18.583333,0.00000000
18.600000,0.00000000
18.616667,0.00000000
18.633333,0.00051339
18.650000,0.00000000
18.666667,0.00000000
18.683333,0.00000000
18.700000,0.00006474
18.716667,0.00040384
18.733333,0.00011490
18.750000,0.00000000
18.766667,0.00000000
18.783333,0.00000000
18.800000,0.00065828
18.816667,0.00075881
18.833333,0.00085334
18.850000,0.00000000
18.866667,0.00029616
18.883333,0.00000000
18.900000,0.00082657
18.916667,0.00029771
18.933333,0.00011477
18.950000,0.00018323
18.966667,0.00000000
18.983333,0.00017195
19.000000,0.00000000
19.016667,0.00000000
19.033333,0.00090188
19.050000,0.00000000
19.066667,0.00059938
19.083333,0.00000000
19.100000,0.00000000
19.116667,0.00062652
19.133333,0.00047068
19.150000,0.00000000
19.166667,0.00046461
19.183333,0.00000000
19.200000,0.00023609
19.216667,0.00079916
19.233333,0.00000000
19.250000,0.00013812
19.266667,0.00075639
19.283333,0.00070648
19.300000,0.00000000
19.316667,0.00032613
19.333333,0.00000000
19.350000,0.00023601
19.366667,0.00000000
19.383333,0.00000000
19.400000,0.00083706
19.416667,0.00026351
19.433333,0.00000000
19.450000,0.00147266
19.466667,0.00016500
19.483333,0.00078818
19.500000,0.00000000
19.516667,0.00000000
19.533333,0.00005130
19.550000,0.00012591
19.566667,0.00000000
19.583333,0.00044413
19.600000,0.00000000
19.616667,0.00000000
19.633333,0.00000000
19.650000,0.00004967
19.666667,0.00000000
19.683333,0.00000000
19.700000,0.00000000
19.716667,0.00000000
19.733333,0.00028404
19.750000,0.00087691
19.766667,0.00006528
19.783333,0.00007442
19.800000,0.00030056
19.816667,0.00032668
19.833333,0.00101939
19.850000,0.00030296
19.866667,0.00000000
19.883333,0.00000000
19.900000,0.00061673
19.916667,0.00012834
19.933333,0.00000000
19.950000,0.00000000
19.966667,0.00099666
19.983333,0.00033868
20.000000,0.00000000
20.016667,0.00000000
20.033333,0.00021609
20.050000,0.00000000
20.066667,0.00034620
20.083333,0.00011755
20.100000,0.00000000
20.116667,0.00000000
20.133333,0.00001719
20.150000,0.00000000
20.166667,0.00000000
20.183333,0.00000000
20.200000,0.00000000
20.216667,0.00007811
20.233333,0.00000000
20.250000,0.00000000
20.266667,0.00000000
20.283333,0.00000000
20.300000,0.00000000
20.316667,0.00000000
20.333333,0.00029355
20.350000,0.00000000
20.366667,0.00090849
20.383333,0.00000000
20.400000,0.00017361
20.416667,0.00094854
20.433333,0.00000000
20.450000,0.00000000
20.466667,0.00044491
20.483333,0.00000000
20.500000,0.00000000
20.516667,0.00000000
20.533333,0.00000000
20.550000,0.00000000
20.566667,0.00000000
20.583333,0.00003648
20.600000,0.00047020
20.616667,0.00000000
20.633333,0.00051843
20.650000,0.00013730
20.666667,0.00051077
20.683333,0.00009054
20.700000,0.00000000
20.716667,0.00035886
20.733333,0.00000000
20.750000,0.00057114
20.766667,0.00000000
20.783333,0.00000000
20.800000,0.00000000
20.816667,0.00000000
20.833333,0.00083066
20.850000,0.00000000
20.866667,0.00000000
20.883333,0.00090377
20.900000,0.00078090
20.916667,0.00012663
20.933333,0.00000000
20.950000,0.00010860
20.966667,0.00048078
20.983333,0.00044831
21.000000,0.00000000
21.016667,0.00000000
21.033333,0.00000000
21.050000,0.00015070
21.066667,0.00023280
21.083333,0.00050100
21.100000,0.00000000
21.116667,0.00000000
21.133333,0.00003483
21.150000,0.00000000
21.166667,0.00038306
21.183333,0.00000000
21.200000,0.00000000
21.216667,0.00000000
21.233333,0.00040735
21.250000,0.00066177
21.266667,0.00010934
21.283333,0.00058853
21.300000,0.00019934
21.316667,0.00059652
21.333333,0.00000000
21.350000,0.00023432
21.366667,0.00000000
21.383333,0.00166973
21.400000,0.00080960
21.416667,0.00000000
21.433333,0.00000000
21.450000,0.00037232
21.466667,0.00043075
21.483333,0.00000000
21.500000,0.00055095
21.516667,0.00000000
21.533333,0.00023977
21.550000,0.00029965
21.566667,0.00000000
21.583333,0.00000000
21.600000,0.00002339
21.616667,0.00000000
21.633333,0.00068188
21.650000,0.00000000
21.666667,0.00038902
21.683333,0.00101440
21.700000,0.00000000
21.716667,0.00097490
21.733333,0.00000000
21.750000,0.00000000
21.766667,0.00000000
21.783333,0.00062626
21.800000,0.00035677
21.816667,0.00030939
21.833333,0.00000000
21.850000,0.00030335
21.866667,0.00000000
21.883333,0.00000000
21.900000,0.00018023
21.916667,0.00084481
21.933333,0.00071754
21.950000,0.00077475
21.966667,0.00000000
21.983333,0.00003441
22.000000,0.00038030
22.016667,0.00010008
22.033333,0.00015027
22.050000,0.00104912
22.066667,0.00023740
22.083333,0.00000000
22.100000,0.00000000
22.116667,0.00000000
22.133333,0.00026499
22.150000,0.00000000
22.166667,0.00000000
22.183333,0.00000000
22.200000,0.00000000
22.216667,0.00000000
22.233333,0.00000000
22.250000,0.00000000
22.266667,0.00000000
22.283333,0.00113916
22.300000,0.00000000
22.316667,0.00045608
22.333333,0.00035711
22.350000,0.00048580
22.366667,0.00000000
22.383333,0.00000000
22.400000,0.00024217
22.416667,0.00000000
22.433333,0.00000000
22.450000,0.00020846
22.466667,0.00000000
22.483333,0.00048814
22.500000,0.00000000
22.516667,0.00000000
22.533333,0.00000000
22.550000,0.00000000
22.566667,0.00052128
22.583333,0.00095339
22.600000,0.00000000
22.616667,0.00000000
22.633333,0.00000000
22.650000,0.00011363
22.666667,0.00000352
22.683333,0.00000000
22.700000,0.00047215
22.716667,0.00062984
22.733333,0.00000000
22.750000,0.00085798
22.766667,0.00000000
22.783333,0.00030073
22.800000,0.00000000
22.816667,0.00000000
22.833333,0.00000000
22.850000,0.00024974
22.866667,0.00000000
22.883333,0.00081765
22.900000,0.00000000
22.916667,0.00000000
22.933333,0.00000000
22.950000,0.00037769
22.966667,0.00022132
22.983333,0.00021356
23.000000,0.00000000
23.016667,0.00092817
23.033333,0.00000000
23.050000,0.00105325
23.066667,0.00006340
23.083333,0.00000000
23.100000,0.00065152
23.116667,0.00000000
23.133333,0.00056955
23.150000,0.00004742
23.166667,0.00061336
23.183333,0.00084207
23.200000,0.00000000
23.216667,0.00020571
23.233333,0.00000000
23.250000,0.00000000
23.266667,0.00066965
23.283333,0.00000000
23.300000,0.00040355
23.316667,0.00007041
23.333333,0.00029761
23.350000,0.00012672
23.366667,0.00000000
23.383333,0.00049709
23.400000,0.00000000
23.416667,0.00012101
23.433333,0.00062645
23.450000,0.00027646
23.466667,0.00000000
23.483333,0.00000000
23.500000,0.00000000
23.516667,0.00000000
23.533333,0.00050844
23.550000,0.00065753
23.566667,0.00000694
23.583333,0.00000000
23.600000,0.00004008
23.616667,0.00003292
23.633333,0.00000000
23.650000,0.00000000
23.666667,0.00000000
23.683333,0.00000000
23.700000,0.00000000
23.716667,0.00000000
23.733333,0.00008313
23.750000,0.00057587
23.766667,0.00009696
23.783333,0.00000000
23.800000,0.00053452
23.816667,0.00000000
23.833333,0.00000000
23.850000,0.00000000
23.866667,0.00090610
23.883333,0.00031438
23.900000,0.00000000
23.916667,0.00000000
23.933333,0.00000000
23.950000,0.00000000
23.966667,0.00000000
23.983333,0.00033182
24.000000,0.00000000
24.016667,0.00021876
24.033333,0.00002517
24.050000,0.00067879
24.066667,0.00046795
24.083333,0.00000000
24.100000,0.00007893
24.116667,0.00012153
24.133333,0.00000000
24.150000,0.00107994
24.166667,0.00000000
24.183333,0.00001155
24.200000,0.00000000
24.216667,0.00010335
24.233333,0.00000000
24.250000,0.00021419
24.266667,0.00000000
24.283333,0.00000000
24.300000,0.00000000
24.316667,0.00013990
24.333333,0.00059935
24.350000,0.00000000
24.366667,0.00000000
24.383333,0.00000000
24.400000,0.00041899
24.416667,0.00065331
24.433333,0.00000000
24.450000,0.00000000
24.466667,0.00009673
24.483333,0.00000000
24.500000,0.00034291
24.516667,0.00000000
24.533333,0.00000000
24.550000,0.00006327
24.566667,0.00015581
24.583333,0.00000000
24.600000,0.00000000
24.616667,0.00000000
24.633333,0.00015763
24.650000,0.00018801
24.666667,0.00050928
24.683333,0.00000000
24.700000,0.00000000
24.716667,0.00056876
24.733333,0.00106530
24.750000,0.00000000
24.766667,0.00051188
24.783333,0.00048629
24.800000,0.00000000
24.816667,0.00000000
24.833333,0.00065867
24.850000,0.00005416
24.866667,0.00031878
24.883333,0.00000000
24.900000,0.00044844
24.916667,0.00000000
24.933333,0.00000130
24.950000,0.00000000
24.966667,0.00000000
24.983333,0.00000000
25.000000,0.00089381
25.016667,0.00094661
25.033333,0.00037520
25.050000,0.00000000
25.066667,0.00000000
25.083333,0.00000000
25.100000,0.00000000
25.116667,0.00000000
25.133333,0.00000000
25.150000,0.00064850
25.166667,0.00136609
25.183333,0.00094040
25.200000,0.00135665
25.216667,0.00000000
25.233333,0.00026511
25.250000,0.00000000
25.266667,0.00000000
25.283333,0.00000000
25.300000,0.00000000
25.316667,0.00108098
25.333333,0.00000000
25.350000,0.00023951
25.366667,0.00007589
25.383333,0.00000000
25.400000,0.00000000
25.416667,0.00000000
25.433333,0.00000000
25.450000,0.00030139
25.466667,0.00000000
25.483333,0.00000000
25.500000,0.00000000
25.516667,0.00000000
25.533333,0.00007968
25.550000,0.00000000
25.566667,0.00054496
25.583333,0.00102731
25.600000,0.00010598
25.616667,0.00056016
25.633333,0.00011730
25.650000,0.00000000
25.666667,0.00011960
25.683333,0.00000000
25.700000,0.00105706
25.716667,0.00001011
25.733333,0.00000000
25.750000,0.00026216
25.766667,0.00045878
25.783333,0.00000000
25.800000,0.00025238
25.816667,0.00000000
25.833333,0.00046997
25.850000,0.00029426
25.866667,0.00096863
25.883333,0.00000000
25.900000,0.00000000
25.916667,0.00000000
25.933333,0.00012822
25.950000,0.00026188
25.966667,0.00000000
25.983333,0.00047995
26.000000,0.00019122
26.016667,0.00058076
26.033333,0.00000000
26.050000,0.00000000
26.066667,0.00038418
26.083333,0.00000000
26.100000,0.00004482
26.116667,0.00078467
26.133333,0.00000000
26.150000,0.00059868
26.166667,0.00013483
26.183333,0.00000000
26.200000,0.00021719
26.216667,0.00001874
26.233333,0.00092962
26.250000,0.00000000
26.266667,0.00077559
26.283333,0.00000000
26.300000,0.00144662
26.316667,0.00000000
26.333333,0.00024169
26.350000,0.00000000
26.366667,0.00039034
26.383333,0.00000000
26.400000,0.00036070
26.416667,0.00013024
26.433333,0.00023638
26.450000,0.00000000
26.466667,0.00085143
26.483333,0.00000000
26.500000,0.00000000
26.516667,0.00000000
26.533333,0.00103762
26.550000,0.00000000
26.566667,0.00012874
26.583333,0.00007059
26.600000,0.00018538
26.616667,0.00047361
26.633333,0.00026083
26.650000,0.00000000
26.666667,0.00130401
26.683333,0.00000000
26.700000,0.00046811
26.716667,0.00037156
26.733333,0.00000000
26.750000,0.00000000
26.766667,0.00079123
26.783333,0.00001022
26.800000,0.00000000
26.816667,0.00000000
26.833333,0.00000000
26.850000,0.00006705
26.866667,0.00000000
26.883333,0.00017426
26.900000,0.00066649
26.916667,0.00000000
26.933333,0.00015990
26.950000,0.00041604
26.966667,0.00020216
26.983333,0.00000000
27.000000,0.00000000
27.016667,0.00035989
27.033333,0.00000000
27.050000,0.00124372
27.066667,0.00130366
27.083333,0.00000000
27.100000,0.00000000
27.116667,0.00055699
27.133333,0.00036606
27.150000,0.00061022
27.166667,0.00062561
27.183333,0.00048756
27.200000,0.00000000
27.216667,0.00000000
27.233333,0.00079654
27.250000,0.00020867
27.266667,0.00000000
27.283333,0.00003408
27.300000,0.00000000
27.316667,0.00065963
27.333333,0.00000000
27.350000,0.00047329
27.366667,0.00057448
27.383333,0.00000000
27.400000,0.00000000
27.416667,0.00040772
27.433333,0.00019091
27.450000,0.00000000
27.466667,0.00000000
27.483333,0.00000000
27.500000,0.00032454
27.516667,0.00000000
27.533333,0.00000000
27.550000,0.00102380
27.566667,0.00000000
27.583333,0.00000000
27.600000,0.00089343
27.616667,0.00024602
27.633333,0.00000000
27.650000,0.00000000
27.666667,0.00000000
27.683333,0.00021091
27.700000,0.00000000
27.716667,0.00000000
27.733333,0.00080764
27.750000,0.00058295
27.766667,0.00000000
27.783333,0.00059964
27.800000,0.00000000
27.816667,0.00000000
27.833333,0.00000000
27.850000,0.00000000
27.866667,0.00029477
27.883333,0.00000000
27.900000,0.00000000
27.916667,0.00061309
27.933333,0.00000000
27.950000,0.00000000
27.966667,0.00047729
27.983333,0.00000000
28.000000,0.00009387
28.016667,0.00000000
28.033333,0.00032496
28.050000,0.00037978
28.066667,0.00107731
28.083333,0.00042942
28.100000,0.00041839
28.116667,0.00060580
28.133333,0.00032015
28.150000,0.00000000
28.166667,0.00000000
28.183333,0.00088793
28.200000,0.00073320
28.216667,0.00076971
28.233333,0.00081838
28.250000,0.00000000
28.266667,0.00037095
28.283333,0.00000000
28.300000,0.00031017
28.316667,0.00000000
28.333333,0.00000000
28.350000,0.00000000
28.366667,0.00000000
28.383333,0.00000000
28.400000,0.00000000
28.416667,0.00127632
28.433333,0.00064891
28.450000,0.00044503
28.466667,0.00028480
28.483333,0.00090574
28.500000,0.00100216
28.516667,0.00000000
28.533333,0.00053815
28.550000,0.00029919
28.566667,0.00044493
28.583333,0.00000000
28.600000,0.00113434
28.616667,0.00000000
28.633333,0.00000000
28.650000,0.00000000
28.666667,0.00037833
28.683333,0.00000000
28.700000,0.00000000
28.716667,0.00027772
28.733333,0.00000000
28.750000,0.00010293
28.766667,0.00031784
28.783333,0.00002837
28.800000,0.00000000
28.816667,0.00000000
28.833333,0.00000000
28.850000,0.00019062
28.866667,0.00000000
28.883333,0.00000000
28.900000,0.00000000
28.916667,0.00000000
28.933333,0.00050107
28.950000,0.00000000
28.966667,0.00000000
28.983333,0.00029550
29.000000,0.00018503
29.016667,0.00013504
29.033333,0.00045010
29.050000,0.00007877
29.066667,0.00000000
29.083333,0.00010754
29.100000,0.00000000
29.116667,0.00016139
29.133333,0.00000000
29.150000,0.00000000
29.166667,0.00000000
29.183333,0.00066298
29.200000,0.00068482
29.216667,0.00000000
29.233333,0.00036625
29.250000,0.00053212
29.266667,0.00060303
29.283333,0.00000000
29.300000,0.00076696
29.316667,0.00000000
29.333333,0.00000000
29.350000,0.00000000
29.366667,0.00036249
29.383333,0.00011546
29.400000,0.00110786
29.416667,0.00000000
29.433333,0.00081828
29.450000,0.00000301
29.466667,0.00009767
29.483333,0.00045276
29.500000,0.00044459
29.516667,0.00000000
29.533333,0.00002460
29.550000,0.00000000
29.566667,0.00000000
29.583333,0.00022558
29.600000,0.00000000
29.616667,0.00000000
29.633333,0.00000000
29.650000,0.00067113
29.666667,0.00000000
29.683333,0.00028433
29.700000,0.00000000
29.716667,0.00012022
29.733333,0.00000000
29.750000,0.00000000
29.766667,0.00000000
29.783333,0.00026741
29.800000,0.00000000
29.816667,0.00034498
29.833333,0.00063930
29.850000,0.00048676
29.866667,0.00003797
29.883333,0.00012880
29.900000,0.00040250
29.916667,0.00000000
29.933333,0.00000000
29.950000,0.00000000
29.966667,0.00007688
29.983333,0.00000000
30.000000,0.00000000
30.016667,0.00057877
30.033333,0.00000000
30.050000,0.00000221
30.066667,0.00006674
30.083333,0.00000000
30.100000,0.00034239
30.116667,0.00000000
30.133333,0.00097191
30.150000,0.00000000
30.166667,0.00000000
30.183333,0.00000000
30.200000,0.00012369
30.216667,0.00010225
30.233333,0.00029729
30.250000,0.00098272
30.266667,0.00000000
30.283333,0.00002007
30.300000,0.00012709
30.316667,0.00034791
30.333333,0.00000000
30.350000,0.00000734
30.366667,0.00049960
30.383333,0.00000000
30.400000,0.00103651
30.416667,0.00014722
30.433333,0.00014074
30.450000,0.00000000
30.466667,0.00046256
30.483333,0.00000000
30.500000,0.00035119
30.516667,0.00010513
30.533333,0.00021336
30.550000,0.00127375
30.566667,0.00099425
30.583333,0.00056963
30.600000,0.00030039
30.616667,0.00027881
30.633333,0.00000000
30.650000,0.00017754
30.666667,0.00000000
30.683333,0.00022973
30.700000,0.00050684
30.716667,0.00000849
30.733333,0.00005589
30.750000,0.00009406
30.766667,0.00046398
30.783333,0.00099340
30.800000,0.00092828
30.816667,0.00000000
30.833333,0.00000905
30.850000,0.00000000
30.866667,0.00000596
30.883333,0.00000000
30.900000,0.00005333
30.916667,0.00053854
30.933333,0.00034582
30.950000,0.00000000
30.966667,0.00000000
30.983333,0.00031717
31.000000,0.00000000
31.016667,0.00000000
31.033333,0.00009690
31.050000,0.00047468
31.066667,0.00014670
31.083333,0.00003851
31.100000,0.00000000
31.116667,0.00000000
31.133333,0.00000000
31.150000,0.00026003
31.166667,0.00000000
31.183333,0.00000000
31.200000,0.00000000
31.216667,0.00055023
31.233333,0.00000000
31.250000,0.00000000
31.266667,0.00000000
31.283333,0.00008110
31.300000,0.00000000
31.316667,0.00084324
31.333333,0.00007145
31.350000,0.00069783
31.366667,0.00056290
31.383333,0.00000000
31.400000,0.00000000
31.416667,0.00020576
31.433333,0.00013353
31.450000,0.00000000
31.466667,0.00021718
31.483333,0.00010656
31.500000,0.00000000
31.516667,0.00035221
31.533333,0.00000000
31.550000,0.00000000
31.566667,0.00057178
31.583333,0.00000000
31.600000,0.00014990
31.616667,0.00000000
31.633333,0.00010082
31.650000,0.00000000
31.666667,0.00065308
31.683333,0.00060031
31.700000,0.00045330
31.716667,0.00007388
31.733333,0.00011662
31.750000,0.00032911
31.766667,0.00024706
31.783333,0.00052482
31.800000,0.00012609
31.816667,0.00000000
31.833333,0.00070045
31.850000,0.00062958
31.866667,0.00000000
31.883333,0.00023961
31.900000,0.00030449
31.916667,0.00000000
31.933333,0.00040543
31.950000,0.00000000
31.966667,0.00000000
31.983333,0.00000000
32.000000,0.00016417
32.016667,0.00047222
32.033333,0.00000000
32.050000,0.00000000
32.066667,0.00047027
32.083333,0.00000000
32.100000,0.00000000
32.116667,0.00065162
32.133333,0.00000000
32.150000,0.00000000
32.166667,0.00000000
32.183333,0.00088863
32.200000,0.00034823
32.216667,0.00095151
32.233333,0.00021888
32.250000,0.00000000
32.266667,0.00057503
32.283333,0.00000000
32.300000,0.00000000
32.316667,0.00000000
32.333333,0.00000000
32.350000,0.00000798
32.366667,0.00000000
32.383333,0.00000000
32.400000,0.00000000
32.416667,0.00049292
32.433333,0.00000000
32.450000,0.00000000
32.466667,0.00009902
32.483333,0.00000000
32.500000,0.00085608
32.516667,0.00060080
32.533333,0.00047631
32.550000,0.00025546
32.566667,0.00028391
32.583333,0.00000000
32.600000,0.00001600
32.616667,0.00006935
32.633333,0.00000000
32.650000,0.00067459
32.666667,0.00028216
32.683333,0.00000000
32.700000,0.00017459
32.716667,0.00031577
32.733333,0.00000000
32.750000,0.00000000
32.766667,0.00000000
32.783333,0.00000000
32.800000,0.00059434
32.816667,0.00010755
32.833333,0.00003897
32.850000,0.00028748
32.866667,0.00060796
32.883333,0.00038510
32.900000,0.00000000
32.916667,0.00023669
32.933333,0.00000000
32.950000,0.00004907
32.966667,0.00038543
32.983333,0.00063379
33.000000,0.00000000
33.016667,0.00015707
33.033333,0.00031587
33.050000,0.00012070
33.066667,0.00017338
33.083333,0.00088085
33.100000,0.00000000
33.116667,0.00011839
33.133333,0.00045171
33.150000,0.00000000
33.166667,0.00103853
33.183333,0.00035168
33.200000,0.00000000
33.216667,0.00000000
33.233333,0.00038018
33.250000,0.00000000
33.266667,0.00000000
33.283333,0.00000000
33.300000,0.00036484
33.316667,0.00002026
33.333333,0.00000000
33.350000,0.00008732
33.366667,0.00000000
33.383333,0.00008462
33.400000,0.00002610
33.416667,0.00000000
33.433333,0.00000000
33.450000,0.00028843
33.466667,0.00000000
33.483333,0.00008117
33.500000,0.00000000
33.516667,0.00000000
33.533333,0.00000000
33.550000,0.00000000
33.566667,0.00000000
33.583333,0.00073747
33.600000,0.00100984
33.616667,0.00000000
33.633333,0.00000000
33.650000,0.00026542
33.666667,0.00000000
33.683333,0.00075675
33.700000,0.00009502
33.716667,0.00004456
33.733333,0.00045541
33.750000,0.00000000
33.766667,0.00055144
33.783333,0.00000000
33.800000,0.00063819
33.816667,0.00041472
33.833333,0.00066064
33.850000,0.00000000
33.866667,0.00000000
33.883333,0.00053932
33.900000,0.00056462
33.916667,0.00000000
33.933333,0.00000000
33.950000,0.00000000
33.966667,0.00000000
33.983333,0.00000000
34.000000,0.00000000
34.016667,0.00014469
34.033333,0.00000000
34.050000,0.00056404
34.066667,0.00000000
34.083333,0.00050242
34.100000,0.00077524
34.116667,0.00000000
34.133333,0.00000000
34.150000,0.00064713
34.166667,0.00052677
34.183333,0.00113299
34.200000,0.00000000
34.216667,0.00055262
34.233333,0.00000000
34.250000,0.00000509
34.266667,0.00041158
34.283333,0.00019842
34.300000,0.00023190
34.316667,0.00000000
34.333333,0.00000000
34.350000,0.00016687
34.366667,0.00000000
34.383333,0.00030025
34.400000,0.00000000
34.416667,0.00000000
34.433333,0.00082652
34.450000,0.00076409
34.466667,0.00000000
34.483333,0.00103076
34.500000,0.00078579
34.516667,0.00000000
34.533333,0.00000000
34.550000,0.00000000
34.566667,0.00000000
34.583333,0.00053811
34.600000,0.00000000
34.616667,0.00000000
34.633333,0.00062051
34.650000,0.00000000
34.666667,0.00000000
34.683333,0.00011112
34.700000,0.00000000
34.716667,0.00025524
34.733333,0.00024023
34.750000,0.00000000
34.766667,0.00031477
34.783333,0.00000000
34.800000,0.00019647
34.816667,0.00021186
34.833333,0.00000000
34.850000,0.00020885
34.866667,0.00037953
34.883333,0.00000000
34.900000,0.00000000
34.916667,0.00061542
34.933333,0.00000000
34.950000,0.00053283
34.966667,0.00000000
34.983333,0.00033674
35.000000,0.00000000
35.016667,0.00089567
35.033333,0.00000000
35.050000,0.00004103
35.066667,0.00000000
35.083333,0.00000000
35.100000,0.00046038
35.116667,0.00006730
35.133333,0.00000000
35.150000,0.00000000
35.166667,0.00020754
35.183333,0.00000000
35.200000,0.00000000
35.216667,0.00080099
35.233333,0.00000000
35.250000,0.00033375
35.266667,0.00000000
35.283333,0.00000000
35.300000,0.00174976
35.316667,0.00013428
35.333333,0.00019216
35.350000,0.00042911
35.366667,0.00010760
35.383333,0.00000000
35.400000,0.00000000
35.416667,0.00041561
35.433333,0.00048377
35.450000,0.00043837
35.466667,0.00003331
35.483333,0.00028460
35.500000,0.00000000
35.516667,0.00008859
35.533333,0.00059819
35.550000,0.00016878
35.566667,0.00000000
35.583333,0.00079221
35.600000,0.00072100
35.616667,0.00073421
35.633333,0.00023247
35.650000,0.00051975
35.666667,0.00000000
35.683333,0.00102479
35.700000,0.00000000
35.716667,0.00000000
35.733333,0.00000000
35.750000,0.00047878
35.766667,0.00048028
35.783333,0.00000000
35.800000,0.00000000
35.816667,0.00029533
35.833333,0.00131750
35.850000,0.00007827
35.866667,0.00000000
35.883333,0.00003661
35.900000,0.00004612
35.916667,0.00000000
35.933333,0.00000000
35.950000,0.00000000
35.966667,0.00011308
35.983333,0.00000000
36.000000,0.00000000
36.016667,0.00019870
36.033333,0.00021030
36.050000,0.00051553
36.066667,0.00000000
36.083333,0.00000000
36.100000,0.00067193
36.116667,0.00107982
36.133333,0.00000000
36.150000,0.00038298
36.166667,0.00032743
36.183333,0.00000000
36.200000,0.00000000
36.216667,0.00024483
36.233333,0.00000000
36.250000,0.00000000
36.266667,0.00030934
36.283333,0.00000000
36.300000,0.00000000
36.316667,0.00000000
36.333333,0.00000000
36.350000,0.00000000
36.366667,0.00000000
36.383333,0.00065852
36.400000,0.00018672
36.416667,0.00000000
36.433333,0.00000000
36.450000,0.00000000
36.466667,0.00000000
36.483333,0.00000000
36.500000,0.00000000
36.516667,0.00052818
36.533333,0.00000536
36.550000,0.00047715
36.566667,0.00000000
36.583333,0.00038819
36.600000,0.00074932
36.616667,0.00049291
36.633333,0.00000000
36.650000,0.00000000
36.666667,0.00064191
36.683333,0.00026195
36.700000,0.00000000
36.716667,0.00025192
36.733333,0.00077479
36.750000,0.00012473
36.766667,0.00000000
36.783333,0.00077265
36.800000,0.00022307
36.816667,0.00000000
36.833333,0.00076962
36.850000,0.00000000
36.866667,0.00000000
36.883333,0.00017414
36.900000,0.00003375
36.916667,0.00000000
36.933333,0.00000000
36.950000,0.00000000
36.966667,0.00000000
36.983333,0.00061283
37.000000,0.00013482
37.016667,0.00010578
37.033333,0.00000000
37.050000,0.00000000
37.066667,0.00000000
37.083333,0.00057272
37.100000,0.00032248
37.116667,0.00000000
37.133333,0.00000000
37.150000,0.00000000
37.166667,0.00030658
37.183333,0.00034641
37.200000,0.00051838
37.216667,0.00013415
37.233333,0.00023421
37.250000,0.00000000
37.266667,0.00000000
37.283333,0.00000000
37.300000,0.00057527
37.316667,0.00026651
37.333333,0.00095685
37.350000,0.00000000
37.366667,0.00000000
37.383333,0.00044349
37.400000,0.00101174
37.416667,0.00018955
37.433333,0.00027400
37.450000,0.00014129
37.466667,0.00000000
37.483333,0.00019178
37.500000,0.00000000
37.516667,0.00000000
37.533333,0.00000000
37.550000,0.00000000
37.566667,0.00000000
37.583333,0.00064225
37.600000,0.00000000
37.616667,0.00000000
37.633333,0.00054253
37.650000,0.00043097
37.666667,0.00000000
37.683333,0.00003663
37.700000,0.00000000
37.716667,0.00002113
37.733333,0.00000000
37.750000,0.00035697
37.766667,0.00000000
37.783333,0.00000000
37.800000,0.00003594
37.816667,0.00000000
37.833333,0.00002418
37.850000,0.00035994
37.866667,0.00000000
37.883333,0.00000000
37.900000,0.00000000
37.916667,0.00062351
37.933333,0.00042750
37.950000,0.00000000
37.966667,0.00020794
37.983333,0.00003477
38.000000,0.00026396
38.016667,0.00050172
38.033333,0.00000000
38.050000,0.00044272
38.066667,0.00000000
38.083333,0.00098738
38.100000,0.00000000
38.116667,0.00015608
38.133333,0.00035365
38.150000,0.00000000
38.166667,0.00000000
38.183333,0.00067240
38.200000,0.00011141
38.216667,0.00000000
38.233333,0.00003002
38.250000,0.00000000
38.266667,0.00003962
38.283333,0.00000000
38.300000,0.00136561
38.316667,0.00039559
38.333333,0.00065420
38.350000,0.00004923
38.366667,0.00003202
38.383333,0.00026235
38.400000,0.00022021
38.416667,0.00000000
38.433333,0.00088059
38.450000,0.00000000
38.466667,0.00030085
38.483333,0.00045049
38.500000,0.00000000
38.516667,0.00000000
38.533333,0.00062550
38.550000,0.00039263
38.566667,0.00000000
38.583333,0.00000000
38.600000,0.00000000
38.616667,0.00000000
38.633333,0.00000000
38.650000,0.00038674
38.666667,0.00000000
38.683333,0.00030155
38.700000,0.00000000
38.716667,0.00000000
38.733333,0.00050913
38.750000,0.00022279
38.766667,0.00003688
38.783333,0.00050386
38.800000,0.00000000
38.816667,0.00009194
38.833333,0.00020883
38.850000,0.00009714
38.866667,0.00000000
38.883333,0.00000000
38.900000,0.00099074
38.916667,0.00030466
38.933333,0.00149759
38.950000,0.00000000
38.966667,0.00093827
38.983333,0.00000000
39.000000,0.00020247
39.016667,0.00087802
39.033333,0.00086259
39.050000,0.00046755
39.066667,0.00037104
39.083333,0.00009894
39.100000,0.00000000
39.116667,0.00000000
39.133333,0.00104207
39.150000,0.00092382
39.166667,0.00000000
39.183333,0.00064043
39.200000,0.00050417
39.216667,0.00002844
39.233333,0.00000000
39.250000,0.00045280
39.266667,0.00000000
39.283333,0.00000000
39.300000,0.00052700
39.316667,0.00000000
39.333333,0.00155146
39.350000,0.00035247
39.366667,0.00032563
39.383333,0.00111394
39.400000,0.00063073
39.416667,0.00099839
39.433333,0.00054607
39.450000,0.00040586
39.466667,0.00000000
39.483333,0.00000000
39.500000,0.00002968
39.516667,0.00025134
39.533333,0.00017411
39.550000,0.00125872
39.566667,0.00070197
39.583333,0.00000000
39.600000,0.00000000
39.616667,0.00000000
39.633333,0.00000000
39.650000,0.00003651
39.666667,0.00000000
39.683333,0.00015367
39.700000,0.00000000
39.716667,0.00000000
39.733333,0.00000000
39.750000,0.00069761
39.766667,0.00000000
39.783333,0.00026360
39.800000,0.00000000
39.816667,0.00000000
39.833333,0.00016154
39.850000,0.00000000
39.866667,0.00008496
39.883333,0.00058825
39.900000,0.00092182
39.916667,0.00103150
39.933333,0.00000000
39.950000,0.00000000
39.966667,0.00066401
39.983333,0.00000000
40.000000,0.00008463
40.016667,0.00000000
40.033333,0.00000000
40.050000,0.00117733
40.066667,0.00000000
40.083333,0.00022463
40.100000,0.00000000
40.116667,0.00070869
40.133333,0.00000000
40.150000,0.00081305
40.166667,0.00043890
40.183333,0.00000000
40.200000,0.00000000
40.216667,0.00000000
40.233333,0.00000000
40.250000,0.00077127
40.266667,0.00000000
40.283333,0.00034406
40.300000,0.00042529
40.316667,0.00005989
40.333333,0.00022158
40.350000,0.00000000
40.366667,0.00095321
40.383333,0.00070422
40.400000,0.00016335
40.416667,0.00003351
40.433333,0.00000000
40.450000,0.00029237
40.466667,0.00097833
40.483333,0.00000000
40.500000,0.00000000
40.516667,0.00089861
40.533333,0.00000000
40.550000,0.00003149
40.566667,0.00007785
40.583333,0.00000000
40.600000,0.00000000
40.616667,0.00037288
40.633333,0.00058411
40.650000,0.00020772
40.666667,0.00000000
40.683333,0.00000000
40.700000,0.00027872
40.716667,0.00000000
40.733333,0.00000000
40.750000,0.00000000
40.766667,0.00074147
40.783333,0.00036647
40.800000,0.00000000
40.816667,0.00055833
40.833333,0.00007812
40.850000,0.00000000
40.866667,0.00076077
40.883333,0.00000000
40.900000,0.00024917
40.916667,0.00147933
40.933333,0.00000000
40.950000,0.00037993
40.966667,0.00004219
40.983333,0.00000000
41.000000,0.00000000
41.016667,0.00016620
41.033333,0.00000000
41.050000,0.00136854
41.066667,0.00006153
41.083333,0.00036024
41.100000,0.00000000
41.116667,0.00000000
41.133333,0.00016682
41.150000,0.00000933
41.166667,0.00000000
41.183333,0.00027904
41.200000,0.00159994
41.216667,0.00000000
41.233333,0.00000000
41.250000,0.00064383
41.266667,0.00000000
41.283333,0.00000000
41.300000,0.00013379
41.316667,0.00000000
41.333333,0.00106200
41.350000,0.00033912
41.366667,0.00001095
41.383333,0.00000000
41.400000,0.00000000
41.416667,0.00000000
41.433333,0.00073093
41.450000,0.00000000
41.466667,0.00015733
41.483333,0.00105596
41.500000,0.00123479
41.516667,0.00006763
41.533333,0.00000000
41.550000,0.00046418
41.566667,0.00000000
41.583333,0.00000000
41.600000,0.00065367
41.616667,0.00016733
41.633333,0.00060056
41.650000,0.00140527
41.666667,0.00000000
41.683333,0.00024731
41.700000,0.00000000
41.716667,0.00016709
41.733333,0.00000000
41.750000,0.00000000
41.766667,0.00000000
41.783333,0.00020042
41.800000,0.00037226
41.816667,0.00000000
41.833333,0.00051283
41.850000,0.00109006
41.866667,0.00000000
41.883333,0.00046139
41.900000,0.00000000
41.916667,0.00000000
41.933333,0.00029621
41.950000,0.00002321
41.966667,0.00000305
41.983333,0.00061297
42.000000,0.00101177
42.016667,0.00000000
42.033333,0.00000000
42.050000,0.00000000
42.066667,0.00019337
42.083333,0.00026127
42.100000,0.00000000
42.116667,0.00063439
42.133333,0.00059976
42.150000,0.00015140
42.166667,0.00000000
42.183333,0.00000000
42.200000,0.00000000
42.216667,0.00056444
42.233333,0.00066081
42.250000,0.00001096
42.266667,0.00000000
42.283333,0.00069877
42.300000,0.00000000
42.316667,0.00000000
42.333333,0.00004218
42.350000,0.00012313
42.366667,0.00000000
42.383333,0.00000000
42.400000,0.00000000
42.416667,0.00021573
42.433333,0.00000000
42.450000,0.00000000
42.466667,0.00019857
42.483333,0.00048793
42.500000,0.00103324
42.516667,0.00035340
42.533333,0.00000000
42.550000,0.00000000
42.566667,0.00058369
42.583333,0.00000000
42.600000,0.00000000
42.616667,0.00000000
42.633333,0.00000000
42.650000,0.00010923
42.666667,0.00000000
42.683333,0.00045870
42.700000,0.00073900
42.716667,0.00029926
42.733333,0.00000000
42.750000,0.00000000
42.766667,0.00058277
42.783333,0.00000000
42.800000,0.00000000
42.816667,0.00013471
42.833333,0.00000000
42.850000,0.00017491
42.866667,0.00078092
42.883333,0.00006249
42.900000,0.00086582
42.916667,0.00000000
42.933333,0.00000000
42.950000,0.00058326
42.966667,0.00000000
42.983333,0.00076343
43.000000,0.00000000
43.016667,0.00080338
43.033333,0.00025012
43.050000,0.00010661
43.066667,0.00000000
43.083333,0.00115089
43.100000,0.00000000
43.116667,0.00000000
43.133333,0.00044430
43.150000,0.00001533
43.166667,0.00009295
43.183333,0.00000000
43.200000,0.00000000
43.216667,0.00020945
43.233333,0.00082581
43.250000,0.00060615
43.266667,0.00000000
43.283333,0.00000000
43.300000,0.00021249
43.316667,0.00004200
43.333333,0.00017540
43.350000,0.00095623
43.366667,0.00000000
43.383333,0.00049881
43.400000,0.00036948
43.416667,0.00110786
43.433333,0.00023154
43.450000,0.00037533
43.466667,0.00000000
43.483333,0.00000000
43.500000,0.00000000
43.516667,0.00022588
43.533333,0.00000000
43.550000,0.00000000
43.566667,0.00000000
43.583333,0.00051264
43.600000,0.00043857
43.616667,0.00000000
43.633333,0.00000000
43.650000,0.00000000
43.666667,0.00000000
43.683333,0.00010778
43.700000,0.00000000
43.716667,0.00029465
43.733333,0.00000000
43.750000,0.00004620
43.766667,0.00035745
43.783333,0.00000000
43.800000,0.00000000
43.816667,0.00000000
43.833333,0.00099434
43.850000,0.00000000
43.866667,0.00050561
43.883333,0.00035683
43.900000,0.00000000
43.916667,0.00000000
43.933333,0.00000000
43.950000,0.00000000
43.966667,0.00000000
43.983333,0.00000000
44.000000,0.00000000
44.016667,0.00018589
44.033333,0.00000000
44.050000,0.00032114
44.066667,0.00005661
44.083333,0.00000000
44.100000,0.00000000
44.116667,0.00039018
44.133333,0.00002072
44.150000,0.00000000
44.166667,0.00036521
44.183333,0.00000000
44.200000,0.00051006
44.216667,0.00000000
44.233333,0.00015193
44.250000,0.00119165
44.266667,0.00058550
44.283333,0.00127953
44.300000,0.00019672
44.316667,0.00000000
44.333333,0.00016068
44.350000,0.00137320
44.366667,0.00000000
44.383333,0.00019813
44.400000,0.00001991
44.416667,0.00000000
44.433333,0.00010814
44.450000,0.00031758
44.466667,0.00009215
44.483333,0.00021035
44.500000,0.00063768
44.516667,0.00000000
44.533333,0.00011999
44.550000,0.00012828
44.566667,0.00013546
44.583333,0.00047460
44.600000,0.00050720
44.616667,0.00029901
44.633333,0.00000000
44.650000,0.00000000
44.666667,0.00000000
44.683333,0.00000000
44.700000,0.00000000
44.716667,0.00000000
44.733333,0.00000000
44.750000,0.00000000
44.766667,0.00016598
44.783333,0.00042591
44.800000,0.00006439
44.816667,0.00023483
44.833333,0.00032531
44.850000,0.00000000
44.866667,0.00000000
44.883333,0.00113901
44.900000,0.00000000
44.916667,0.00010198
44.933333,0.00000000
44.950000,0.00001348
44.966667,0.00024568
44.983333,0.00011006
45.000000,0.00077120
45.016667,0.00000000
45.033333,0.00000000
45.050000,0.00000000
45.066667,0.00079793
45.083333,0.00000000
45.100000,0.00027032
45.116667,0.00000000
45.133333,0.00019258
45.150000,0.00078643
45.166667,0.00000000
45.183333,0.00000000
45.200000,0.00038796
45.216667,0.00000000
45.233333,0.00038088
45.250000,0.00000000
45.266667,0.00000000
45.283333,0.00000000
45.300000,0.00032348
45.316667,0.00019860
45.333333,0.00001582
45.350000,0.00009567
45.366667,0.00041166
45.383333,0.00011901
45.400000,0.00000000
45.416667,0.00000000
45.433333,0.00000000
45.450000,0.00057564
45.466667,0.00125441
45.483333,0.00000000
45.500000,0.00034309
45.516667,0.00009527
45.533333,0.00000000
45.550000,0.00000000
45.566667,0.00000000
45.583333,0.00000000
45.600000,0.00082145
45.616667,0.00000000
45.633333,0.00040665
45.650000,0.00000000
45.666667,0.00068030
45.683333,0.00008806
45.700000,0.00023105
45.716667,0.00000000
45.733333,0.00040293
45.750000,0.00000000
45.766667,0.00016014
45.783333,0.00040224
45.800000,0.00149785
45.816667,0.00000000
45.833333,0.00000000
45.850000,0.00046282
45.866667,0.00000000
45.883333,0.00004629
45.900000,0.00000000
45.916667,0.00000000
45.933333,0.00000000
45.950000,0.00000000
45.966667,0.00000000
45.983333,0.00000000
46.000000,0.00062565
46.016667,0.00006711
46.033333,0.00005176
46.050000,0.00000000
46.066667,0.00000000
46.083333,0.00000000
46.100000,0.00019204
46.116667,0.00018285
46.133333,0.00000000
46.150000,0.00027720
46.166667,0.00000000
46.183333,0.00000000
46.200000,0.00006613
46.216667,0.00000000
46.233333,0.00010813
46.250000,0.00034201
46.266667,0.00033792
46.283333,0.00037273
46.300000,0.00000000
46.316667,0.00000000
46.333333,0.00000000
46.350000,0.00038626
46.366667,0.00031510
46.383333,0.00077295
46.400000,0.00031551
46.416667,0.00013960
46.433333,0.00000000
46.450000,0.00039874
46.466667,0.00000113
46.483333,0.00037122
46.500000,0.00032466
46.516667,0.00079327
46.533333,0.00000000
46.550000,0.00000000
46.566667,0.00168085
46.583333,0.00008532
46.600000,0.00046187
46.616667,0.00000000
46.633333,0.00013068
46.650000,0.00000000
46.666667,0.00019407
46.683333,0.00100290
46.700000,0.00000000
46.716667,0.00022699
46.733333,0.00028087
46.750000,0.00019082
46.766667,0.00000000
46.783333,0.00086267
46.800000,0.00018908
46.816667,0.00024437
46.833333,0.00050277
46.850000,0.00036800
46.866667,0.00000000
46.883333,0.00000000
46.900000,0.00045526
46.916667,0.00054374
46.933333,0.00000000
46.950000,0.00000000
46.966667,0.00000000
46.983333,0.00000000
47.000000,0.00000000
47.016667,0.00010489
47.033333,0.00000000
47.050000,0.00000000
47.066667,0.00006923
47.083333,0.00000000
47.100000,0.00060285
47.116667,0.00000000
47.133333,0.00000000
47.150000,0.00000000
47.166667,0.00057561
47.183333,0.00032383
47.200000,0.00000000
47.216667,0.00000000
47.233333,0.00000000
47.250000,0.00000000
47.266667,0.00006450
47.283333,0.00000000
47.300000,0.00000000
47.316667,0.00040831
47.333333,0.00072664
47.350000,0.00005600
47.366667,0.00106749
47.383333,0.00000000
47.400000,0.00000000
47.416667,0.00052026
47.433333,0.00021998
47.450000,0.00000000
47.466667,0.00000000
47.483333,0.00050843
47.500000,0.00063637
47.516667,0.00000000
47.533333,0.00019164
47.550000,0.00000000
47.566667,0.00013904
47.583333,0.00032601
47.600000,0.00000000
47.616667,0.00024812
47.633333,0.00114479
47.650000,0.00145388
47.666667,0.00000000
47.683333,0.00000000
47.700000,0.00023725
47.716667,0.00031555
47.733333,0.00000000
47.750000,0.00000000
47.766667,0.00092004
47.783333,0.00000000
47.800000,0.00082064
47.816667,0.00000000
47.833333,0.00000000
47.850000,0.00000000
47.866667,0.00059422
47.883333,0.00020862
47.900000,0.00000000
47.916667,0.00000000
47.933333,0.00000000
47.950000,0.00000000
47.966667,0.00082337
47.983333,0.00000000
48.000000,0.00062104
48.016667,0.00000000
48.033333,0.00018379
48.050000,0.00000000
48.066667,0.00007590
48.083333,0.00039012
48.100000,0.00010183
48.116667,0.00027400
48.133333,0.00000000
48.150000,0.00000000
48.166667,0.00000000
48.183333,0.00037769
48.200000,0.00014142
48.216667,0.00000000
48.233333,0.00000000
48.250000,0.00000000
48.266667,0.00000366
48.283333,0.00005682
48.300000,0.00000000
48.316667,0.00031485
48.333333,0.00000000
48.350000,0.00000000
48.366667,0.00036234
48.383333,0.00092383
48.400000,0.00000000
48.416667,0.00015642
48.433333,0.00036284
48.450000,0.00002425
48.466667,0.00000000
48.483333,0.00000000
48.500000,0.00000000
48.516667,0.00023252
48.533333,0.00000000
48.550000,0.00000000
48.566667,0.00000000
48.583333,0.00000000
48.600000,0.00000000
48.616667,0.00000000
48.633333,0.00006038
48.650000,0.00077284
48.666667,0.00000000
48.683333,0.00009797
48.700000,0.00029547
48.716667,0.00025375
48.733333,0.00000000
48.750000,0.00110830
48.766667,0.00100454
48.783333,0.00078595
48.800000,0.00000000
48.816667,0.00000000
48.833333,0.00005374
48.850000,0.00037307
48.866667,0.00015033
48.883333,0.00041881
48.900000,0.00000000
48.916667,0.00000000
48.933333,0.00000000
48.950000,0.00015974
48.966667,0.00035236
48.983333,0.00028889
49.000000,0.00007947
49.016667,0.00000000
49.033333,0.00051997
49.050000,0.00021128
49.066667,0.00000000
49.083333,0.00000000
49.100000,0.00030227
49.116667,0.00049043
49.133333,0.00076765
49.150000,0.00019602
49.166667,0.00006108
49.183333,0.00059008
49.200000,0.00045001
49.216667,0.00006051
49.233333,0.00000000
49.250000,0.00047243
49.266667,0.00000000
49.283333,0.00100209
49.300000,0.00055139
49.316667,0.00003537
49.333333,0.00038449
49.350000,0.00016299
49.366667,0.00041221
49.383333,0.00001191
49.400000,0.00000000
49.416667,0.00056257
49.433333,0.00000000
49.450000,0.00000000
49.466667,0.00000000
49.483333,0.00000000
49.500000,0.00101248
49.516667,0.00000000
49.533333,0.00014566
49.550000,0.00061521
49.566667,0.00010950
49.583333,0.00077710
49.600000,0.00000000
49.616667,0.00104480
49.633333,0.00000000
49.650000,0.00000000
49.666667,0.00000000
49.683333,0.00000000
49.700000,0.00031081
49.716667,0.00070015
49.733333,0.00113981
49.750000,0.00000000
49.766667,0.00006445
49.783333,0.00000000
49.800000,0.00000000
49.816667,0.00059835
49.833333,0.00045163
49.850000,0.00000000
49.866667,0.00000000
49.883333,0.00076415
49.900000,0.00031952
49.916667,0.00046653
49.933333,0.00000000
49.950000,0.00053481
49.966667,0.00000000
49.983333,0.00043028
50.000000,0.00000000
50.016667,0.00000065
50.033333,0.00061381
50.050000,0.00020663
50.066667,0.00000000
50.083333,0.00000440
50.100000,0.00000000
50.116667,0.00006003
50.133333,0.00080082
50.150000,0.00000000
50.166667,0.00000000
50.183333,0.00013765
50.200000,0.00001895
50.216667,0.00000000
50.233333,0.00016741
50.250000,0.00000000
50.266667,0.00000000
50.283333,0.00088065
50.300000,0.00000000
50.316667,0.00077615
50.333333,0.00000000
50.350000,0.00003144
50.366667,0.00019878
50.383333,0.00039413
50.400000,0.00014515
50.416667,0.00000000
50.433333,0.00000000
50.450000,0.00000000
50.466667,0.00035693
50.483333,0.00001595
50.500000,0.00038057
50.516667,0.00038516
50.533333,0.00013901
50.550000,0.00000000
50.566667,0.00009100
50.583333,0.00020293
50.600000,0.00007534
50.616667,0.00000000
50.633333,0.00041098
50.650000,0.00000797
50.666667,0.00141250
50.683333,0.00000000
50.700000,0.00076420
50.716667,0.00000000
50.733333,0.00000000
50.750000,0.00040432
50.766667,0.00000000
50.783333,0.00000000
50.800000,0.00056274
50.816667,0.00040211
50.833333,0.00000000
50.850000,0.00000000
50.866667,0.00008136
50.883333,0.00053650
50.900000,0.00000000
50.916667,0.00001326
50.933333,0.00014285
50.950000,0.00000000
50.966667,0.00024300
50.983333,0.00000000
51.000000,0.00023477
51.016667,0.00000000
51.033333,0.00086948
51.050000,0.00000000
51.066667,0.00000000
51.083333,0.00000000
51.100000,0.00000000
51.116667,0.00000000
51.133333,0.00000000
51.150000,0.00000000
51.166667,0.00000000
51.183333,0.00000473
51.200000,0.00000000
51.216667,0.00012550
51.233333,0.00109855
51.250000,0.00000000
51.266667,0.00000000
51.283333,0.00000000
51.300000,0.00090218
51.316667,0.00000000
51.333333,0.00019001
51.350000,0.00000000
51.366667,0.00014302
51.383333,0.00066525
51.400000,0.00000000
51.416667,0.00000556
51.433333,0.00000000
51.450000,0.00000000
51.466667,0.00014598
51.483333,0.00000000
51.500000,0.00030830
51.516667,0.00000000
51.533333,0.00005746
51.550000,0.00007876
51.566667,0.00049212
51.583333,0.00036490
51.600000,0.00000000
51.616667,0.00088497
51.633333,0.00031059
51.650000,0.00045149
51.666667,0.00066799
51.683333,0.00000000
51.700000,0.00029952
51.716667,0.00000000
51.733333,0.00000000
51.750000,0.00069821
51.766667,0.00012149
51.783333,0.00000000
51.800000,0.00014691
51.816667,0.00000000
51.833333,0.00000000
51.850000,0.00000000
51.866667,0.00000000
51.883333,0.00136023
51.900000,0.00031569
51.916667,0.00000000
51.933333,0.00080906
51.950000,0.00000000
51.966667,0.00029459
51.983333,0.00034984
52.000000,0.00004413
52.016667,0.00002858
52.033333,0.00010079
52.050000,0.00059422
52.066667,0.00000000
52.083333,0.00061075
52.100000,0.00000000
52.116667,0.00000000
52.133333,0.00178503
52.150000,0.00000000
52.166667,0.00000000
52.183333,0.00035767
52.200000,0.00083960
52.216667,0.00000000
52.233333,0.00042084
52.250000,0.00067902
52.266667,0.00000000
52.283333,0.00000000
52.300000,0.00056540
52.316667,0.00000000
52.333333,0.00004791
52.350000,0.00000000
52.366667,0.00045841
52.383333,0.00072573
52.400000,0.00081762
52.416667,0.00055387
52.433333,0.00000000
52.450000,0.00006775
52.466667,0.00000000
52.483333,0.00002653
52.500000,0.00000000
52.516667,0.00000000
52.533333,0.00006225
52.550000,0.00000000
52.566667,0.00000000
52.583333,0.00000000
52.600000,0.00107352
52.616667,0.00000000
52.633333,0.00041018
52.650000,0.00000000
52.666667,0.00000000
52.683333,0.00000000
52.700000,0.00027362
52.716667,0.00000000
52.733333,0.00000000
52.750000,0.00000000
52.766667,0.00081427
52.783333,0.00000000
52.800000,0.00000000
52.816667,0.00000000
52.833333,0.00000000
52.850000,0.00010288
52.866667,0.00070075
52.883333,0.00051025
52.900000,0.00000000
52.916667,0.00037804
52.933333,0.00000000
52.950000,0.00000000
52.966667,0.00000000
52.983333,0.00063939
53.000000,0.00000000
53.016667,0.00000000
53.033333,0.00028544
53.050000,0.00000000
53.066667,0.00044596
53.083333,0.00000000
53.100000,0.00000000
53.116667,0.00038518
53.133333,0.00000000
53.150000,0.00041502
53.166667,0.00006427
53.183333,0.00000000
53.200000,0.00019837
53.216667,0.00044286
53.233333,0.00000000
53.250000,0.00000000
53.266667,0.00035137
53.283333,0.00000000
53.300000,0.00000000
53.316667,0.00000000
53.333333,0.00000000
53.350000,0.00002225
53.366667,0.00035303
53.383333,0.00046716
53.400000,0.00000000
53.416667,0.00000000
53.433333,0.00019516
53.450000,0.00000000
53.466667,0.00111871
53.483333,0.00000000
53.500000,0.00021256
53.516667,0.00055929
53.533333,0.00037606
53.550000,0.00062448
53.566667,0.00068337
53.583333,0.00025088
53.600000,0.00000000
53.616667,0.00000000
53.633333,0.00100126
53.650000,0.00000000
53.666667,0.00000000
53.683333,0.00062669
53.700000,0.00053802
53.716667,0.00000000
53.733333,0.00088502
53.750000,0.00000000
53.766667,0.00000000
53.783333,0.00000000
53.800000,0.00000000
53.816667,0.00000000
53.833333,0.00005455
53.850000,0.00000000
53.866667,0.00044912
53.883333,0.00004671
53.900000,0.00013218
53.916667,0.00000000
53.933333,0.00007520
53.950000,0.00029588
53.966667,0.00000000
53.983333,0.00000000
54.000000,0.00037306
54.016667,0.00000000
54.033333,0.00002308
54.050000,0.00013493
54.066667,0.00043674
54.083333,0.00054318
54.100000,0.00000000
54.116667,0.00000000
54.133333,0.00046562
54.150000,0.00044255
54.166667,0.00000000
54.183333,0.00000000
54.200000,0.00044505
54.216667,0.00006202
54.233333,0.00042461
54.250000,0.00033135
54.266667,0.00048744
54.283333,0.00005836
54.300000,0.00109889
54.316667,0.00000000
54.333333,0.00000000
54.350000,0.00068765
54.366667,0.00005938
54.383333,0.00000000
54.400000,0.00000000
54.416667,0.00000000
54.433333,0.00010963
54.450000,0.00000000
54.466667,0.00000000
54.483333,0.00044112
54.500000,0.00000000
54.516667,0.00000000
54.533333,0.00013383
54.550000,0.00102236
54.566667,0.00000000
54.583333,0.00005785
54.600000,0.00000000
54.616667,0.00000000
54.633333,0.00048547
54.650000,0.00019548
54.666667,0.00043514
54.683333,0.00098741
54.700000,0.00000000
54.716667,0.00000000
54.733333,0.00000000
54.750000,0.00000000
54.766667,0.00037748
54.783333,0.00068105
54.800000,0.00049786
54.816667,0.00077375
54.833333,0.00000000
54.850000,0.00003153
54.866667,0.00000000
54.883333,0.00000000
54.900000,0.00000000
54.916667,0.00034302
54.933333,0.00047820
54.950000,0.00021345
54.966667,0.00000000
54.983333,0.00024133
55.000000,0.00000000
55.016667,0.00000000
55.033333,0.00000000
55.050000,0.00000000
55.066667,0.00086287
55.083333,0.00030491
55.100000,0.00000000
55.116667,0.00000000
55.133333,0.00017181
55.150000,0.00000000
55.166667,0.00000000
55.183333,0.00000000
55.200000,0.00000000
55.216667,0.00000000
55.233333,0.00006420
55.250000,0.00000000
55.266667,0.00000000
55.283333,0.00031290
55.300000,0.00000000
55.316667,0.00040941
55.333333,0.00000000
55.350000,0.00000000
55.366667,0.00000000
55.383333,0.00000000
55.400000,0.00000000
55.416667,0.00000000
55.433333,0.00000000
55.450000,0.00000000
55.466667,0.00008117
55.483333,0.00019150
55.500000,0.00024257
55.516667,0.00025656
55.533333,0.00088177
55.550000,0.00000000
55.566667,0.00000000
55.583333,0.00000000
55.600000,0.00099390
55.616667,0.00000000
55.633333,0.00000000
55.650000,0.00005490
55.666667,0.00095699
55.683333,0.00004740
55.700000,0.00061970
55.716667,0.00000000
55.733333,0.00093332
55.750000,0.00000000
55.766667,0.00000000
55.783333,0.00000000
55.800000,0.00047036
55.816667,0.00000000
55.833333,0.00000000
55.850000,0.00013600
55.866667,0.00090014
55.883333,0.00000000
55.900000,0.00000000
55.916667,0.00099689
55.933333,0.00000000
55.950000,0.00000000
55.966667,0.00000000
55.983333,0.00000000
56.000000,0.00000000
56.016667,0.00000000
56.033333,0.00068440
56.050000,0.00000000
56.066667,0.00000000
56.083333,0.00000000
56.100000,0.00000000
56.116667,0.00006598
56.133333,0.00039899
56.150000,0.00000000
56.166667,0.00118519
56.183333,0.00040411
56.200000,0.00000000
56.216667,0.00073275
56.233333,0.00059873
56.250000,0.00000000
56.266667,0.00000000
56.283333,0.00034163
56.300000,0.00043657
56.316667,0.00025259
56.333333,0.00000000
56.350000,0.00004281
56.366667,0.00000000
56.383333,0.00009000
56.400000,0.00095226
56.416667,0.00050134
56.433333,0.00043725
56.450000,0.00099433
56.466667,0.00046910
56.483333,0.00000000
56.500000,0.00015523
56.516667,0.00000000
56.533333,0.00002825
56.550000,0.00074606
56.566667,0.00000000
56.583333,0.00066402
56.600000,0.00101969
56.616667,0.00077814
56.633333,0.00000000
56.650000,0.00036556
56.666667,0.00002638
56.683333,0.00028128
56.700000,0.00000000
56.716667,0.00000000
56.733333,0.00000000
56.750000,0.00000000
56.766667,0.00018596
56.783333,0.00014969
56.800000,0.00000000
56.816667,0.00000000
56.833333,0.00077494
56.850000,0.00035076
56.866667,0.00000000
56.883333,0.00024604
56.900000,0.00006084
56.916667,0.00021647
56.933333,0.00013370
56.950000,0.00000000
56.966667,0.00023566
56.983333,0.00000000
57.000000,0.00000000
57.016667,0.00000000
57.033333,0.00000000
57.050000,0.00048395
57.066667,0.00072857
57.083333,0.00000000
57.100000,0.00002184
57.116667,0.00007551
57.133333,0.00010434
57.150000,0.00002700
57.166667,0.00023638
57.183333,0.00000000
57.200000,0.00029512
57.216667,0.00000000
57.233333,0.00000000
57.250000,0.00049709
57.266667,0.00053607
57.283333,0.00030293
57.300000,0.00000000
57.316667,0.00000000
57.333333,0.00000000
57.350000,0.00046286
57.366667,0.00079121
57.383333,0.00000000
57.400000,0.00000000
57.416667,0.00000000
57.433333,0.00000000
57.450000,0.00000000
57.466667,0.00063076
57.483333,0.00053222
57.500000,0.00000000
57.516667,0.00080449
57.533333,0.00006182
57.550000,0.00019481
57.566667,0.00000000
57.583333,0.00026685
57.600000,0.00000000
57.616667,0.00080743
57.633333,0.00161615
57.650000,0.00000000
57.666667,0.00000000
57.683333,0.00000000
57.700000,0.00008781
57.716667,0.00020859
57.733333,0.00025365
57.750000,0.00023074
57.766667,0.00025902
57.783333,0.00040983
57.800000,0.00022220
57.816667,0.00091576
57.833333,0.00051253
57.850000,0.00052309
57.866667,0.00000000
57.883333,0.00000000
57.900000,0.00017705
57.916667,0.00081282
57.933333,0.00053607
57.950000,0.00041963
57.966667,0.00000000
57.983333,0.00066024
58.000000,0.00000000
58.016667,0.00000000
58.033333,0.00071361
58.050000,0.00065810
58.066667,0.00044591
58.083333,0.00088250
58.100000,0.00000000
58.116667,0.00005591
58.133333,0.00000000
58.150000,0.00000000
58.166667,0.00039467
58.183333,0.00008657
58.200000,0.00005247
58.216667,0.00000000
58.233333,0.00011531
58.250000,0.00000000
58.266667,0.00000000
58.283333,0.00056760
58.300000,0.00186263
58.316667,0.00004912
58.333333,0.00000000
58.350000,0.00000000
58.366667,0.00000000
58.383333,0.00038198
58.400000,0.00042796
58.416667,0.00029867
58.433333,0.00046265
58.450000,0.00000000
58.466667,0.00010663
58.483333,0.00022213
58.500000,0.00000000
58.516667,0.00035212
58.533333,0.00061926
58.550000,0.00069730
58.566667,0.00000000
58.583333,0.00000000
58.600000,0.00067286
58.616667,0.00094528
58.633333,0.00000000
58.650000,0.00001666
58.666667,0.00000000
58.683333,0.00000000
58.700000,0.00000000
58.716667,0.00000000
58.733333,0.00000000
58.750000,0.00000000
58.766667,0.00029240
58.783333,0.00078554
58.800000,0.00000000
58.816667,0.00014061
58.833333,0.00018179
58.850000,0.00000000
58.866667,0.00063015
58.883333,0.00024366
58.900000,0.00077437
58.916667,0.00056403
58.933333,0.00000000
58.950000,0.00083910
58.966667,0.00014495
58.983333,0.00000000
59.000000,0.00000000
59.016667,0.00034303
59.033333,0.00000000
59.050000,0.00000000
59.066667,0.00000000
59.083333,0.00084982
59.100000,0.00000000
59.116667,0.00018364
59.133333,0.00019565
59.150000,0.00000000
59.166667,0.00052390
59.183333,0.00000000
59.200000,0.00000000
59.216667,0.00000000
59.233333,0.00032135
59.250000,0.00000000
59.266667,0.00000000
59.283333,0.00000000
59.300000,0.00105443
59.316667,0.00064917
59.333333,0.00070354
59.350000,0.00063121
59.366667,0.00000000
59.383333,0.00034490
59.400000,0.00006195
59.416667,0.00000000
59.433333,0.00000000
59.450000,0.00000000
59.466667,0.00000000
59.483333,0.00000000
59.500000,0.00016977
59.516667,0.00000000
59.533333,0.00023047
59.550000,0.00000000
59.566667,0.00068593
59.583333,0.00098885
59.600000,0.00000000
59.616667,0.00000000
59.633333,0.00007114
59.650000,0.00000000
59.666667,0.00021643
59.683333,0.00103648
59.700000,0.00000000
59.716667,0.00000000
59.733333,0.00000000
59.750000,0.00001938
59.766667,0.00000000
59.783333,0.00048138
59.800000,0.00000000
59.816667,0.00000000
59.833333,0.00000000
59.850000,0.00000000
59.866667,0.00000000
59.883333,0.00032397
59.900000,0.00000000
59.916667,0.00005150
59.933333,0.00000000
59.950000,0.00000000
59.966667,0.00000000
59.983333,0.00000000
60.000000,0.00016267
60.016667,0.00011155
60.033333,0.00000031
60.050000,0.00108626
60.066667,0.00000000
60.083333,0.00013115
60.100000,0.00000000
60.116667,0.00000000
60.133333,0.00013360
60.150000,0.00049626
60.166667,0.00026162
60.183333,0.00093287
60.200000,0.00000000
60.216667,0.00001884
60.233333,0.00000000
60.250000,0.00043649
60.266667,0.00000000
60.283333,0.00000000
60.300000,0.00000000
60.316667,0.00000000
60.333333,0.00000000
60.350000,0.00000000
60.366667,0.00069360
60.383333,0.00009299
60.400000,0.00011781
60.416667,0.00000000
60.433333,0.00010358
60.450000,0.00067850
60.466667,0.00000000
60.483333,0.00011244
60.500000,0.00031628
60.516667,0.00000000
60.533333,0.00000000
60.550000,0.00002245
60.566667,0.00000000
60.583333,0.00102915
60.600000,0.00000000
60.616667,0.00001917
60.633333,0.00023900
60.650000,0.00027941
60.666667,0.00000000
60.683333,0.00003883
60.700000,0.00055182
60.716667,0.00002141
60.733333,0.00018412
60.750000,0.00031806
60.766667,0.00079316
60.783333,0.00000000
60.800000,0.00000000
60.816667,0.00000000
60.833333,0.00000000
60.850000,0.00000000
60.866667,0.00000000
60.883333,0.00015754
60.900000,0.00019502
60.916667,0.00000000
60.933333,0.00000000
60.950000,0.00003111
60.966667,0.00042129
60.983333,0.00021708
61.000000,0.00000000
61.016667,0.00006453
61.033333,0.00020981
61.050000,0.00000000
61.066667,0.00012767
61.083333,0.00038891
61.100000,0.00076584
61.116667,0.00000000
61.133333,0.00000000
61.150000,0.00000000
61.166667,0.00000000
61.183333,0.00096578
61.200000,0.00000000
61.216667,0.00000000
61.233333,0.00076687
61.250000,0.00087932
61.266667,0.00000000
61.283333,0.00000000
61.300000,0.00073605
61.316667,0.00025374
61.333333,0.00000000
61.350000,0.00000000
61.366667,0.00026457
61.383333,0.00009464
61.400000,0.00000000
61.416667,0.00001536
61.433333,0.00018426
61.450000,0.00000000
61.466667,0.00082120
61.483333,0.00012381
61.500000,0.00075713
61.516667,0.00000000
61.533333,0.00014544
61.550000,0.00032639
61.566667,0.00088740
61.583333,0.00000000
61.600000,0.00026691
61.616667,0.00000000
61.633333,0.00031066
61.650000,0.00000000
61.666667,0.00093420
61.683333,0.00050890
61.700000,0.00000000
61.716667,0.00000000
61.733333,0.00000000
61.750000,0.00000000
61.766667,0.00000000
61.783333,0.00006405
61.800000,0.00022089
61.816667,0.00076830
61.833333,0.00054304
61.850000,0.00000000
61.866667,0.00043510
61.883333,0.00000000
61.900000,0.00000000
61.916667,0.00000000
61.933333,0.00006321
61.950000,0.00000000
61.966667,0.00000000
61.983333,0.00000000
62.000000,0.00000000
62.016667,0.00014326
62.033333,0.00000000
62.050000,0.00000000
62.066667,0.00025014
62.083333,0.00046896
62.100000,0.00039655
62.116667,0.00000000
62.133333,0.00021768
62.150000,0.00000000
62.166667,0.00004587
62.183333,0.00019857
62.200000,0.00000000
62.216667,0.00000000
62.233333,0.00000000
62.250000,0.00052862
62.266667,0.00000000
62.283333,0.00061165
62.300000,0.00000000
62.316667,0.00000000
62.333333,0.00000000
62.350000,0.00000000
62.366667,0.00000000
62.383333,0.00000000
62.400000,0.00000000
62.416667,0.00023352
62.433333,0.00000000
62.450000,0.00016524
62.466667,0.00000000
62.483333,0.00027323
62.500000,0.00067248
62.516667,0.00079986
62.533333,0.00085688
62.550000,0.00000000
62.566667,0.00010319
62.583333,0.00007147
62.600000,0.00000000
62.616667,0.00066414
62.633333,0.00015505
62.650000,0.00000559
62.666667,0.00021842
62.683333,0.00024367
62.700000,0.00053520
62.716667,0.00000000
62.733333,0.00000000
62.750000,0.00000000
62.766667,0.00000000
62.783333,0.00000000
62.800000,0.00000000
62.816667,0.00000000
62.833333,0.00093022
62.850000,0.00000000
62.866667,0.00000000
62.883333,0.00000000
62.900000,0.00000000
62.916667,0.00073030
62.933333,0.00041910
62.950000,0.00039833
62.966667,0.00000000
62.983333,0.00092890
63.000000,0.00005177
63.016667,0.00011901
63.033333,0.00000000
63.050000,0.00000000
63.066667,0.00000000
63.083333,0.00044775
63.100000,0.00000000
63.116667,0.00023940
63.133333,0.00037501
63.150000,0.00062257
63.166667,0.00000000
63.183333,0.00000000
63.200000,0.00000000
63.216667,0.00000000
63.233333,0.00117223
63.250000,0.00000000
63.266667,0.00000000
63.283333,0.00044094
63.300000,0.00000000
63.316667,0.00040321
63.333333,0.00056736
63.350000,0.00000000
63.366667,0.00000000
63.383333,0.00001613
63.400000,0.00000000
63.416667,0.00036402
63.433333,0.00000000
63.450000,0.00078723
63.466667,0.00033467
63.483333,0.00000000
63.500000,0.00036879
63.516667,0.00003149
63.533333,0.00000000
63.550000,0.00049377
63.566667,0.00000000
63.583333,0.00000000
63.600000,0.00000000
63.616667,0.00032920
63.633333,0.00000000
63.650000,0.00052290
63.666667,0.00000000
63.683333,0.00077618
63.700000,0.00012974
63.716667,0.00000000
63.733333,0.00067109
63.750000,0.00000000
63.766667,0.00034967
63.783333,0.00016593
63.800000,0.00011518
63.816667,0.00000000
63.833333,0.00001782
63.850000,0.00000000
63.866667,0.00000000
63.883333,0.00004154
63.900000,0.00081415
63.916667,0.00126199
63.933333,0.00002898
63.950000,0.00009182
63.966667,0.00008563
63.983333,0.00082203
64.000000,0.00000000
64.016667,0.00000000
64.033333,0.00046330
64.050000,0.00051586
64.066667,0.00011665
64.083333,0.00016067
64.100000,0.00039191
64.116667,0.00002549
64.133333,0.00000000
64.150000,0.00000000
64.166667,0.00040034
64.183333,0.00000000
64.200000,0.00000000
64.216667,0.00000000
64.233333,0.00009440
64.250000,0.00004605
64.266667,0.00046829
64.283333,0.00017452
64.300000,0.00000000
64.316667,0.00000000
64.333333,0.00000000
64.350000,0.00000000
64.366667,0.00000000
64.383333,0.00002075
64.400000,0.00000000
64.416667,0.00021775
64.433333,0.00000000
64.450000,0.00023249
64.466667,0.00002244
64.483333,0.00023614
64.500000,0.00044456
64.516667,0.00006223
64.533333,0.00083926
64.550000,0.00000000
64.566667,0.00004522
64.583333,0.00000000
64.600000,0.00000000
64.616667,0.00000000
64.633333,0.00000000
64.650000,0.00043116
64.666667,0.00029018
64.683333,0.00047053
64.700000,0.00044050
64.716667,0.00000000
64.733333,0.00099889
64.750000,0.00000000
64.766667,0.00000000
64.783333,0.00030460
64.800000,0.00000000
64.816667,0.00000000
64.833333,0.00084543
64.850000,0.00000000
64.866667,0.00020773
64.883333,0.00000000
64.900000,0.00000000
64.916667,0.00000000
64.933333,0.00000000
64.950000,0.00069672
64.966667,0.00000000
64.983333,0.00000000
65.000000,0.00050618
65.016667,0.00009901
65.033333,0.00084555
65.050000,0.00000000
65.066667,0.00000000
65.083333,0.00074014
65.100000,0.00000000
65.116667,0.00000000
65.133333,0.00069681
65.150000,0.00000000
65.166667,0.00032707
65.183333,0.00034552
65.200000,0.00000000
65.216667,0.00000000
65.233333,0.00055513
65.250000,0.00073096
65.266667,0.00000000
65.283333,0.00082072
65.300000,0.00121528
65.316667,0.00004959
65.333333,0.00000000
65.350000,0.00046339
65.366667,0.00005192
65.383333,0.00004324
65.400000,0.00034177
65.416667,0.00077519
65.433333,0.00000000
65.450000,0.00044948
65.466667,0.00017974
65.483333,0.00000000
65.500000,0.00005315
65.516667,0.00047192
65.533333,0.00022090
65.550000,0.00000000
65.566667,0.00000000
65.583333,0.00100974
65.600000,0.00000000
65.616667,0.00000000
65.633333,0.00041659
65.650000,0.00000000
65.666667,0.00000000
65.683333,0.00000000
65.700000,0.00013709
65.716667,0.00070361
65.733333,0.00037508
65.750000,0.00000000
65.766667,0.00025102
65.783333,0.00000000
65.800000,0.00000000
65.816667,0.00039111
65.833333,0.00000000
65.850000,0.00061854
65.866667,0.00000000
65.883333,0.00038442
65.900000,0.00036807
65.916667,0.00000000
65.933333,0.00000000
65.950000,0.00000000
65.966667,0.00161079
65.983333,0.00000000
66.000000,0.00012372
66.016667,0.00000000
66.033333,0.00005803
66.050000,0.00000000
66.066667,0.00000000
66.083333,0.00000000
66.100000,0.00000000
66.116667,0.00055919
66.133333,0.00058449
66.150000,0.00000000
66.166667,0.00026302
66.183333,0.00000000
66.200000,0.00088612
66.216667,0.00049694
66.233333,0.00000000
66.250000,0.00067352
66.266667,0.00065739
66.283333,0.00000000
66.300000,0.00000000
66.316667,0.00025582
66.333333,0.00000000
66.350000,0.00000000
66.366667,0.00000000
66.383333,0.00000000
66.400000,0.00000000
66.416667,0.00060073
66.433333,0.00000000
66.450000,0.00000000
66.466667,0.00000000
66.483333,0.00064939
66.500000,0.00041069
66.516667,0.00000000
66.533333,0.00000000
66.550000,0.00085552
66.566667,0.00000000
66.583333,0.00046420
66.600000,0.00000000
66.616667,0.00000000
66.633333,0.00035140
66.650000,0.00009081
66.666667,0.00007744
66.683333,0.00045035
66.700000,0.00033839
66.716667,0.00000000
66.733333,0.00000000
66.750000,0.00000000
66.766667,0.00000000
66.783333,0.00056338
66.800000,0.00000000
66.816667,0.00000000
66.833333,0.00042910
66.850000,0.00042301
66.866667,0.00000000
66.883333,0.00000000
66.900000,0.00072012
66.916667,0.00000000
66.933333,0.00015142
66.950000,0.00099961
66.966667,0.00000000
66.983333,0.00028071
67.000000,0.00010047
67.016667,0.00062714
67.033333,0.00049204
67.050000,0.00000000
67.066667,0.00000000
67.083333,0.00004602
67.100000,0.00066277
67.116667,0.00068670
67.133333,0.00091085
67.150000,0.00014621
67.166667,0.00012989
67.183333,0.00000000
67.200000,0.00013607
67.216667,0.00000000
67.233333,0.00036561
67.250000,0.00000000
67.266667,0.00027049
67.283333,0.00061097
67.300000,0.00000000
67.316667,0.00000000
67.333333,0.00001037
67.350000,0.00073512
67.366667,0.00000000
67.383333,0.00120593
67.400000,0.00042366
67.416667,0.00000819
67.433333,0.00007503
67.450000,0.00000000
67.466667,0.00055667
67.483333,0.00000000
67.500000,0.00000000
67.516667,0.00043548
67.533333,0.00000000
67.550000,0.00010312
67.566667,0.00000000
67.583333,0.00002884
67.600000,0.00067777
67.616667,0.00000000
67.633333,0.00071242
67.650000,0.00000000
67.666667,0.00006490
67.683333,0.00036081
67.700000,0.00010961
67.716667,0.00000741
67.733333,0.00011494
67.750000,0.00047225
67.766667,0.00000000
67.783333,0.00000000
67.800000,0.00068617
67.816667,0.00000217
67.833333,0.00000000
67.850000,0.00038112
67.866667,0.00000000
67.883333,0.00026891
67.900000,0.00000000
67.916667,0.00005433
67.933333,0.00033130
67.950000,0.00096563
67.966667,0.00059200
67.983333,0.00053757
68.000000,0.00000000
68.016667,0.00000000
68.033333,0.00088804
68.050000,0.00012814
68.066667,0.00017870
68.083333,0.00000000
68.100000,0.00000000
68.116667,0.00028491
68.133333,0.00000000
68.150000,0.00042903
68.166667,0.00006944
68.183333,0.00056515
68.200000,0.00065693
68.216667,0.00000000
68.233333,0.00000000
68.250000,0.00000000
68.266667,0.00000000
68.283333,0.00000000
68.300000,0.00000000
68.316667,0.00000000
68.333333,0.00000000
68.350000,0.00000000
68.366667,0.00000000
68.383333,0.00000000
68.400000,0.00000000
68.416667,0.00000000
68.433333,0.00000000
68.450000,0.00000000
68.466667,0.00000000
68.483333,0.00000000
68.500000,0.00000000
68.516667,0.00007411
68.533333,0.00032488
68.550000,0.00000000
68.566667,0.00000000
68.583333,0.00000000
68.600000,0.00008072
68.616667,0.00048777
68.633333,0.00000000
68.650000,0.00000000
68.666667,0.00000000
68.683333,0.00000000
68.700000,0.00000000
68.716667,0.00098170
68.733333,0.00072652
68.750000,0.00000000
68.766667,0.00000000
68.783333,0.00056914
68.800000,0.00004021
68.816667,0.00073211
68.833333,0.00049911
68.850000,0.00000000
68.866667,0.00000000
68.883333,0.00000000
68.900000,0.00000000
68.916667,0.00032602
68.933333,0.00000000
68.950000,0.00000000
68.966667,0.00010236
68.983333,0.00000000
69.000000,0.00083949
69.016667,0.00000000
69.033333,0.00000000
69.050000,0.00000000
69.066667,0.00000000
69.083333,0.00012961
69.100000,0.00045269
69.116667,0.00000000
69.133333,0.00000000
69.150000,0.00000000
69.166667,0.00000000
69.183333,0.00051647
69.200000,0.00000000
69.216667,0.00000000
69.233333,0.00043163
69.250000,0.00000000
69.266667,0.00062516
69.283333,0.00041827
69.300000,0.00074795
69.316667,0.00000000
69.333333,0.00063029
69.350000,0.00009175
69.366667,0.00071173
69.383333,0.00091449
69.400000,0.00000000
69.416667,0.00045361
69.433333,0.00003715
69.450000,0.00000000
69.466667,0.00022475
69.483333,0.00015494
69.500000,0.00000000
69.516667,0.00000000
69.533333,0.00000000
69.550000,0.00034677
69.566667,0.00016931
69.583333,0.00000000
69.600000,0.00084776
69.616667,0.00037615
69.633333,0.00000000
69.650000,0.00018123
69.666667,0.00003464
69.683333,0.00099297
69.700000,0.00000000
69.716667,0.00021960
69.733333,0.00000000
69.750000,0.00000000
69.766667,0.00000000
69.783333,0.00000000
69.800000,0.00000000
69.816667,0.00000000
69.833333,0.00088374
69.850000,0.00000000
69.866667,0.00084415
69.883333,0.00025404
69.900000,0.00026090
69.916667,0.00000000
69.933333,0.00000000
69.950000,0.00032245
69.966667,0.00000000
69.983333,0.00000000
70.000000,0.00000000
70.016667,0.00000000
70.033333,0.00020754
70.050000,0.00000000
70.066667,0.00060998
70.083333,0.00093519
70.100000,0.00054301
70.116667,0.00000000
70.133333,0.00011905
70.150000,0.00009849
70.166667,0.00088740
70.183333,0.00033427
70.200000,0.00000000
70.216667,0.00005373
70.233333,0.00000000
70.250000,0.00000000
70.266667,0.00000000
70.283333,0.00027171
70.300000,0.00000000
70.316667,0.00024774
70.333333,0.00000000
70.350000,0.00041842
70.366667,0.00000000
70.383333,0.00000000
70.400000,0.00035148
70.416667,0.00049373
70.433333,0.00050332
70.450000,0.00085384
70.466667,0.00141232
70.483333,0.00057759
70.500000,0.00042265
70.516667,0.00023258
70.533333,0.00018989
70.550000,0.00082927
70.566667,0.00017843
70.583333,0.00024921
70.600000,0.00032320
70.616667,0.00022329
70.633333,0.00000000
70.650000,0.00000000
70.666667,0.00000000
70.683333,0.00000000
70.700000,0.00052632
70.716667,0.00000000
70.733333,0.00067559
70.750000,0.00032446
70.766667,0.00000000
70.783333,0.00000000
70.800000,0.00000683
70.816667,0.00069163
70.833333,0.00011271
70.850000,0.00000000
70.866667,0.00000000
70.883333,0.00009462
70.900000,0.00009618
70.916667,0.00075974
70.933333,0.00007123
70.950000,0.00000000
70.966667,0.00027502
70.983333,0.00048328
71.000000,0.00029075
71.016667,0.00000000
71.033333,0.00000000
71.050000,0.00000000
71.066667,0.00000000
71.083333,0.00082397
71.100000,0.00000000
71.116667,0.00000000
71.133333,0.00097886
71.150000,0.00000000
71.166667,0.00000000
71.183333,0.00008983
71.200000,0.00000000
71.216667,0.00000000
71.233333,0.00052989
71.250000,0.00030630
71.266667,0.00099643
71.283333,0.00000000
71.300000,0.00000000
71.316667,0.00000000
71.333333,0.00000000
71.350000,0.00019378
71.366667,0.00000000
71.383333,0.00000000
71.400000,0.00015908
71.416667,0.00016610
71.433333,0.00000000
71.450000,0.00067995
71.466667,0.00000000
71.483333,0.00000000
71.500000,0.00000000
71.516667,0.00000000
71.533333,0.00017283
71.550000,0.00090222
71.566667,0.00004754
71.583333,0.00025673
71.600000,0.00000000
71.616667,0.00023885
71.633333,0.00000000
71.650000,0.00000000
71.666667,0.00090620
71.683333,0.00089649
71.700000,0.00050867
71.716667,0.00000000
71.733333,0.00000000
71.750000,0.00000000
71.766667,0.00046945
71.783333,0.00000000
71.800000,0.00000000
71.816667,0.00051213
71.833333,0.00000000
71.850000,0.00000000
71.866667,0.00072832
71.883333,0.00000000
71.900000,0.00000000
71.916667,0.00000000
71.933333,0.00104889
71.950000,0.00042973
71.966667,0.00096712
71.983333,0.00072907
72.000000,0.00000000
72.016667,0.00016076
72.033333,0.00000000
72.050000,0.00107288
72.066667,0.00000000
72.083333,0.00000000
72.100000,0.00022461
72.116667,0.00000000
72.133333,0.00000000
72.150000,0.00000000
72.166667,0.00028928
72.183333,0.00000000
72.200000,0.00000000
72.216667,0.00000000
72.233333,0.00045062
72.250000,0.00105229
72.266667,0.00000000
72.283333,0.00025165
72.300000,0.00000000
72.316667,0.00000000
72.333333,0.00014833
72.350000,0.00000000
72.366667,0.00025864
72.383333,0.00000000
72.400000,0.00023442
72.416667,0.00004965
72.433333,0.00000000
72.450000,0.00045948
72.466667,0.00081918
72.483333,0.00004526
72.500000,0.00000000
72.516667,0.00000000
72.533333,0.00000000
72.550000,0.00041549
72.566667,0.00000000
72.583333,0.00000000
72.600000,0.00071753
72.616667,0.00000000
72.633333,0.00000000
72.650000,0.00000000
72.666667,0.00000000
72.683333,0.00080743
72.700000,0.00000000
72.716667,0.00000000
72.733333,0.00000000
72.750000,0.00027146
72.766667,0.00000000
72.783333,0.00048853
72.800000,0.00000000
72.816667,0.00000000
72.833333,0.00009212
72.850000,0.00042191
72.866667,0.00034541
72.883333,0.00019354
72.900000,0.00000000
72.916667,0.00010025
72.933333,0.00000000
72.950000,0.00000000
72.966667,0.00000000
72.983333,0.00000000
73.000000,0.00000000
73.016667,0.00099800
73.033333,0.00000000
73.050000,0.00127888
73.066667,0.00000000
73.083333,0.00011146
73.100000,0.00076201
73.116667,0.00008011
73.133333,0.00000000
73.150000,0.00015612
73.166667,0.00004138
73.183333,0.00083701
73.200000,0.00000000
73.216667,0.00049057
73.233333,0.00000000
73.250000,0.00003082
73.266667,0.00048419
73.283333,0.00000000
73.300000,0.00000000
73.316667,0.00045133
73.333333,0.00052875
73.350000,0.00075000
73.366667,0.00023542
73.383333,0.00008283
73.400000,0.00059837
73.416667,0.00014533
73.433333,0.00104997
73.450000,0.00103156
73.466667,0.00000000
73.483333,0.00000000
73.500000,0.00000000
73.516667,0.00000000
73.533333,0.00027001
73.550000,0.00013601
73.566667,0.00092338
73.583333,0.00000000
73.600000,0.00000000
73.616667,0.00057956
73.633333,0.00000891
73.650000,0.00014617
73.666667,0.00000000
73.683333,0.00015089
73.700000,0.00000000
73.716667,0.00000000
73.733333,0.00000000
73.750000,0.00000000
73.766667,0.00000000
73.783333,0.00000000
73.800000,0.00000000
73.816667,0.00000000
73.833333,0.00000000
73.850000,0.00118817
73.866667,0.00000000
73.883333,0.00000000
73.900000,0.00010879
73.916667,0.00000000
73.933333,0.00054902
73.950000,0.00064728
73.966667,0.00000524
73.983333,0.00000000
74.000000,0.00023679
74.016667,0.00005075
74.033333,0.00000000
74.050000,0.00010048
74.066667,0.00003189
74.083333,0.00021571
74.100000,0.00014451
74.116667,0.00000000
74.133333,0.00000000
74.150000,0.00000000
74.166667,0.00000000
74.183333,0.00000000
74.200000,0.00030484
74.216667,0.00023648
74.233333,0.00014523
74.250000,0.00000000
74.266667,0.00000000
74.283333,0.00000000
74.300000,0.00006453
74.316667,0.00000000
74.333333,0.00000000
74.350000,0.00110322
74.366667,0.00039940
74.383333,0.00154681
74.400000,0.00000000
74.416667,0.00020132
74.433333,0.00000000
74.450000,0.00000000
74.466667,0.00000000
74.483333,0.00000000
74.500000,0.00000000
74.516667,0.00000000
74.533333,0.00065998
74.550000,0.00056565
74.566667,0.00000000
74.583333,0.00005249
74.600000,0.00000000
74.616667,0.00017117
74.633333,0.00000000
74.650000,0.00000000
74.666667,0.00050697
74.683333,0.00001714
74.700000,0.00000000
74.716667,0.00000000
74.733333,0.00023765
74.750000,0.00004808
74.766667,0.00000000
74.783333,0.00000000
74.800000,0.00000000
74.816667,0.00037230
74.833333,0.00000000
74.850000,0.00000000
74.866667,0.00048322
74.883333,0.00086145
74.900000,0.00000000
74.916667,0.00015071
74.933333,0.00000000
74.950000,0.00000000
74.966667,0.00000000
74.983333,0.00037150
75.000000,0.00000000
75.016667,0.00000000
75.033333,0.00000000
75.050000,0.00044143
75.066667,0.00048046
75.083333,0.00047198
75.100000,0.00045695
75.116667,0.00065606
75.133333,0.00000000
75.150000,0.00009747
75.166667,0.00000000
75.183333,0.00000000
75.200000,0.00000000
75.216667,0.00037295
75.233333,0.00083431
75.250000,0.00000000
75.266667,0.00000000
75.283333,0.00004956
75.300000,0.00010906
75.316667,0.00002739
75.333333,0.00010793
75.350000,0.00029394
75.366667,0.00000000
75.383333,0.00000000
75.400000,0.00014377
75.416667,0.00000000
75.433333,0.00037893
75.450000,0.00000000
75.466667,0.00000000
75.483333,0.00000000
75.500000,0.00044074
75.516667,0.00003166
75.533333,0.00000000
75.550000,0.00000000
75.566667,0.00003410
75.583333,0.00060205
75.600000,0.00000000
75.616667,0.00000000
75.633333,0.00038019
75.650000,0.00000000
75.666667,0.00000000
75.683333,0.00131009
75.700000,0.00065313
75.716667,0.00000000
75.733333,0.00000000
75.750000,0.00000000
75.766667,0.00000000
75.783333,0.00052671
75.800000,0.00000000
75.816667,0.00000000
75.833333,0.00060400
75.850000,0.00000000
75.866667,0.00000000
75.883333,0.00044575
75.900000,0.00101121
75.916667,0.00081448
75.933333,0.00049894
75.950000,0.00000000
75.966667,0.00006157
75.983333,0.00137511
76.000000,0.00041461
76.016667,0.00032231
76.033333,0.00000000
76.050000,0.00033798
76.066667,0.00036953
76.083333,0.00000717
76.100000,0.00000000
76.116667,0.00030700
76.133333,0.00017653
76.150000,0.00054646
76.166667,0.00000000
76.183333,0.00043322
76.200000,0.00029241
76.216667,0.00000000
76.233333,0.00000000
76.250000,0.00026638
76.266667,0.00000000
76.283333,0.00026025
76.300000,0.00031490
76.316667,0.00027863
76.333333,0.00000000
76.350000,0.00000000
76.366667,0.00000000
76.383333,0.00000000
76.400000,0.00000000
76.416667,0.00018333
76.433333,0.00000000
76.450000,0.00000000
76.466667,0.00000000
76.483333,0.00012792
76.500000,0.00000000
76.516667,0.00000000
76.533333,0.00005365
76.550000,0.00000000
76.566667,0.00020293
76.583333,0.00000000
76.600000,0.00000000
76.616667,0.00000000
76.633333,0.00085075
76.650000,0.00025300
76.666667,0.00040342
76.683333,0.00000000
76.700000,0.00000000
76.716667,0.00072859
76.733333,0.00000000
76.750000,0.00000000
76.766667,0.00000000
76.783333,0.00000000
76.800000,0.00003261
76.816667,0.00000000
76.833333,0.00000000
76.850000,0.00064667
76.866667,0.00018333
76.883333,0.00000000
76.900000,0.00000000
76.916667,0.00000000
76.933333,0.00000000
76.950000,0.00070822
76.966667,0.00054977
76.983333,0.00039804
77.000000,0.00012835
77.016667,0.00000000
77.033333,0.00000000
77.050000,0.00009315
77.066667,0.00013703
77.083333,0.00045866
77.100000,0.00000000
77.116667,0.00043163
77.133333,0.00000207
77.150000,0.00000000
77.166667,0.00000000
77.183333,0.00000000
77.200000,0.00091038
77.216667,0.00003814
77.233333,0.00037889
77.250000,0.00000000
77.266667,0.00076453
77.283333,0.00000000
77.300000,0.00000000
77.316667,0.00027046
77.333333,0.00024098
77.350000,0.00000000
77.366667,0.00000000
77.383333,0.00000000
77.400000,0.00000000
77.416667,0.00000000
77.433333,0.00016470
77.450000,0.00037040
77.466667,0.00062401
77.483333,0.00000000
77.500000,0.00000000
77.516667,0.00023568
77.533333,0.00000000
77.550000,0.00000000
77.566667,0.00000000
77.583333,0.00023982
77.600000,0.00000000
77.616667,0.00000000
77.633333,0.00040850
77.650000,0.00074967
77.666667,0.00021689
77.683333,0.00025934
77.700000,0.00041194
77.716667,0.00004506
77.733333,0.00050023
77.750000,0.00000000
77.766667,0.00046979
77.783333,0.00073587
77.800000,0.00064713
77.816667,0.00000000
77.833333,0.00000000
77.850000,0.00071715
77.866667,0.00088208
77.883333,0.00008699
77.900000,0.00000000
77.916667,0.00080587
77.933333,0.00000000
77.950000,0.00000000
77.966667,0.00050700
77.983333,0.00000000
78.000000,0.00049564
78.016667,0.00000000
78.033333,0.00000000
78.050000,0.00000000
78.066667,0.00018159
78.083333,0.00013533
78.100000,0.00064712
78.116667,0.00000000
78.133333,0.00000000
78.150000,0.00000000
78.166667,0.00000000
78.183333,0.00006205
78.200000,0.00000000
78.216667,0.00000000
78.233333,0.00050169
78.250000,0.00000000
78.266667,0.00000000
78.283333,0.00004222
78.300000,0.00106267
78.316667,0.00052604
78.333333,0.00000000
78.350000,0.00021347
78.366667,0.00000000
78.383333,0.00020295
78.400000,0.00000000
78.416667,0.00000000
78.433333,0.00101297
78.450000,0.00000000
78.466667,0.00170330
78.483333,0.00017620
78.500000,0.00061861
78.516667,0.00000000
78.533333,0.00000000
78.550000,0.00000000
78.566667,0.00000000
78.583333,0.00022326
78.600000,0.00000000
78.616667,0.00000000
78.633333,0.00023742
78.650000,0.00070816
78.666667,0.00056349
78.683333,0.00000000
78.700000,0.00038432
78.716667,0.00000000
78.733333,0.00000000
78.750000,0.00000000
78.766667,0.00082842
78.783333,0.00000000
78.800000,0.00000000
78.816667,0.00000000
78.833333,0.00000000
78.850000,0.00074142
78.866667,0.00092607
78.883333,0.00000000
78.900000,0.00000000
78.916667,0.00000000
78.933333,0.00052540
78.950000,0.00000000
78.966667,0.00000000
78.983333,0.00023844
79.000000,0.00000000
79.016667,0.00000000
79.033333,0.00000000
79.050000,0.00000000
79.066667,0.00067082
79.083333,0.00023113
79.100000,0.00000151
79.116667,0.00043562
79.133333,0.00000000
79.150000,0.00000000
79.166667,0.00001094
79.183333,0.00006535
79.200000,0.00080642
79.216667,0.00044187
79.233333,0.00016875
79.250000,0.00042576
79.266667,0.00000000
79.283333,0.00096623
79.300000,0.00048254
79.316667,0.00002365
79.333333,0.00068874
79.350000,0.00000000
79.366667,0.00000000
79.383333,0.00000000
79.400000,0.00000000
79.416667,0.00000000
79.433333,0.00007481
79.450000,0.00000000
79.466667,0.00002974
79.483333,0.00121588
79.500000,0.00066839
79.516667,0.00000000
79.533333,0.00000000
79.550000,0.00000000
79.566667,0.00000000
79.583333,0.00104591
79.600000,0.00030390
79.616667,0.00000000
79.633333,0.00000000
79.650000,0.00031665
79.666667,0.00000000
79.683333,0.00010916
79.700000,0.00081969
79.716667,0.00000000
79.733333,0.00078256
79.750000,0.00012829
79.766667,0.00000000
79.783333,0.00000000
79.800000,0.00000000
79.816667,0.00089425
79.833333,0.00043307
79.850000,0.00000000
79.866667,0.00026964
79.883333,0.00071387
79.900000,0.00033230
79.916667,0.00001346
79.933333,0.00026460
79.950000,0.00000000
79.966667,0.00004987
79.983333,0.00000000
80.000000,0.00052088
80.016667,0.00000000
80.033333,0.00025526
80.050000,0.00000000
80.066667,0.00033065
80.083333,0.00000000
80.100000,0.00036754
80.116667,0.00042124
80.133333,0.00000000
80.150000,0.00003151
80.166667,0.00000000
80.183333,0.00000000
80.200000,0.00027852
80.216667,0.00000000
80.233333,0.00062807
80.250000,0.00000000
80.266667,0.00008502
80.283333,0.00000000
80.300000,0.00142419
80.316667,0.00031003
80.333333,0.00045762
80.350000,0.00000000
80.366667,0.00000000
80.383333,0.00000000
80.400000,0.00023600
80.416667,0.00067731
80.433333,0.00000000
80.450000,0.00000000
80.466667,0.00000000
80.483333,0.00112761
80.500000,0.00000000
80.516667,0.00008806
80.533333,0.00000000
80.550000,0.00000000
80.566667,0.00000000
80.583333,0.00052854
80.600000,0.00044118
80.616667,0.00021711
80.633333,0.00000000
80.650000,0.00065891
80.666667,0.00000000
80.683333,0.00006173
80.700000,0.00000000
80.716667,0.00007269
80.733333,0.00000000
80.750000,0.00000000
80.766667,0.00000000
80.783333,0.00060042
80.800000,0.00000000
80.816667,0.00000000
80.833333,0.00054488
80.850000,0.00000000
80.866667,0.00065297
80.883333,0.00000000
80.900000,0.00042463
80.916667,0.00000000
80.933333,0.00012927
80.950000,0.00025746
80.966667,0.00055306
80.983333,0.00059784
81.000000,0.00000000
81.016667,0.00056588
81.033333,0.00000000
81.050000,0.00000000
81.066667,0.00000000
81.083333,0.00052479
81.100000,0.00030790
81.116667,0.00000000
81.133333,0.00000000
81.150000,0.00000000
81.166667,0.00000000
81.183333,0.00018291
81.200000,0.00024938
81.216667,0.00000000
81.233333,0.00000000
81.250000,0.00000000
81.266667,0.00000000
81.283333,0.00000000
81.300000,0.00000000
81.316667,0.00000000
81.333333,0.00033081
81.350000,0.00040821
81.366667,0.00000000
81.383333,0.00000000
81.400000,0.00024542
81.416667,0.00000000
81.433333,0.00050124
81.450000,0.00030042
81.466667,0.00050213
81.483333,0.00083457
81.500000,0.00000000
81.516667,0.00000000
81.533333,0.00000000
81.550000,0.00051146
81.566667,0.00000000
81.583333,0.00000000
81.600000,0.00000000
81.616667,0.00074136
81.633333,0.00108705
81.650000,0.00034731
81.666667,0.00059321
81.683333,0.00000000
81.700000,0.00038864
81.716667,0.00000000
81.733333,0.00065672
81.750000,0.00000000
81.766667,0.00000000
81.783333,0.00000000
81.800000,0.00075704
81.816667,0.00000000
81.833333,0.00034033
81.850000,0.00036939
81.866667,0.00000000
81.883333,0.00000000
81.900000,0.00013745
81.916667,0.00028674
81.933333,0.00000000
81.950000,0.00000000
81.966667,0.00000000
81.983333,0.00000000
82.000000,0.00061123
82.016667,0.00023605
82.033333,0.00000000
82.050000,0.00003188
82.066667,0.00000000
82.083333,0.00000000
82.100000,0.00043256
82.116667,0.00064009
82.133333,0.00000000
82.150000,0.00016625
82.166667,0.00071956
82.183333,0.00008406
82.200000,0.00025912
82.216667,0.00008237
82.233333,0.00087937
82.250000,0.00000000
82.266667,0.00000000
82.283333,0.00010303
82.300000,0.00000000
82.316667,0.00031097
82.333333,0.00014294
82.350000,0.00059412
82.366667,0.00007936
82.383333,0.00078346
82.400000,0.00106112
82.416667,0.00000000
82.433333,0.00101662
82.450000,0.00000000
82.466667,0.00035146
82.483333,0.00000000
82.500000,0.00033435
82.516667,0.00015121
82.533333,0.00000000
82.550000,0.00000000
82.566667,0.00000000
82.583333,0.00019802
82.600000,0.00062565
82.616667,0.00038959
82.633333,0.00002219
82.650000,0.00082727
82.666667,0.00000000
82.683333,0.00000000
82.700000,0.00074198
82.716667,0.00000000
82.733333,0.00003980
82.750000,0.00007406
82.766667,0.00000000
82.783333,0.00016686
82.800000,0.00025495
82.816667,0.00000000
82.833333,0.00046068
82.850000,0.00000000
82.866667,0.00000000
82.883333,0.00003239
82.900000,0.00000000
82.916667,0.00080515
82.933333,0.00000000
82.950000,0.00000000
82.966667,0.00000000
82.983333,0.00048006
83.000000,0.00000000
83.016667,0.00000000
83.033333,0.00051587
83.050000,0.00052377
83.066667,0.00029400
83.083333,0.00000000
83.100000,0.00046995
83.116667,0.00003852
83.133333,0.00023452
83.150000,0.00000000
83.166667,0.00078827
83.183333,0.00020873
83.200000,0.00021682
83.216667,0.00000000
83.233333,0.00000000
83.250000,0.00085678
83.266667,0.00017160
83.283333,0.00000000
83.300000,0.00010943
83.316667,0.00108960
83.333333,0.00000000
83.350000,0.00022871
83.366667,0.00011095
83.383333,0.00000000
83.400000,0.00000000
83.416667,0.00009565
83.433333,0.00015038
83.450000,0.00000000
83.466667,0.00005537
83.483333,0.00043652
83.500000,0.00000000
83.516667,0.00000000
83.533333,0.00040083
83.550000,0.00026370
83.566667,0.00000000
83.583333,0.00057956
83.600000,0.00043453
83.616667,0.00135107
83.633333,0.00000000
83.650000,0.00000000
83.666667,0.00052861
83.683333,0.00000000
83.700000,0.00000000
83.716667,0.00000000
83.733333,0.00000000
83.750000,0.00000000
83.766667,0.00000000
83.783333,0.00000000
83.800000,0.00028749
83.816667,0.00055552
83.833333,0.00055758
83.850000,0.00000000
83.866667,0.00000000
83.883333,0.00000000
83.900000,0.00000000
83.916667,0.00000000
83.933333,0.00000000
83.950000,0.00000000
83.966667,0.00000000
83.983333,0.00000000
84.000000,0.00000000
84.016667,0.00088207
84.033333,0.00000000
84.050000,0.00000000
84.066667,0.00069805
84.083333,0.00058534
84.100000,0.00000000
84.116667,0.00000000
84.133333,0.00002110
84.150000,0.00000000
84.166667,0.00003939
84.183333,0.00010565
84.200000,0.00000000
84.216667,0.00042286
84.233333,0.00000000
84.250000,0.00000000
84.266667,0.00000000
84.283333,0.00018970
84.300000,0.00000000
84.316667,0.00028037
84.333333,0.00012408
84.350000,0.00000000
84.366667,0.00000000
84.383333,0.00091088
84.400000,0.00000000
84.416667,0.00000000
84.433333,0.00000000
84.450000,0.00000000
84.466667,0.00081424
84.483333,0.00031205
84.500000,0.00000000
84.516667,0.00000000
84.533333,0.00000000
84.550000,0.00032469
84.566667,0.00000000
84.583333,0.00048326
84.600000,0.00053642
84.616667,0.00106238
84.633333,0.00039488
84.650000,0.00035245
84.666667,0.00000000
84.683333,0.00001207
84.700000,0.00000000
84.716667,0.00023004
84.733333,0.00000000
84.750000,0.00000000
84.766667,0.00033569
84.783333,0.00082909
84.800000,0.00087933
84.816667,0.00000000
84.833333,0.00000000
84.850000,0.00000000
84.866667,0.00000000
84.883333,0.00000000
84.900000,0.00007644
84.916667,0.00000000
84.933333,0.00051680
84.950000,0.00000996
84.966667,0.00029849
84.983333,0.00000000
85.000000,0.00062583
85.016667,0.00076851
85.033333,0.00002490
85.050000,0.00000000
85.066667,0.00059524
85.083333,0.00068887
85.100000,0.00003493
85.116667,0.00043045
85.133333,0.00000000
85.150000,0.00000000
85.166667,0.00007251
85.183333,0.00000000
85.200000,0.00036092
85.216667,0.00012788
85.233333,0.00000000
85.250000,0.00041673
85.266667,0.00024365
85.283333,0.00000000
85.300000,0.00000000
85.316667,0.00020239
85.333333,0.00000000
85.350000,0.00035234
85.366667,0.00000000
85.383333,0.00025346
85.400000,0.00000000
85.416667,0.00019362
85.433333,0.00000000
85.450000,0.00000000
85.466667,0.00000000
85.483333,0.00046564
85.500000,0.00000000
85.516667,0.00000000
85.533333,0.00026190
85.550000,0.00000000
85.566667,0.00000000
85.583333,0.00000000
85.600000,0.00101088
85.616667,0.00063447
85.633333,0.00000000
85.650000,0.00000000
85.666667,0.00081765
85.683333,0.00000000
85.700000,0.00000000
85.716667,0.00000000
85.733333,0.00000000
85.750000,0.00000000
85.766667,0.00000000
85.783333,0.00000000
85.800000,0.00029606
85.816667,0.00000000
85.833333,0.00018905
85.850000,0.00000000
85.866667,0.00000000
85.883333,0.00000000
85.900000,0.00056314
85.916667,0.00000000
85.933333,0.00078376
85.950000,0.00000000
85.966667,0.00000000
85.983333,0.00000000
86.000000,0.00013862
86.016667,0.00098581
86.033333,0.00000000
86.050000,0.00036657
86.066667,0.00000000
86.083333,0.00005654
86.100000,0.00000000
86.116667,0.00007480
86.133333,0.00000000
86.150000,0.00000000
86.166667,0.00054860
86.183333,0.00035095
86.200000,0.00000000
86.216667,0.00014923
86.233333,0.00000000
86.250000,0.00000000
86.266667,0.00098028
86.283333,0.00045147
86.300000,0.00000000
86.316667,0.00005510
86.333333,0.00000000
86.350000,0.00013938
86.366667,0.00061641
86.383333,0.00000000
86.400000,0.00077683
86.416667,0.00000000
86.433333,0.00097932
86.450000,0.00097291
86.466667,0.00000000
86.483333,0.00000000
86.500000,0.00000000
86.516667,0.00000000
86.533333,0.00070192
86.550000,0.00019281
86.566667,0.00026060
86.583333,0.00000000
86.600000,0.00020689
86.616667,0.00000000
86.633333,0.00000000
86.650000,0.00027191
86.666667,0.00000338
86.683333,0.00044037
86.700000,0.00025287
86.716667,0.00032453
86.733333,0.00018098
86.750000,0.00000000
86.766667,0.00020895
86.783333,0.00000000
86.800000,0.00000000
86.816667,0.00022297
86.833333,0.00000000
86.850000,0.00019502
86.866667,0.00031144
86.883333,0.00000000
86.900000,0.00008348
86.916667,0.00039610
86.933333,0.00087482
86.950000,0.00009221
86.966667,0.00000000
86.983333,0.00000000
87.000000,0.00000000
87.016667,0.00000000
87.033333,0.00000000
87.050000,0.00025783
87.066667,0.00006783
87.083333,0.00000000
87.100000,0.00000000
87.116667,0.00027106
87.133333,0.00000000
87.150000,0.00000000
87.166667,0.00000000
87.183333,0.00013698
87.200000,0.00000000
87.216667,0.00000000
87.233333,0.00000000
87.250000,0.00000000
87.266667,0.00026147
87.283333,0.00084398
87.300000,0.00000000
87.316667,0.00000000
87.333333,0.00009506
87.350000,0.00000000
87.366667,0.00092891
87.383333,0.00000000
87.400000,0.00019008
87.416667,0.00032891
87.433333,0.00037219
87.450000,0.00024681
87.466667,0.00000000
87.483333,0.00077386
87.500000,0.00014956
87.516667,0.00000000
87.533333,0.00025428
87.550000,0.00000289
87.566667,0.00005044
87.583333,0.00001302
87.600000,0.00000000
87.616667,0.00017567
87.633333,0.00000000
87.650000,0.00000000
87.666667,0.00000000
87.683333,0.00058669
87.700000,0.00000000
87.716667,0.00072339
87.733333,0.00000377
87.750000,0.00000000
87.766667,0.00000000
87.783333,0.00052894
87.800000,0.00023893
87.816667,0.00000000
87.833333,0.00000000
87.850000,0.00042029
87.866667,0.00017992
87.883333,0.00000000
87.900000,0.00000000
87.916667,0.00040879
87.933333,0.00009774
87.950000,0.00022483
87.966667,0.00038780
87.983333,0.00006753
88.000000,0.00038622
88.016667,0.00000000
88.033333,0.00034212
88.050000,0.00012816
88.066667,0.00032099
88.083333,0.00000000
88.100000,0.00086501
88.116667,0.00017686
88.133333,0.00000000
88.150000,0.00000000
88.166667,0.00046122
88.183333,0.00000000
88.200000,0.00000000
88.216667,0.00097799
88.233333,0.00000000
88.250000,0.00055079
88.266667,0.00000000
88.283333,0.00010094
88.300000,0.00076212
88.316667,0.00000000
88.333333,0.00000000
88.350000,0.00000000
88.366667,0.00015966
88.383333,0.00000000
88.400000,0.00000000
88.416667,0.00016271
88.433333,0.00000000
88.450000,0.00000000
88.466667,0.00044797
88.483333,0.00000000
88.500000,0.00000000
88.516667,0.00000000
88.533333,0.00000000
88.550000,0.00000000
88.566667,0.00000000
88.583333,0.00000000
88.600000,0.00000000
88.616667,0.00046137
88.633333,0.00000000
88.650000,0.00000000
88.666667,0.00070281
88.683333,0.00000000
88.700000,0.00069672
88.716667,0.00000000
88.733333,0.00000000
88.750000,0.00015979
88.766667,0.00000000
88.783333,0.00000000
88.800000,0.00000000
88.816667,0.00000000
88.833333,0.00000000
88.850000,0.00000000
88.866667,0.00080782
88.883333,0.00015292
88.900000,0.00000000
88.916667,0.00000000
88.933333,0.00035173
88.950000,0.00059276
88.966667,0.00000000
88.983333,0.00000000
89.000000,0.00022161
89.016667,0.00000000
89.033333,0.00040470
89.050000,0.00054548
89.066667,0.00000000
89.083333,0.00000000
89.100000,0.00006901
89.116667,0.00000000
89.133333,0.00000000
89.150000,0.00015275
89.166667,0.00000000
89.183333,0.00000000
89.200000,0.00121477
89.216667,0.00050212
89.233333,0.00031840
89.250000,0.00046771
89.266667,0.00039045
89.283333,0.00002964
89.300000,0.00082948
89.316667,0.00051664
89.333333,0.00000000
89.350000,0.00107325
89.366667,0.00067732
89.383333,0.00000000
89.400000,0.00027653
89.416667,0.00006696
89.433333,0.00144906
89.450000,0.00060711
89.466667,0.00007860
89.483333,0.00000000
89.500000,0.00064631
89.516667,0.00000000
89.533333,0.00000000
89.550000,0.00073215
89.566667,0.00060470
89.583333,0.00000000
89.600000,0.00062765
89.616667,0.00000000
89.633333,0.00000000
89.650000,0.00091582
89.666667,0.00073709
89.683333,0.00000000
89.700000,0.00009198
89.716667,0.00011836
89.733333,0.00068637
89.750000,0.00004129
89.766667,0.00000000
89.783333,0.00062285
89.800000,0.00000000
89.816667,0.00000000
89.833333,0.00051023
89.850000,0.00015637
89.866667,0.00000000
89.883333,0.00056811
89.900000,0.00000000
89.916667,0.00000000
89.933333,0.00000000
89.950000,0.00000000
89.966667,0.00042630
89.983333,0.00044203
90.000000,0.00067283
90.016667,0.00042526
90.033333,0.00000000
90.050000,0.00048725
90.066667,0.00084733
90.083333,0.00013333
90.100000,0.00037677
90.116667,0.00059934
90.133333,0.00050320
90.150000,0.00062760
90.166667,0.00000000
90.183333,0.00021129
90.200000,0.00000000
90.216667,0.00000000
90.233333,0.00006357
90.250000,0.00000000
90.266667,0.00000000
90.283333,0.00022217
90.300000,0.00009112
90.316667,0.00000000
90.333333,0.00003645
90.350000,0.00008599
90.366667,0.00000000
90.383333,0.00050816
90.400000,0.00000000
90.416667,0.00016513
90.433333,0.00000000
90.450000,0.00000000
90.466667,0.00000000
90.483333,0.00000000
90.500000,0.00058209
90.516667,0.00000000
90.533333,0.00000000
90.550000,0.00016841
90.566667,0.00044841
90.583333,0.00000000
90.600000,0.00000000
90.616667,0.00000000
90.633333,0.00000000
90.650000,0.00009288
90.666667,0.00006819
90.683333,0.00017341
90.700000,0.00000000
90.716667,0.00017182
90.733333,0.00029989
90.750000,0.00003191
90.766667,0.00027482
90.783333,0.00061980
90.800000,0.00113356
90.816667,0.00007390
90.833333,0.00054629
90.850000,0.00000000
90.866667,0.00000000
90.883333,0.00026036
90.900000,0.00000000
90.916667,0.00000000
90.933333,0.00000000
90.950000,0.00022182
90.966667,0.00110622
90.983333,0.00005129
91.000000,0.00000000
91.016667,0.00000000
91.033333,0.00000000
91.050000,0.00000000
91.066667,0.00036733
91.083333,0.00000000
91.100000,0.00013272
91.116667,0.00000000
91.133333,0.00000000
91.150000,0.00014276
91.166667,0.00016810
91.183333,0.00083840
91.200000,0.00000000
91.216667,0.00000000
91.233333,0.00065848
91.250000,0.00034618
91.266667,0.00045804
91.283333,0.00047646
91.300000,0.00019963
91.316667,0.00117467
91.333333,0.00000000
91.350000,0.00000000
91.366667,0.00010243
91.383333,0.00000000
91.400000,0.00046058
91.416667,0.00027125
91.433333,0.00010646
91.450000,0.00025498
91.466667,0.00033975
91.483333,0.00000000
91.500000,0.00000000
91.516667,0.00000000
91.533333,0.00000000
91.550000,0.00000000
91.566667,0.00085654
91.583333,0.00086982
91.600000,0.00000000
91.616667,0.00000000
91.633333,0.00000000
91.650000,0.00072884
91.666667,0.00054446
91.683333,0.00000000
91.700000,0.00020260
91.716667,0.00085862
91.733333,0.00014622
91.750000,0.00057719
91.766667,0.00036671
91.783333,0.00045732
91.800000,0.00059592
91.816667,0.00090411
91.833333,0.00032127
91.850000,0.00000000
91.866667,0.00000000
91.883333,0.00000000
91.900000,0.00029592
91.916667,0.00000000
91.933333,0.00039387
91.950000,0.00000000
91.966667,0.00000000
91.983333,0.00028646
92.000000,0.00064577
92.016667,0.00014199
92.033333,0.00000000
92.050000,0.00000000
92.066667,0.00000318
92.083333,0.00000000
92.100000,0.00114925
92.116667,0.00000000
92.133333,0.00061904
92.150000,0.00022734
92.166667,0.00002446
92.183333,0.00000000
92.200000,0.00000000
92.216667,0.00000000
92.233333,0.00000000
92.250000,0.00022318
92.266667,0.00000000
92.283333,0.00038336
92.300000,0.00000000
92.316667,0.00000000
92.333333,0.00000000
92.350000,0.00000000
92.366667,0.00000000
92.383333,0.00005771
92.400000,0.00037828
92.416667,0.00000000
92.433333,0.00000000
92.450000,0.00033444
92.466667,0.00023774
92.483333,0.00002603
92.500000,0.00000000
92.516667,0.00000000
92.533333,0.00042266
92.550000,0.00050313
92.566667,0.00000000
92.583333,0.00155816
92.600000,0.00000000
92.616667,0.00007193
92.633333,0.00000000
92.650000,0.00000000
92.666667,0.00000000
92.683333,0.00000000
92.700000,0.00051345
92.716667,0.00047847
92.733333,0.00000000
92.750000,0.00000000
92.766667,0.00000000
92.783333,0.00059653
92.800000,0.00041217
92.816667,0.00010826
92.833333,0.00000000
92.850000,0.00000000
92.866667,0.00041422
92.883333,0.00000000
92.900000,0.00000000
92.916667,0.00000000
92.933333,0.00019180
92.950000,0.00000000
92.966667,0.00000000
92.983333,0.00000000
93.000000,0.00000000
93.016667,0.00000000
93.033333,0.00000000
93.050000,0.00000000
93.066667,0.00083676
93.083333,0.00000000
93.100000,0.00017474
93.116667,0.00038885
93.133333,0.00084032
93.150000,0.00103055
93.166667,0.00044401
93.183333,0.00000000
93.200000,0.00080814
93.216667,0.00048118
93.233333,0.00001861
93.250000,0.00000000
93.266667,0.00010161
93.283333,0.00005736
93.300000,0.00000000
93.316667,0.00000000
93.333333,0.00000000
93.350000,0.00008979
93.366667,0.00000000
93.383333,0.00000000
93.400000,0.00015237
93.416667,0.00000000
93.433333,0.00000000
93.450000,0.00020464
93.466667,0.00000000
93.483333,0.00062318
93.500000,0.00000000
93.516667,0.00104661
93.533333,0.00000000
93.550000,0.00046963
93.566667,0.00026045
93.583333,0.00000000
93.600000,0.00000000
93.616667,0.00018694
93.633333,0.00000000
93.650000,0.00000000
93.666667,0.00000000
93.683333,0.00082858
93.700000,0.00000000
93.716667,0.00000000
93.733333,0.00025943
93.750000,0.00000000
93.766667,0.00019714
93.783333,0.00000000
93.800000,0.00000000
93.816667,0.00000000
93.833333,0.00000000
93.850000,0.00005719
93.866667,0.00034461
93.883333,0.00008937
93.900000,0.00005879
93.916667,0.00000000
93.933333,0.00000362
93.950000,0.00000000
93.966667,0.00034430
93.983333,0.00000000
94.000000,0.00040994
94.016667,0.00006083
94.033333,0.00000000
94.050000,0.00000000
94.066667,0.00052284
94.083333,0.00010113
94.100000,0.00000000
94.116667,0.00060401
94.133333,0.00012218
94.150000,0.00000000
94.166667,0.00039900
94.183333,0.00000000
94.200000,0.00000000
94.216667,0.00000000
94.233333,0.00002427
94.250000,0.00054719
94.266667,0.00061573
94.283333,0.00034569
94.300000,0.00029342
94.316667,0.00000000
94.333333,0.00000000
94.350000,0.00000000
94.366667,0.00000000
94.383333,0.00037122
94.400000,0.00000000
94.416667,0.00000000
94.433333,0.00003848
94.450000,0.00000000
94.466667,0.00000000
94.483333,0.00032813
94.500000,0.00006535
94.516667,0.00000000
94.533333,0.00009852
94.550000,0.00142427
94.566667,0.00072397
94.583333,0.00064719
94.600000,0.00000000
94.616667,0.00000000
94.633333,0.00016666
94.650000,0.00097002
94.666667,0.00027280
94.683333,0.00068470
94.700000,0.00000000
94.716667,0.00040969
94.733333,0.00000000
94.750000,0.00000000
94.766667,0.00000000
94.783333,0.00041661
94.800000,0.00000000
94.816667,0.00000000
94.833333,0.00000000
94.850000,0.00048645
94.866667,0.00000000
94.883333,0.00084253
94.900000,0.00000000
94.916667,0.00000000
94.933333,0.00071135
94.950000,0.00100507
94.966667,0.00016367
94.983333,0.00072979
95.000000,0.00000000
95.016667,0.00019559
95.033333,0.00000000
95.050000,0.00000632
95.066667,0.00000000
95.083333,0.00000000
95.100000,0.00000000
95.116667,0.00042331
95.133333,0.00000000
95.150000,0.00000000
95.166667,0.00000000
95.183333,0.00022063
95.200000,0.00016541
95.216667,0.00000000
95.233333,0.00000000
95.250000,0.00033030
95.266667,0.00108459
95.283333,0.00000000
95.300000,0.00000000
95.316667,0.00000000
95.333333,0.00000000
95.350000,0.00009915
95.366667,0.00012970
95.383333,0.00000000
95.400000,0.00059045
95.416667,0.00059918
95.433333,0.00000000
95.450000,0.00000000
95.466667,0.00070143
95.483333,0.00000000
95.500000,0.00000000
95.516667,0.00000000
95.533333,0.00022479
95.550000,0.00017948
95.566667,0.00003325
95.583333,0.00000000
95.600000,0.00016346
95.616667,0.00068733
95.633333,0.00073954
95.650000,0.00000000
95.666667,0.00140346
95.683333,0.00000000
95.700000,0.00000000
95.716667,0.00000000
95.733333,0.00000000
95.750000,0.00000000
95.766667,0.00017576
95.783333,0.00042429
95.800000,0.00046345
95.816667,0.00000000
95.833333,0.00000000
95.850000,0.00065070
95.866667,0.00000000
95.883333,0.00032369
95.900000,0.00060006
95.916667,0.00000000
95.933333,0.00000000
95.950000,0.00008016
95.966667,0.00000000
95.983333,0.00023394
96.000000,0.00000000
96.016667,0.00045727
96.033333,0.00000000
96.050000,0.00000000
96.066667,0.00000000
96.083333,0.00000000
96.100000,0.00062917
96.116667,0.00000000
96.133333,0.00042908
96.150000,0.00128163
96.166667,0.00039646
96.183333,0.00065199
96.200000,0.00025581
96.216667,0.00000000
96.233333,0.00000000
96.250000,0.00015055
96.266667,0.00061777
96.283333,0.00000000
96.300000,0.00009103
96.316667,0.00000000
96.333333,0.00000000
96.350000,0.00000000
96.366667,0.00000000
96.383333,0.00060795
96.400000,0.00017534
96.416667,0.00000000
96.433333,0.00088520
96.450000,0.00000000
96.466667,0.00000000
96.483333,0.00060485
96.500000,0.00005786
96.516667,0.00000000
96.533333,0.00000000
96.550000,0.00054981
96.566667,0.00000000
96.583333,0.00000000
96.600000,0.00000000
96.616667,0.00007308
96.633333,0.00000000
96.650000,0.00055143
96.666667,0.00066910
96.683333,0.00039697
96.700000,0.00031280
96.716667,0.00041908
96.733333,0.00000000
96.750000,0.00097630
96.766667,0.00014801
96.783333,0.00032379
96.800000,0.00093082
96.816667,0.00022657
96.833333,0.00106428
96.850000,0.00000000
96.866667,0.00050499
96.883333,0.00042367
96.900000,0.00000000
96.916667,0.00000000
96.933333,0.00035546
96.950000,0.00000000
96.966667,0.00000000
96.983333,0.00000000
97.000000,0.00000000
97.016667,0.00016315
97.033333,0.00000000
97.050000,0.00000000
97.066667,0.00117629
97.083333,0.00000000
97.100000,0.00024289
97.116667,0.00000000
97.133333,0.00000000
97.150000,0.00000000
97.166667,0.00000000
97.183333,0.00083362
97.200000,0.00000000
97.216667,0.00000000
97.233333,0.00008246
97.250000,0.00015383
97.266667,0.00000000
97.283333,0.00000000
97.300000,0.00004662
97.316667,0.00000000
97.333333,0.00000000
97.350000,0.00025397
97.366667,0.00000000
97.383333,0.00000000
97.400000,0.00001415
97.416667,0.00000930
97.433333,0.00015060
97.450000,0.00024523
97.466667,0.00000000
97.483333,0.00016781
97.500000,0.00079888
97.516667,0.00005839
97.533333,0.00028021
97.550000,0.00031216
97.566667,0.00000000
97.583333,0.00027913
97.600000,0.00000000
97.616667,0.00000000
97.633333,0.00010471
97.650000,0.00000000
97.666667,0.00075721
97.683333,0.00000000
97.700000,0.00054102
97.716667,0.00116473
97.733333,0.00023076
97.750000,0.00000000
97.766667,0.00039879
97.783333,0.00000000
97.800000,0.00000000
97.816667,0.00000036
97.833333,0.00000000
97.850000,0.00000000
97.866667,0.00078212
97.883333,0.00000000
97.900000,0.00000000
97.916667,0.00013976
97.933333,0.00027538
97.950000,0.00000000
97.966667,0.00001644
97.983333,0.00045968
98.000000,0.00044652
98.016667,0.00000000
98.033333,0.00001978
98.050000,0.00008834
98.066667,0.00033877
98.083333,0.00000000
98.100000,0.00000000
98.116667,0.00003419
98.133333,0.00004281
98.150000,0.00046771
98.166667,0.00000000
98.183333,0.00000000
98.200000,0.00004960
98.216667,0.00014795
98.233333,0.00000000
98.250000,0.00011635
98.266667,0.00089787
98.283333,0.00089747
98.300000,0.00096940
98.316667,0.00056698
98.333333,0.00000000
98.350000,0.00000000
98.366667,0.00090644
98.383333,0.00096514
98.400000,0.00000000
98.416667,0.00000000
98.433333,0.00000000
98.450000,0.00036664
98.466667,0.00011948
98.483333,0.00000000
98.500000,0.00026688
98.516667,0.00020780
98.533333,0.00039209
98.550000,0.00054032
98.566667,0.00014064
98.583333,0.00074089
98.600000,0.00000000
98.616667,0.00021715
98.633333,0.00000818
98.650000,0.00114360
98.666667,0.00020045
98.683333,0.00054393
98.700000,0.00000000
98.716667,0.00000000
98.733333,0.00012289
98.750000,0.00000000
98.766667,0.00000000
98.783333,0.00000000
98.800000,0.00001549
98.816667,0.00000000
98.833333,0.00000000
98.850000,0.00023407
98.866667,0.00000000
98.883333,0.00011797
98.900000,0.00060319
98.916667,0.00000000
98.933333,0.00004254
98.950000,0.00040949
98.966667,0.00000000
98.983333,0.00092805
99.000000,0.00000000
99.016667,0.00045620
99.033333,0.00019284
99.050000,0.00009942
99.066667,0.00010292
99.083333,0.00000000
99.100000,0.00041765
99.116667,0.00057246
99.133333,0.00000000
99.150000,0.00005514
99.166667,0.00000000
99.183333,0.00003832
99.200000,0.00000000
99.216667,0.00000000
99.233333,0.00000000
99.250000,0.00021702
99.266667,0.00000000
99.283333,0.00000000
99.300000,0.00000000
99.316667,0.00000000
99.333333,0.00039324
99.350000,0.00029956
99.366667,0.00086333
99.383333,0.00091482
99.400000,0.00070734
99.416667,0.00000000
99.433333,0.00000000
99.450000,0.00012369
99.466667,0.00000000
99.483333,0.00075989
99.500000,0.00042940
99.516667,0.00000000
99.533333,0.00000000
99.550000,0.00000000
99.566667,0.00031589
99.583333,0.00000000
99.600000,0.00000000
99.616667,0.00005648
99.633333,0.00000000
99.650000,0.00060816
99.666667,0.00077114
99.683333,0.00000000
99.700000,0.00087037
99.716667,0.00000000
99.733333,0.00000000
99.750000,0.00067778
99.766667,0.00033618
99.783333,0.00000000
99.800000,0.00075959
99.816667,0.00000000
99.833333,0.00000000
99.850000,0.00100331
99.866667,0.00044644
99.883333,0.00000000
99.900000,0.00018229
99.916667,0.00003919
99.933333,0.00027134
99.950000,0.00000000
99.966667,0.00000000
99.983333,0.00000000
100.000000,0.00000000
