time_min,signal
0.000000,0.00004794
0.016667,0.00000000
0.033333,0.00000000
0.050000,0.00076760
0.066667,0.00000000
0.083333,0.00033388
0.100000,0.00005973
0.116667,0.00022173
0.133333,0.00013085
0.150000,0.00000000
0.166667,0.00000674
0.183333,0.00018803
0.200000,0.00037265
0.216667,0.00000000
0.233333,0.00061571
0.250000,0.00005492
0.266667,0.00000000
0.283333,0.00000000
0.300000,0.00006726
0.316667,0.00067316
0.333333,0.00000000
0.350000,0.00009833
0.366667,0.00004646
0.383333,0.00000000
0.400000,0.00001681
0.416667,0.00000000
0.433333,0.00000000
0.450000,0.00000000
0.466667,0.00007408
0.483333,0.00000000
0.500000,0.00049164
0.516667,0.00000000
0.533333,0.00000000
0.550000,0.00000000
0.566667,0.00000000
0.583333,0.00000000
0.600000,0.00000000
0.616667,0.00013832
0.633333,0.00000000
0.650000,0.00082666
0.666667,0.00000000
0.683333,0.00000000
0.700000,0.00087195
0.716667,0.00000000
0.733333,0.00007809
0.750000,0.00004067
0.766667,0.00000000
0.783333,0.00000000
0.800000,0.00000000
0.816667,0.00054867
0.833333,0.00000000
0.850000,0.00001952
0.866667,0.00000000
0.883333,0.00000000
0.900000,0.00000000
0.916667,0.00022265
0.933333,0.00030993
0.950000,0.00000000
0.966667,0.00002550
0.983333,0.00000000
1.000000,0.00000000
1.016667,0.00000000
1.033333,0.00020630
1.050000,0.00000000
1.066667,0.00000000
1.083333,0.00000000
1.100000,0.00000000
1.116667,0.00000000
1.133333,0.00000000
1.150000,0.00000000
1.166667,0.00000000
1.183333,0.00021247
1.200000,0.00019880
1.216667,0.00040815
1.233333,0.00034409
1.250000,0.00030736
1.266667,0.00025964
1.283333,0.00011944
1.300000,0.00000000
1.316667,0.00000299
1.333333,0.00045329
1.350000,0.00000000
1.366667,0.00000000
1.383333,0.00000000
1.400000,0.00000000
1.416667,0.00000000
1.433333,0.00000000
1.450000,0.00000000
1.466667,0.00000000
1.483333,0.00000000
1.500000,0.00000000
1.516667,0.00020181
1.533333,0.00012950
1.550000,0.00056710
1.566667,0.00000000
1.583333,0.00000000
1.600000,0.00000000
1.616667,0.00008796
1.633333,0.00080684
1.650000,0.00002301
1.666667,0.00034406
1.683333,0.00002783
1.700000,0.00000000
1.716667,0.00082468
1.733333,0.00066322
1.750000,0.00042974
1.766667,0.00000000
1.783333,0.00032869
1.800000,0.00000000
1.816667,0.00058839
1.833333,0.00000000
1.850000,0.00000000
1.866667,0.00000000
1.883333,0.00000000
1.900000,0.00000000
1.916667,0.00000000
1.933333,0.00003587
1.950000,0.00000000
1.966667,0.00000000
1.983333,0.00000000
2.000000,0.00000000
2.016667,0.00000000
2.033333,0.00002566
2.050000,0.00048316
2.066667,0.00002053
2.083333,0.00043814
2.100000,0.00015806
2.116667,0.00065196
2.133333,0.00000000
2.150000,0.00000000
2.166667,0.00032311
2.183333,0.00000000
2.200000,0.00000000
2.216667,0.00000000
2.233333,0.00000000
2.250000,0.00000000
2.266667,0.00065965
2.283333,0.00000000
2.300000,0.00000000
2.316667,0.00000000
2.333333,0.00000000
2.350000,0.00023753
2.366667,0.00000000
2.383333,0.00000000
2.400000,0.00050063
2.416667,0.00050427
2.433333,0.00000000
2.450000,0.00000000
2.466667,0.00000000
2.483333,0.00000000
2.500000,0.00000000
2.516667,0.00035002
2.533333,0.00000000
2.550000,0.00000000
2.566667,0.00002330
2.583333,0.00000000
2.600000,0.00000000
2.616667,0.00000000
2.633333,0.00000000
2.650000,0.00000000
2.666667,0.00000000
2.683333,0.00003478
2.700000,0.00000000
2.716667,0.00014876
2.733333,0.00006518
2.750000,0.00000000
2.766667,0.00000000
2.783333,0.00002381
2.800000,0.00004539
2.816667,0.00033216
2.833333,0.00010430
2.850000,0.00000000
2.866667,0.00000000
2.883333,0.00027577
2.900000,0.00000000
2.916667,0.00046109
2.933333,0.00000000
2.950000,0.00001760
2.966667,0.00000000
2.983333,0.00000000
3.000000,0.00000000
3.016667,0.00000000
3.033333,0.00032890
3.050000,0.00064748
3.066667,0.00017325
3.083333,0.00068612
3.100000,0.00047070
3.116667,0.00070994
3.133333,0.00062269
3.150000,0.00228019
3.166667,0.00336467
3.183333,0.00505528
3.200000,0.00691334
3.216667,0.00994256
3.233333,0.01363392
3.250000,0.01850888
3.266667,0.02256288
3.283333,0.02755852
3.300000,0.03235022
3.316667,0.03468996
3.333333,0.03612252
3.350000,0.03735342
3.366667,0.03648570
3.383333,0.03702260
3.400000,0.03375832
3.416667,0.03037748
3.433333,0.02625656
3.450000,0.02077383
3.466667,0.01630851
3.483333,0.01201442
3.500000,0.00884116
3.516667,0.00655462
3.533333,0.00527692
3.550000,0.00353782
3.566667,0.00242082
3.583333,0.00124347
3.600000,0.00099992
3.616667,0.00051399
3.633333,0.00045273
3.650000,0.00022229
3.666667,0.00038715
3.683333,0.00000000
3.700000,0.00014297
3.716667,0.00073182
3.733333,0.00012843
3.750000,0.00013635
3.766667,0.00049792
3.783333,0.00025318
3.800000,0.00068210
3.816667,0.00000000
3.833333,0.00000000
3.850000,0.00030099
3.866667,0.00028587
3.883333,0.00002126
3.900000,0.00000000
3.916667,0.00000000
3.933333,0.00029521
3.950000,0.00000000
3.966667,0.00000000
3.983333,0.00045724
4.000000,0.00060537
4.016667,0.00000000
4.033333,0.00000000
4.050000,0.00000000
4.066667,0.00086817
4.083333,0.00000000
4.100000,0.00000107
4.116667,0.00000000
4.133333,0.00006983
4.150000,0.00000000
4.166667,0.00005018
4.183333,0.00006559
4.200000,0.00000000
4.216667,0.00015212
4.233333,0.00000000
4.250000,0.00000000
4.266667,0.00020977
4.283333,0.00000000
4.300000,0.00002359
4.316667,0.00000000
4.333333,0.00012226
4.350000,0.00045877
4.366667,0.00023208
4.383333,0.00000000
4.400000,0.00000000
4.416667,0.00018399
4.433333,0.00005381
4.450000,0.00000000
4.466667,0.00000000
4.483333,0.00000000
4.500000,0.00000000
4.516667,0.00000000
4.533333,0.00058727
4.550000,0.00000000
4.566667,0.00041682
4.583333,0.00000000
4.600000,0.00022237
4.616667,0.00000000
4.633333,0.00000000
4.650000,0.00001139
4.666667,0.00007658
4.683333,0.00019939
4.700000,0.00000000
4.716667,0.00000000
4.733333,0.00000000
4.750000,0.00054275
4.766667,0.00000000
4.783333,0.00007887
4.800000,0.00004576
4.816667,0.00040290
4.833333,0.00000000
4.850000,0.00000000
4.866667,0.00022879
4.883333,0.00006174
4.900000,0.00020844
4.916667,0.00000000
4.933333,0.00058807
4.950000,0.00000000
4.966667,0.00000000
4.983333,0.00003785
5.000000,0.00000000
5.016667,0.00000000
5.033333,0.00017970
5.050000,0.00016835
5.066667,0.00020242
5.083333,0.00002678
5.100000,0.00017418
5.116667,0.00030879
5.133333,0.00042342
5.150000,0.00000000
5.166667,0.00008079
5.183333,0.00008457
5.200000,0.00000000
5.216667,0.00007307
5.233333,0.00000000
5.250000,0.00000000
5.266667,0.00000000
5.283333,0.00000000
5.300000,0.00051395
5.316667,0.00045703
5.333333,0.00000000
5.350000,0.00000000
5.366667,0.00000000
5.383333,0.00018606
5.400000,0.00045254
5.416667,0.00000000
5.433333,0.00056646
5.450000,0.00000000
5.466667,0.00000000
5.483333,0.00000000
5.500000,0.00025368
5.516667,0.00026908
5.533333,0.00019935
5.550000,0.00000000
5.566667,0.00000000
5.583333,0.00000000
5.600000,0.00000000
5.616667,0.00025220
5.633333,0.00011580
5.650000,0.00005939
5.666667,0.00000000
5.683333,0.00037531
5.700000,0.00011453
5.716667,0.00070517
5.733333,0.00014626
5.750000,0.00000207
5.766667,0.00000000
5.783333,0.00018761
5.800000,0.00056964
5.816667,0.00000000
5.833333,0.00000000
5.850000,0.00007336
5.866667,0.00000000
5.883333,0.00000658
5.900000,0.00000000
5.916667,0.00000000
5.933333,0.00000000
5.950000,0.00000000
5.966667,0.00000000
5.983333,0.00000000
6.000000,0.00050252
6.016667,0.00072499
6.033333,0.00000000
6.050000,0.00000000
6.066667,0.00049024
6.083333,0.00000000
6.100000,0.00000000
6.116667,0.00000000
6.133333,0.00000000
6.150000,0.00034866
6.166667,0.00000000
6.183333,0.00012787
6.200000,0.00021276
6.216667,0.00000000
6.233333,0.00008029
6.250000,0.00000000
6.266667,0.00010493
6.283333,0.00010804
6.300000,0.00061058
6.316667,0.00000000
6.333333,0.00056188
6.350000,0.00000000
6.366667,0.00000000
6.383333,0.00059557
6.400000,0.00000000
6.416667,0.00000000
6.433333,0.00000000
6.450000,0.00017928
6.466667,0.00046614
6.483333,0.00004872
6.500000,0.00056706
6.516667,0.00015659
6.533333,0.00069899
6.550000,0.00000000
6.566667,0.00000000
6.583333,0.00000000
6.600000,0.00019793
6.616667,0.00059620
6.633333,0.00000000
6.650000,0.00031933
6.666667,0.00027514
6.683333,0.00014709
6.700000,0.00000000
6.716667,0.00013438
6.733333,0.00000000
6.750000,0.00020293
6.766667,0.00020153
6.783333,0.00071509
6.800000,0.00013654
6.816667,0.00000000
6.833333,0.00007660
6.850000,0.00026754
6.866667,0.00017408
6.883333,0.00011213
6.900000,0.00000000
6.916667,0.00000000
6.933333,0.00000000
6.950000,0.00045118
6.966667,0.00048489
6.983333,0.00024828
7.000000,0.00013036
7.016667,0.00062089
7.033333,0.00051821
7.050000,0.00000000
7.066667,0.00000000
7.083333,0.00000000
7.100000,0.00067184
7.116667,0.00006716
7.133333,0.00002710
7.150000,0.00033117
7.166667,0.00000000
7.183333,0.00000000
7.200000,0.00013404
7.216667,0.00000000
7.233333,0.00056381
7.250000,0.00000000
7.266667,0.00000000
7.283333,0.00041797
7.300000,0.00000000
7.316667,0.00000000
7.333333,0.00026651
7.350000,0.00010323
7.366667,0.00000000
7.383333,0.00000000
7.400000,0.00000000
7.416667,0.00000000
7.433333,0.00000000
7.450000,0.00000000
7.466667,0.00000000
7.483333,0.00011254
7.500000,0.00000000
7.516667,0.00000000
7.533333,0.00000000
7.550000,0.00009321
7.566667,0.00037757
7.583333,0.00000000
7.600000,0.00019532
7.616667,0.00016661
7.633333,0.00008879
7.650000,0.00005018
7.666667,0.00000000
7.683333,0.00017345
7.700000,0.00023154
7.716667,0.00000000
7.733333,0.00000000
7.750000,0.00000000
7.766667,0.00038762
7.783333,0.00020839
7.800000,0.00006080
7.816667,0.00012168
7.833333,0.00000000
7.850000,0.00000000
7.866667,0.00000000
7.883333,0.00017580
7.900000,0.00000000
7.916667,0.00073547
7.933333,0.00052211
7.950000,0.00044503
7.966667,0.00013476
7.983333,0.00030129
8.000000,0.00000000
8.016667,0.00016468
8.033333,0.00000000
8.050000,0.00001531
8.066667,0.00000000
8.083333,0.00000000
8.100000,0.00000000
8.116667,0.00000000
8.133333,0.00010749
8.150000,0.00028079
8.166667,0.00009748
8.183333,0.00048908
8.200000,0.00000000
8.216667,0.00035498
8.233333,0.00003274
8.250000,0.00053757
8.266667,0.00026076
8.283333,0.00010314
8.300000,0.00016956
8.316667,0.00015529
8.333333,0.00000000
8.350000,0.00000000
8.366667,0.00017577
8.383333,0.00003320
8.400000,0.00000000
8.416667,0.00032379
8.433333,0.00048709
8.450000,0.00041331
8.466667,0.00000000
8.483333,0.00000000
8.500000,0.00000000
8.516667,0.00006280
8.533333,0.00000000
8.550000,0.00000000
8.566667,0.00012934
8.583333,0.00000000
8.600000,0.00000000
8.616667,0.00000000
8.633333,0.00008593
8.650000,0.00000000
8.666667,0.00012079
8.683333,0.00004129
8.700000,0.00000000
8.716667,0.00000000
8.733333,0.00000000
8.750000,0.00000000
8.766667,0.00000000
8.783333,0.00000000
8.800000,0.00037686
8.816667,0.00000000
8.833333,0.00000000
8.850000,0.00000000
8.866667,0.00006887
8.883333,0.00004161
8.900000,0.00000000
8.916667,0.00030379
8.933333,0.00000000
8.950000,0.00015779
8.966667,0.00011669
8.983333,0.00019182
9.000000,0.00029618
9.016667,0.00025468
9.033333,0.00025191
9.050000,0.00019237
9.066667,0.00020777
9.083333,0.00000000
9.100000,0.00063340
9.116667,0.00000000
9.133333,0.00038011
9.150000,0.00000000
9.166667,0.00000000
9.183333,0.00000000
9.200000,0.00029402
9.216667,0.00028294
9.233333,0.00000000
9.250000,0.00039158
9.266667,0.00000000
9.283333,0.00081544
9.300000,0.00000000
9.316667,0.00000000
9.333333,0.00000000
9.350000,0.00041053
9.366667,0.00081971
9.383333,0.00026801
9.400000,0.00000000
9.416667,0.00000000
9.433333,0.00002994
9.450000,0.00046621
9.466667,0.00043602
9.483333,0.00004961
9.500000,0.00025879
9.516667,0.00018188
9.533333,0.00000854
9.550000,0.00043656
9.566667,0.00035075
9.583333,0.00000000
9.600000,0.00000000
9.616667,0.00000000
9.633333,0.00000000
9.650000,0.00044995
9.666667,0.00015332
9.683333,0.00021910
9.700000,0.00000000
9.716667,0.00074576
9.733333,0.00000000
9.750000,0.00090221
9.766667,0.00045099
9.783333,0.00000000
9.800000,0.00000000
9.816667,0.00000000
9.833333,0.00000000
9.850000,0.00036918
9.866667,0.00000000
9.883333,0.00000000
9.900000,0.00003867
9.916667,0.00007401
9.933333,0.00000000
9.950000,0.00000000
9.966667,0.00050056
9.983333,0.00093323
10.000000,0.00022937
10.016667,0.00046928
10.033333,0.00000000
10.050000,0.00012624
10.066667,0.00000000
10.083333,0.00000000
10.100000,0.00042836
10.116667,0.00000000
10.133333,0.00020560
10.150000,0.00000000
10.166667,0.00077485
10.183333,0.00000000
10.200000,0.00033232
10.216667,0.00000000
10.233333,0.00000000
10.250000,0.00031092
10.266667,0.00027453
10.283333,0.00000000
10.300000,0.00019063
10.316667,0.00046414
10.333333,0.00008821
10.350000,0.00037246
10.366667,0.00000000
10.383333,0.00040772
10.400000,0.00000000
10.416667,0.00000000
10.433333,0.00000000
10.450000,0.00000000
10.466667,0.00000000
10.483333,0.00045448
10.500000,0.00000000
10.516667,0.00000000
10.533333,0.00012952
10.550000,0.00009152
10.566667,0.00000000
10.583333,0.00000000
10.600000,0.00077896
10.616667,0.00003153
10.633333,0.00031202
10.650000,0.00055626
10.666667,0.00000000
10.683333,0.00027051
10.700000,0.00000000
10.716667,0.00000000
10.733333,0.00000000
10.750000,0.00000000
10.766667,0.00020288
10.783333,0.00019226
10.800000,0.00008971
10.816667,0.00009175
10.833333,0.00000000
10.850000,0.00000000
10.866667,0.00020686
10.883333,0.00000000
10.900000,0.00018506
10.916667,0.00000000
10.933333,0.00000000
10.950000,0.00006482
10.966667,0.00056675
10.983333,0.00005257
11.000000,0.00000000
11.016667,0.00012941
11.033333,0.00044546
11.050000,0.00024223
11.066667,0.00000000
11.083333,0.00007449
11.100000,0.00000000
11.116667,0.00000000
11.133333,0.00001034
11.150000,0.00010347
11.166667,0.00000000
11.183333,0.00000000
11.200000,0.00008314
11.216667,0.00000000
11.233333,0.00000000
11.250000,0.00000000
11.266667,0.00075339
11.283333,0.00109071
11.300000,0.00084161
11.316667,0.00000000
11.333333,0.00000000
11.350000,0.00036704
11.366667,0.00000000
11.383333,0.00000000
11.400000,0.00000000
11.416667,0.00000000
11.433333,0.00029962
11.450000,0.00050847
11.466667,0.00028353
11.483333,0.00049229
11.500000,0.00071830
11.516667,0.00000000
11.533333,0.00095100
11.550000,0.00000000
11.566667,0.00000000
11.583333,0.00000000
11.600000,0.00000000
11.616667,0.00000000
11.633333,0.00040608
11.650000,0.00053017
11.666667,0.00000000
11.683333,0.00049398
11.700000,0.00027329
11.716667,0.00000000
11.733333,0.00000000
11.750000,0.00014768
11.766667,0.00054827
11.783333,0.00002297
11.800000,0.00002639
11.816667,0.00004600
11.833333,0.00000000
11.850000,0.00000000
11.866667,0.00012130
11.883333,0.00018091
11.900000,0.00028308
11.916667,0.00051174
11.933333,0.00020973
11.950000,0.00004529
11.966667,0.00000000
11.983333,0.00047872
12.000000,0.00007031
12.016667,0.00000000
12.033333,0.00000000
12.050000,0.00000000
12.066667,0.00061902
12.083333,0.00005845
12.100000,0.00000000
12.116667,0.00000000
12.133333,0.00048483
12.150000,0.00000000
12.166667,0.00010382
12.183333,0.00000000
12.200000,0.00009074
12.216667,0.00049595
12.233333,0.00000000
12.250000,0.00000000
12.266667,0.00018248
12.283333,0.00033799
12.300000,0.00000000
12.316667,0.00000000
12.333333,0.00000000
12.350000,0.00000000
12.366667,0.00000000
12.383333,0.00035441
12.400000,0.00011989
12.416667,0.00006317
12.433333,0.00015609
12.450000,0.00000000
12.466667,0.00042138
12.483333,0.00000000
12.500000,0.00010395
12.516667,0.00040993
12.533333,0.00023949
12.550000,0.00055014
12.566667,0.00000000
12.583333,0.00063147
12.600000,0.00018909
12.616667,0.00000000
12.633333,0.00000000
12.650000,0.00000000
12.666667,0.00026540
12.683333,0.00005854
12.700000,0.00017706
12.716667,0.00019824
12.733333,0.00000000
12.750000,0.00038001
12.766667,0.00061296
12.783333,0.00000000
12.800000,0.00067483
12.816667,0.00000000
12.833333,0.00011382
12.850000,0.00000000
12.866667,0.00001443
12.883333,0.00000000
12.900000,0.00000000
12.916667,0.00000000
12.933333,0.00000000
12.950000,0.00031889
12.966667,0.00000000
12.983333,0.00000000
13.000000,0.00081775
13.016667,0.00062093
13.033333,0.00000000
13.050000,0.00000000
13.066667,0.00001146
13.083333,0.00000000
13.100000,0.00021183
13.116667,0.00003706
13.133333,0.00014949
13.150000,0.00000000
13.166667,0.00000000
13.183333,0.00000000
13.200000,0.00002493
13.216667,0.00012409
13.233333,0.00083711
13.250000,0.00018294
13.266667,0.00026957
13.283333,0.00000000
13.300000,0.00062105
13.316667,0.00027438
13.333333,0.00030223
13.350000,0.00031181
13.366667,0.00023438
13.383333,0.00000000
13.400000,0.00065749
13.416667,0.00002389
13.433333,0.00000000
13.450000,0.00000000
13.466667,0.00000000
13.483333,0.00000000
13.500000,0.00024777
13.516667,0.00065624
13.533333,0.00000000
13.550000,0.00001512
13.566667,0.00018649
13.583333,0.00031870
13.600000,0.00001552
13.616667,0.00000000
13.633333,0.00069699
13.650000,0.00000000
13.666667,0.00000000
13.683333,0.00000000
13.700000,0.00000000
13.716667,0.00015613
13.733333,0.00004982
13.750000,0.00000000
13.766667,0.00005909
13.783333,0.00010426
13.800000,0.00084421
13.816667,0.00012793
13.833333,0.00000000
13.850000,0.00000000
13.866667,0.00000000
13.883333,0.00000000
13.900000,0.00000000
13.916667,0.00000000
13.933333,0.00023286
13.950000,0.00012516
13.966667,0.00038516
13.983333,0.00004004
14.000000,0.00050337
14.016667,0.00000000
14.033333,0.00004256
14.050000,0.00009200
14.066667,0.00000000
14.083333,0.00000000
14.100000,0.00018607
14.116667,0.00004855
14.133333,0.00000000
14.150000,0.00000000
14.166667,0.00000000
14.183333,0.00003354
14.200000,0.00007660
14.216667,0.00000000
14.233333,0.00000000
14.250000,0.00001189
14.266667,0.00000000
14.283333,0.00000000
14.300000,0.00000000
14.316667,0.00006629
14.333333,0.00000000
14.350000,0.00000000
14.366667,0.00002908
14.383333,0.00027557
14.400000,0.00025672
14.416667,0.00064075
14.433333,0.00000000
14.450000,0.00000000
14.466667,0.00001104
14.483333,0.00024870
14.500000,0.00000000
14.516667,0.00000000
14.533333,0.00031483
14.550000,0.00000000
14.566667,0.00000000
14.583333,0.00014395
14.600000,0.00000000
14.616667,0.00013904
14.633333,0.00000000
14.650000,0.00000000
14.666667,0.00084686
14.683333,0.00009225
14.700000,0.00007270
14.716667,0.00027873
14.733333,0.00006555
14.750000,0.00026759
14.766667,0.00032977
14.783333,0.00000000
14.800000,0.00000000
14.816667,0.00014195
14.833333,0.00057994
14.850000,0.00021819
14.866667,0.00000000
14.883333,0.00010239
14.900000,0.00000000
14.916667,0.00022771
14.933333,0.00000000
14.950000,0.00041641
14.966667,0.00000000
14.983333,0.00000000
15.000000,0.00000573
15.016667,0.00000000
15.033333,0.00040609
15.050000,0.00000000
15.066667,0.00077065
15.083333,0.00009166
15.100000,0.00063652
15.116667,0.00021674
15.133333,0.00000000
15.150000,0.00006952
15.166667,0.00044739
15.183333,0.00010467
15.200000,0.00000000
15.216667,0.00000000
15.233333,0.00013899
15.250000,0.00000000
15.266667,0.00006384
15.283333,0.00000000
15.300000,0.00045090
15.316667,0.00000000
15.333333,0.00025051
15.350000,0.00000000
15.366667,0.00043995
15.383333,0.00004229
15.400000,0.00000000
15.416667,0.00000000
15.433333,0.00039602
15.450000,0.00000000
15.466667,0.00005698
15.483333,0.00003596
15.500000,0.00014215
15.516667,0.00006848
15.533333,0.00000000
15.550000,0.00000000
15.566667,0.00000000
15.583333,0.00035820
15.600000,0.00089943
15.616667,0.00001401
15.633333,0.00002245
15.650000,0.00000000
15.666667,0.00001848
15.683333,0.00092992
15.700000,0.00000356
15.716667,0.00000000
15.733333,0.00002535
15.750000,0.00000000
15.766667,0.00000000
15.783333,0.00000000
15.800000,0.00000000
15.816667,0.00000000
15.833333,0.00015464
15.850000,0.00000000
15.866667,0.00012014
15.883333,0.00071857
15.900000,0.00006641
15.916667,0.00000000
15.933333,0.00010311
15.950000,0.00070415
15.966667,0.00000000
15.983333,0.00011861
16.000000,0.00035871
16.016667,0.00000000
16.033333,0.00000000
16.050000,0.00000000
16.066667,0.00029021
16.083333,0.00000000
16.100000,0.00000000
16.116667,0.00000000
16.133333,0.00021516
16.150000,0.00003485
16.166667,0.00000000
16.183333,0.00000000
16.200000,0.00044882
16.216667,0.00000000
16.233333,0.00001703
16.250000,0.00026570
16.266667,0.00000000
16.283333,0.00000000
16.300000,0.00008945
16.316667,0.00005892
16.333333,0.00000000
16.350000,0.00002124
16.366667,0.00052692
16.383333,0.00000000
16.400000,0.00000000
16.416667,0.00008079
16.433333,0.00004615
16.450000,0.00019621
16.466667,0.00006378
16.483333,0.00055145
16.500000,0.00006697
16.516667,0.00019398
16.533333,0.00000000
16.550000,0.00000000
16.566667,0.00000000
16.583333,0.00000000
16.600000,0.00013787
16.616667,0.00000000
16.633333,0.00036201
16.650000,0.00030792
16.666667,0.00087782
16.683333,0.00020598
16.700000,0.00000000
16.716667,0.00027094
16.733333,0.00019537
16.750000,0.00000000
16.766667,0.00000000
16.783333,0.00029831
16.800000,0.00000000
16.816667,0.00000000
16.833333,0.00000000
16.850000,0.00000000
16.866667,0.00000000
16.883333,0.00000000
16.900000,0.00000000
16.916667,0.00021073
16.933333,0.00013390
16.950000,0.00033771
16.966667,0.00070141
16.983333,0.00060587
17.000000,0.00001045
17.016667,0.00040285
17.033333,0.00000000
17.050000,0.00071749
17.066667,0.00038744
17.083333,0.00000000
17.100000,0.00000000
17.116667,0.00034471
17.133333,0.00000000
17.150000,0.00000000
17.166667,0.00000000
17.183333,0.00033267
17.200000,0.00000000
17.216667,0.00000000
17.233333,0.00000000
17.250000,0.00000000
17.266667,0.00007651
17.283333,0.00000000
17.300000,0.00011038
17.316667,0.00047292
17.333333,0.00000000
17.350000,0.00075513
17.366667,0.00000000
17.383333,0.00015287
17.400000,0.00000000
17.416667,0.00045187
17.433333,0.00035521
17.450000,0.00000000
17.466667,0.00036370
17.483333,0.00012371
17.500000,0.00000000
17.516667,0.00036969
17.533333,0.00000000
17.550000,0.00048934
17.566667,0.00081380
17.583333,0.00007731
17.600000,0.00000733
17.616667,0.00038032
17.633333,0.00000000
17.650000,0.00017985
17.666667,0.00001161
17.683333,0.00000000
17.700000,0.00000000
17.716667,0.00000000
17.733333,0.00041672
17.750000,0.00021274
17.766667,0.00000000
17.783333,0.00013895
17.800000,0.00048835
17.816667,0.00001445
17.833333,0.00030322
17.850000,0.00038155
17.866667,0.00005967
17.883333,0.00010242
17.900000,0.00096455
17.916667,0.00000000
17.933333,0.00003789
17.950000,0.00000000
17.966667,0.00000000
17.983333,0.00000000
18.000000,0.00049644
18.016667,0.00000000
18.033333,0.00000000
18.050000,0.00000000
18.066667,0.00000000
18.083333,0.00000000
18.100000,0.00000000
18.116667,0.00000000
18.133333,0.00008825
18.150000,0.00000000
18.166667,0.00035829
18.183333,0.00000000
18.200000,0.00005997
18.216667,0.00015786
18.233333,0.00051523
18.250000,0.00074005
18.266667,0.00021900
18.283333,0.00020140
18.300000,0.00000000
18.316667,0.00000000
18.333333,0.00000000
18.350000,0.00076326
18.366667,0.00081636
18.383333,0.00021942
18.400000,0.00019030
18.416667,0.00000000
18.433333,0.00006304
18.450000,0.00000000
18.466667,0.00012559
18.483333,0.00000000
18.500000,0.00065091
18.516667,0.00000000
18.533333,0.00000000
18.550000,0.00000000
18.566667,0.00003626
18.583333,0.00000000
18.600000,0.00009979
18.616667,0.00012538
18.633333,0.00000000
18.650000,0.00000000
18.666667,0.00034895
18.683333,0.00021499
18.700000,0.00000000
18.716667,0.00067093
18.733333,0.00028634
18.750000,0.00000000
18.766667,0.00044170
18.783333,0.00008893
18.800000,0.00000000
18.816667,0.00000000
18.833333,0.00000000
18.850000,0.00000000
18.866667,0.00000000
18.883333,0.00000000
18.900000,0.00013304
18.916667,0.00023819
18.933333,0.00031007
18.950000,0.00000000
18.966667,0.00000000
18.983333,0.00000000
19.000000,0.00000000
19.016667,0.00000000
19.033333,0.00000000
19.050000,0.00009888
19.066667,0.00043594
19.083333,0.00000857
19.100000,0.00000000
19.116667,0.00000000
19.133333,0.00000000
19.150000,0.00004499
19.166667,0.00000000
19.183333,0.00000000
19.200000,0.00006944
19.216667,0.00000000
19.233333,0.00000000
19.250000,0.00000000
19.266667,0.00009287
19.283333,0.00007176
19.300000,0.00023491
19.316667,0.00027915
19.333333,0.00080324
19.350000,0.00000000
19.366667,0.00000000
19.383333,0.00000000
19.400000,0.00007970
19.416667,0.00024784
19.433333,0.00000000
19.450000,0.00000000
19.466667,0.00000000
19.483333,0.00000000
19.500000,0.00000000
19.516667,0.00000000
19.533333,0.00000000
19.550000,0.00030662
19.566667,0.00000000
19.583333,0.00012389
19.600000,0.00000000
19.616667,0.00000000
19.633333,0.00000000
19.650000,0.00000000
19.666667,0.00017532
19.683333,0.00100149
19.700000,0.00055800
19.716667,0.00000000
19.733333,0.00000000
19.750000,0.00000000
19.766667,0.00000000
19.783333,0.00000000
19.800000,0.00000000
19.816667,0.00000000
19.833333,0.00000000
19.850000,0.00042997
19.866667,0.00066778
19.883333,0.00014227
19.900000,0.00010978
19.916667,0.00000000
19.933333,0.00018350
19.950000,0.00005528
19.966667,0.00000000
19.983333,0.00000000
20.000000,0.00000000
20.016667,0.00008271
20.033333,0.00008686
20.050000,0.00003531
20.066667,0.00000000
20.083333,0.00007083
20.100000,0.00000000
20.116667,0.00032028
20.133333,0.00012537
20.150000,0.00000000
20.166667,0.00000000
20.183333,0.00000000
20.200000,0.00000000
20.216667,0.00000000
20.233333,0.00011506
20.250000,0.00000000
20.266667,0.00000000
20.283333,0.00000000
20.300000,0.00042988
20.316667,0.00002905
20.333333,0.00000000
20.350000,0.00000000
20.366667,0.00008754
20.383333,0.00000000
20.400000,0.00038727
20.416667,0.00000000
20.433333,0.00016885
20.450000,0.00034297
20.466667,0.00000000
20.483333,0.00000000
20.500000,0.00044542
20.516667,0.00000000
20.533333,0.00000000
20.550000,0.00000000
20.566667,0.00016960
20.583333,0.00003873
20.600000,0.00025636
20.616667,0.00000000
20.633333,0.00051612
20.650000,0.00000000
20.666667,0.00009558
20.683333,0.00023668
20.700000,0.00000000
20.716667,0.00036705
20.733333,0.00055029
20.750000,0.00000000
20.766667,0.00000000
20.783333,0.00017518
20.800000,0.00010834
20.816667,0.00005411
20.833333,0.00000000
20.850000,0.00034756
20.866667,0.00000000
20.883333,0.00000000
20.900000,0.00022556
20.916667,0.00007436
20.933333,0.00024336
20.950000,0.00006824
20.966667,0.00008966
20.983333,0.00012947
21.000000,0.00000000
21.016667,0.00000000
21.033333,0.00063787
21.050000,0.00058103
21.066667,0.00000000
21.083333,0.00051664
21.100000,0.00052320
21.116667,0.00074706
21.133333,0.00017813
21.150000,0.00000000
21.166667,0.00031598
21.183333,0.00000000
21.200000,0.00000000
21.216667,0.00000000
21.233333,0.00087860
21.250000,0.00030139
21.266667,0.00026394
21.283333,0.00000000
21.300000,0.00040630
21.316667,0.00000000
21.333333,0.00093831
21.350000,0.00041476
21.366667,0.00032738
21.383333,0.00034975
21.400000,0.00052109
21.416667,0.00000000
21.433333,0.00000000
21.450000,0.00000000
21.466667,0.00030614
21.483333,0.00037117
21.500000,0.00042063
21.516667,0.00000000
21.533333,0.00000000
21.550000,0.00000000
21.566667,0.00019558
21.583333,0.00060250
21.600000,0.00010484
21.616667,0.00000007
21.633333,0.00088954
21.650000,0.00001175
21.666667,0.00003219
21.683333,0.00000000
21.700000,0.00093060
21.716667,0.00000000
21.733333,0.00000000
21.750000,0.00000000
21.766667,0.00000000
21.783333,0.00000000
21.800000,0.00000000
21.816667,0.00000000
21.833333,0.00000000
21.850000,0.00000000
21.866667,0.00000000
21.883333,0.00019903
21.900000,0.00043238
21.916667,0.00088552
21.933333,0.00000000
21.950000,0.00000000
21.966667,0.00009064
21.983333,0.00023631
22.000000,0.00000000
22.016667,0.00000000
22.033333,0.00007308
22.050000,0.00000000
22.066667,0.00000000
22.083333,0.00000000
22.100000,0.00005511
22.116667,0.00013274
22.133333,0.00000000
22.150000,0.00000000
22.166667,0.00045953
22.183333,0.00021417
22.200000,0.00065536
22.216667,0.00027053
22.233333,0.00000000
22.250000,0.00075746
22.266667,0.00000000
22.283333,0.00000000
22.300000,0.00021451
22.316667,0.00000000
22.333333,0.00027149
22.350000,0.00068403
22.366667,0.00000000
22.383333,0.00000000
22.400000,0.00000000
22.416667,0.00033116
22.433333,0.00000000
22.450000,0.00021179
22.466667,0.00000000
22.483333,0.00000000
22.500000,0.00000000
22.516667,0.00000000
22.533333,0.00000000
22.550000,0.00012889
22.566667,0.00000000
22.583333,0.00000000
22.600000,0.00037912
22.616667,0.00000000
22.633333,0.00000000
22.650000,0.00000000
22.666667,0.00026834
22.683333,0.00000000
22.700000,0.00000000
22.716667,0.00000000
22.733333,0.00000000
22.750000,0.00000000
22.766667,0.00000000
22.783333,0.00000000
22.800000,0.00000000
22.816667,0.00018878
22.833333,0.00046256
22.850000,0.00000000
22.866667,0.00000000
22.883333,0.00000000
22.900000,0.00000000
22.916667,0.00000000
22.933333,0.00000000
22.950000,0.00021013
22.966667,0.00000000
22.983333,0.00005589
23.000000,0.00000000
23.016667,0.00006092
23.033333,0.00000000
23.050000,0.00000000
23.066667,0.00035302
23.083333,0.00000000
23.100000,0.00004979
23.116667,0.00048537
23.133333,0.00000000
23.150000,0.00017826
23.166667,0.00060145
23.183333,0.00039069
23.200000,0.00000000
23.216667,0.00000000
23.233333,0.00009246
23.250000,0.00017037
23.266667,0.00000000
23.283333,0.00011275
23.300000,0.00023432
23.316667,0.00001515
23.333333,0.00000000
23.350000,0.00009253
23.366667,0.00000000
23.383333,0.00000000
23.400000,0.00022712
23.416667,0.00000000
23.433333,0.00000000
23.450000,0.00000000
23.466667,0.00026098
23.483333,0.00041372
23.500000,0.00000000
23.516667,0.00005841
23.533333,0.00000000
23.550000,0.00085116
23.566667,0.00007153
23.583333,0.00000000
23.600000,0.00048335
23.616667,0.00006563
23.633333,0.00019835
23.650000,0.00028665
23.666667,0.00038561
23.683333,0.00001347
23.700000,0.00052162
23.716667,0.00000000
23.733333,0.00000000
23.750000,0.00030219
23.766667,0.00000000
23.783333,0.00031849
23.800000,0.00060198
23.816667,0.00031746
23.833333,0.00000000
23.850000,0.00020141
23.866667,0.00000000
23.883333,0.00056154
23.900000,0.00001752
23.916667,0.00000520
23.933333,0.00000000
23.950000,0.00005579
23.966667,0.00028678
23.983333,0.00000000
24.000000,0.00037850
24.016667,0.00046422
24.033333,0.00000000
24.050000,0.00000000
24.066667,0.00004463
24.083333,0.00005257
24.100000,0.00006206
24.116667,0.00033246
24.133333,0.00065976
24.150000,0.00037786
24.166667,0.00000000
24.183333,0.00000000
24.200000,0.00002471
24.216667,0.00000000
24.233333,0.00000000
24.250000,0.00000000
24.266667,0.00045513
24.283333,0.00010828
24.300000,0.00000000
24.316667,0.00000000
24.333333,0.00000000
24.350000,0.00045035
24.366667,0.00024483
24.383333,0.00018351
24.400000,0.00000000
24.416667,0.00000000
24.433333,0.00000000
24.450000,0.00034262
24.466667,0.00000000
24.483333,0.00000000
24.500000,0.00053804
24.516667,0.00000000
24.533333,0.00001170
24.550000,0.00000000
24.566667,0.00000000
24.583333,0.00000000
24.600000,0.00000000
24.616667,0.00000000
24.633333,0.00052568
24.650000,0.00018995
24.666667,0.00002504
24.683333,0.00074097
24.700000,0.00000000
24.716667,0.00007235
24.733333,0.00008102
24.750000,0.00000000
24.766667,0.00000000
24.783333,0.00072897
24.800000,0.00000000
24.816667,0.00001730
24.833333,0.00004816
24.850000,0.00000000
24.866667,0.00025047
24.883333,0.00000000
24.900000,0.00000895
24.916667,0.00008488
24.933333,0.00000000
24.950000,0.00000000
24.966667,0.00000000
24.983333,0.00010986
25.000000,0.00000000
25.016667,0.00042255
25.033333,0.00000000
25.050000,0.00000000
25.066667,0.00049249
25.083333,0.00000000
25.100000,0.00000000
25.116667,0.00018401
25.133333,0.00026545
25.150000,0.00000000
25.166667,0.00028739
25.183333,0.00036053
25.200000,0.00048555
25.216667,0.00041102
25.233333,0.00055155
25.250000,0.00029394
25.266667,0.00000000
25.283333,0.00000000
25.300000,0.00000000
25.316667,0.00053288
25.333333,0.00000000
25.350000,0.00005578
25.366667,0.00038628
25.383333,0.00000000
25.400000,0.00008467
25.416667,0.00000000
25.433333,0.00000000
25.450000,0.00058059
25.466667,0.00000000
25.483333,0.00032725
25.500000,0.00032795
25.516667,0.00000000
25.533333,0.00019499
25.550000,0.00000000
25.566667,0.00021421
25.583333,0.00000000
25.600000,0.00000000
25.616667,0.00000000
25.633333,0.00007109
25.650000,0.00000000
25.666667,0.00000000
25.683333,0.00000000
25.700000,0.00026908
25.716667,0.00000000
25.733333,0.00040798
25.750000,0.00038920
25.766667,0.00019761
25.783333,0.00000000
25.800000,0.00000000
25.816667,0.00000000
25.833333,0.00000000
25.850000,0.00000000
25.866667,0.00038499
25.883333,0.00000000
25.900000,0.00015383
25.916667,0.00005874
25.933333,0.00000000
25.950000,0.00065607
25.966667,0.00000000
25.983333,0.00025594
26.000000,0.00000000
26.016667,0.00036537
26.033333,0.00000000
26.050000,0.00026815
26.066667,0.00000000
26.083333,0.00000000
26.100000,0.00005508
26.116667,0.00037994
26.133333,0.00004758
26.150000,0.00007942
26.166667,0.00000000
26.183333,0.00059072
26.200000,0.00000000
26.216667,0.00017773
26.233333,0.00024208
26.250000,0.00000000
26.266667,0.00000000
26.283333,0.00000000
26.300000,0.00000000
26.316667,0.00039560
26.333333,0.00000000
26.350000,0.00039104
26.366667,0.00019328
26.383333,0.00017189
26.400000,0.00000000
26.416667,0.00019019
26.433333,0.00006072
26.450000,0.00012582
26.466667,0.00024818
26.483333,0.00013896
26.500000,0.00041334
26.516667,0.00000000
26.533333,0.00000000
26.550000,0.00064538
26.566667,0.00000350
26.583333,0.00002152
26.600000,0.00092519
26.616667,0.00038241
26.633333,0.00000000
26.650000,0.00000000
26.666667,0.00000000
26.683333,0.00000000
26.700000,0.00016544
26.716667,0.00000000
26.733333,0.00010834
26.750000,0.00000000
26.766667,0.00040287
26.783333,0.00003777
26.800000,0.00035046
26.816667,0.00025936
26.833333,0.00000000
26.850000,0.00004853
26.866667,0.00000000
26.883333,0.00025281
26.900000,0.00000000
26.916667,0.00000000
26.933333,0.00038121
26.950000,0.00011348
26.966667,0.00000000
26.983333,0.00000000
27.000000,0.00000000
27.016667,0.00011528
27.033333,0.00000000
27.050000,0.00018103
27.066667,0.00000000
27.083333,0.00000000
27.100000,0.00000000
27.116667,0.00000000
27.133333,0.00012966
27.150000,0.00085470
27.166667,0.00082883
27.183333,0.00000000
27.200000,0.00000000
27.216667,0.00000000
27.233333,0.00000000
27.250000,0.00005482
27.266667,0.00034641
27.283333,0.00000000
27.300000,0.00000000
27.316667,0.00051015
27.333333,0.00000000
27.350000,0.00000000
27.366667,0.00031800
27.383333,0.00000000
27.400000,0.00000000
27.416667,0.00000000
27.433333,0.00043568
27.450000,0.00000000
27.466667,0.00047510
27.483333,0.00000000
27.500000,0.00048109
27.516667,0.00000000
27.533333,0.00000000
27.550000,0.00000000
27.566667,0.00000000
27.583333,0.00000000
27.600000,0.00000000
27.616667,0.00087689
27.633333,0.00000000
27.650000,0.00030812
27.666667,0.00032042
27.683333,0.00000000
27.700000,0.00000000
27.716667,0.00000000
27.733333,0.00024043
27.750000,0.00000000
27.766667,0.00000000
27.783333,0.00000000
27.800000,0.00000000
27.816667,0.00073922
27.833333,0.00000000
27.850000,0.00062808
27.866667,0.00009629
27.883333,0.00000000
27.900000,0.00009205
27.916667,0.00000000
27.933333,0.00000000
27.950000,0.00022327
27.966667,0.00023208
27.983333,0.00069604
28.000000,0.00000000
28.016667,0.00000000
28.033333,0.00057083
28.050000,0.00000000
28.066667,0.00000000
28.083333,0.00014630
28.100000,0.00043706
28.116667,0.00000000
28.133333,0.00000000
28.150000,0.00023326
28.166667,0.00003870
28.183333,0.00022688
28.200000,0.00000000
28.216667,0.00011434
28.233333,0.00030827
28.250000,0.00040259
28.266667,0.00018985
28.283333,0.00000000
28.300000,0.00036150
28.316667,0.00006790
28.333333,0.00000000
28.350000,0.00004829
28.366667,0.00000000
28.383333,0.00013670
28.400000,0.00027033
28.416667,0.00049720
28.433333,0.00000000
28.450000,0.00000000
28.466667,0.00003444
28.483333,0.00000000
28.500000,0.00004097
28.516667,0.00000000
28.533333,0.00000000
28.550000,0.00000000
28.566667,0.00000000
28.583333,0.00000000
28.600000,0.00000000
28.616667,0.00009444
28.633333,0.00039385
28.650000,0.00018324
28.666667,0.00011934
28.683333,0.00000000
28.700000,0.00022508
28.716667,0.00020539
28.733333,0.00009134
28.750000,0.00070188
28.766667,0.00000000
28.783333,0.00000000
28.800000,0.00015222
28.816667,0.00016517
28.833333,0.00000000
28.850000,0.00000000
28.866667,0.00034619
28.883333,0.00000000
28.900000,0.00000000
28.916667,0.00000000
28.933333,0.00000000
28.950000,0.00000000
28.966667,0.00058195
28.983333,0.00044535
29.000000,0.00000000
29.016667,0.00041072
29.033333,0.00000000
29.050000,0.00000000
29.066667,0.00000000
29.083333,0.00043508
29.100000,0.00016782
29.116667,0.00000000
29.133333,0.00000000
29.150000,0.00033093
29.166667,0.00000000
29.183333,0.00000000
29.200000,0.00072958
29.216667,0.00000588
29.233333,0.00012952
29.250000,0.00000000
29.266667,0.00000000
29.283333,0.00002108
29.300000,0.00017481
29.316667,0.00000000
29.333333,0.00000000
29.350000,0.00000000
29.366667,0.00063585
29.383333,0.00010087
29.400000,0.00004737
29.416667,0.00021596
29.433333,0.00000000
29.450000,0.00000000
29.466667,0.00000000
29.483333,0.00074155
29.500000,0.00000000
29.516667,0.00000000
29.533333,0.00019140
29.550000,0.00015124
29.566667,0.00000000
29.583333,0.00006081
29.600000,0.00034241
29.616667,0.00076516
29.633333,0.00007791
29.650000,0.00000000
29.666667,0.00000000
29.683333,0.00011031
29.700000,0.00000000
29.716667,0.00000000
29.733333,0.00014032
29.750000,0.00036819
29.766667,0.00000000
29.783333,0.00038724
29.800000,0.00015619
29.816667,0.00000000
29.833333,0.00000000
29.850000,0.00038559
29.866667,0.00005481
29.883333,0.00000000
29.900000,0.00017390
29.916667,0.00037147
29.933333,0.00005197
29.950000,0.00000000
29.966667,0.00014046
29.983333,0.00030995
30.000000,0.00000000
30.016667,0.00000000
30.033333,0.00000000
30.050000,0.00000000
30.066667,0.00000000
30.083333,0.00021241
30.100000,0.00094499
30.116667,0.00040496
30.133333,0.00005964
30.150000,0.00021033
30.166667,0.00000000
30.183333,0.00006234
30.200000,0.00007275
30.216667,0.00000000
30.233333,0.00001100
30.250000,0.00003705
30.266667,0.00006187
30.283333,0.00000000
30.300000,0.00000000
30.316667,0.00024605
30.333333,0.00000000
30.350000,0.00041139
30.366667,0.00024117
30.383333,0.00000000
30.400000,0.00050289
30.416667,0.00000000
30.433333,0.00009628
30.450000,0.00076577
30.466667,0.00000000
30.483333,0.00000000
30.500000,0.00000000
30.516667,0.00044135
30.533333,0.00000000
30.550000,0.00000000
30.566667,0.00034861
30.583333,0.00000000
30.600000,0.00000000
30.616667,0.00001671
30.633333,0.00002586
30.650000,0.00017034
30.666667,0.00000000
30.683333,0.00000000
30.700000,0.00000000
30.716667,0.00000000
30.733333,0.00000000
30.750000,0.00000000
30.766667,0.00008200
30.783333,0.00000000
30.800000,0.00000000
30.816667,0.00000000
30.833333,0.00000000
30.850000,0.00026714
30.866667,0.00067510
30.883333,0.00000000
30.900000,0.00000000
30.916667,0.00011519
30.933333,0.00000000
30.950000,0.00012073
30.966667,0.00000000
30.983333,0.00005004
31.000000,0.00006084
31.016667,0.00072006
31.033333,0.00016435
31.050000,0.00014458
31.066667,0.00020813
31.083333,0.00046229
31.100000,0.00055304
31.116667,0.00052576
31.133333,0.00041555
31.150000,0.00043403
31.166667,0.00000000
31.183333,0.00042742
31.200000,0.00038984
31.216667,0.00000000
31.233333,0.00038991
31.250000,0.00018815
31.266667,0.00000000
31.283333,0.00023527
31.300000,0.00000000
31.316667,0.00000000
31.333333,0.00014655
31.350000,0.00000000
31.366667,0.00009139
31.383333,0.00005111
31.400000,0.00005068
31.416667,0.00000000
31.433333,0.00007809
31.450000,0.00000000
31.466667,0.00000000
31.483333,0.00000000
31.500000,0.00000000
31.516667,0.00000000
31.533333,0.00041248
31.550000,0.00000000
31.566667,0.00000000
31.583333,0.00063437
31.600000,0.00066991
31.616667,0.00002854
31.633333,0.00028142
31.650000,0.00018912
31.666667,0.00000000
31.683333,0.00039770
31.700000,0.00000000
31.716667,0.00016404
31.733333,0.00000000
31.750000,0.00000000
31.766667,0.00000000
31.783333,0.00000000
31.800000,0.00030762
31.816667,0.00017744
31.833333,0.00022362
31.850000,0.00000000
31.866667,0.00050323
31.883333,0.00000000
31.900000,0.00026475
31.916667,0.00000000
31.933333,0.00000000
31.950000,0.00000000
31.966667,0.00000000
31.983333,0.00060059
32.000000,0.00023360
32.016667,0.00012132
32.033333,0.00000000
32.050000,0.00030950
32.066667,0.00000000
32.083333,0.00000000
32.100000,0.00000000
32.116667,0.00004454
32.133333,0.00000000
32.150000,0.00000000
32.166667,0.00000000
32.183333,0.00000000
32.200000,0.00000000
32.216667,0.00037838
32.233333,0.00065517
32.250000,0.00000000
32.266667,0.00000000
32.283333,0.00000000
32.300000,0.00044608
32.316667,0.00000000
32.333333,0.00000000
32.350000,0.00000000
32.366667,0.00040322
32.383333,0.00000000
32.400000,0.00009636
32.416667,0.00000221
32.433333,0.00015246
32.450000,0.00000000
32.466667,0.00069645
32.483333,0.00000000
32.500000,0.00000000
32.516667,0.00039998
32.533333,0.00006558
32.550000,0.00000000
32.566667,0.00013416
32.583333,0.00000000
32.600000,0.00004758
32.616667,0.00000000
32.633333,0.00000000
32.650000,0.00000000
32.666667,0.00000000
32.683333,0.00000000
32.700000,0.00079170
32.716667,0.00033747
32.733333,0.00000000
32.750000,0.00040725
32.766667,0.00000000
32.783333,0.00000000
32.800000,0.00030584
32.816667,0.00000000
32.833333,0.00027797
32.850000,0.00000000
32.866667,0.00013872
32.883333,0.00000000
32.900000,0.00000000
32.916667,0.00078417
32.933333,0.00062750
32.950000,0.00000000
32.966667,0.00000000
32.983333,0.00009401
33.000000,0.00000000
33.016667,0.00000000
33.033333,0.00000000
33.050000,0.00000000
33.066667,0.00001513
33.083333,0.00000000
33.100000,0.00000000
33.116667,0.00008399
33.133333,0.00034446
33.150000,0.00035114
33.166667,0.00000000
33.183333,0.00008122
33.200000,0.00000000
33.216667,0.00003722
33.233333,0.00000000
33.250000,0.00032558
33.266667,0.00000000
33.283333,0.00000000
33.300000,0.00058119
33.316667,0.00062691
33.333333,0.00034912
33.350000,0.00009356
33.366667,0.00062604
33.383333,0.00000000
33.400000,0.00000000
33.416667,0.00000000
33.433333,0.00042876
33.450000,0.00017159
33.466667,0.00025438
33.483333,0.00000000
33.500000,0.00000000
33.516667,0.00000000
33.533333,0.00022490
33.550000,0.00031220
33.566667,0.00000000
33.583333,0.00000000
33.600000,0.00049930
33.616667,0.00000000
33.633333,0.00000000
33.650000,0.00000000
33.666667,0.00000000
33.683333,0.00000000
33.700000,0.00000000
33.716667,0.00003135
33.733333,0.00011040
33.750000,0.00018217
33.766667,0.00007155
33.783333,0.00053434
33.800000,0.00030506
33.816667,0.00000000
33.833333,0.00000000
33.850000,0.00000000
33.866667,0.00000000
33.883333,0.00005252
33.900000,0.00001893
33.916667,0.00029384
33.933333,0.00014592
33.950000,0.00000000
33.966667,0.00000000
33.983333,0.00000000
34.000000,0.00000000
34.016667,0.00057695
34.033333,0.00000000
34.050000,0.00000000
34.066667,0.00028009
34.083333,0.00056518
34.100000,0.00035717
34.116667,0.00000000
34.133333,0.00022107
34.150000,0.00020793
34.166667,0.00019903
34.183333,0.00012126
34.200000,0.00000000
34.216667,0.00009410
34.233333,0.00033308
34.250000,0.00000000
34.266667,0.00001312
34.283333,0.00000000
34.300000,0.00023101
34.316667,0.00008808
34.333333,0.00031579
34.350000,0.00038828
34.366667,0.00000000
34.383333,0.00000000
34.400000,0.00048041
34.416667,0.00021934
34.433333,0.00043993
34.450000,0.00000330
34.466667,0.00000000
34.483333,0.00032704
34.500000,0.00045210
34.516667,0.00000000
34.533333,0.00019386
34.550000,0.00000000
34.566667,0.00000000
34.583333,0.00008665
34.600000,0.00000000
34.616667,0.00024887
34.633333,0.00000000
34.650000,0.00032080
34.666667,0.00046569
34.683333,0.00060285
34.700000,0.00020949
34.716667,0.00000000
34.733333,0.00033137
34.750000,0.00000000
34.766667,0.00000000
34.783333,0.00098012
34.800000,0.00000000
34.816667,0.00029932
34.833333,0.00000000
34.850000,0.00026872
34.866667,0.00000000
34.883333,0.00081320
34.900000,0.00006588
34.916667,0.00000000
34.933333,0.00000000
34.950000,0.00000000
34.966667,0.00087670
34.983333,0.00059955
35.000000,0.00000000
35.016667,0.00017934
35.033333,0.00000000
35.050000,0.00001700
35.066667,0.00000000
35.083333,0.00000000
35.100000,0.00000000
35.116667,0.00000000
35.133333,0.00000000
35.150000,0.00048315
35.166667,0.00000000
35.183333,0.00000000
35.200000,0.00048276
35.216667,0.00018677
35.233333,0.00090849
35.250000,0.00049784
35.266667,0.00000000
35.283333,0.00008592
35.300000,0.00046209
35.316667,0.00024224
35.333333,0.00000000
35.350000,0.00000000
35.366667,0.00046062
35.383333,0.00077953
35.400000,0.00004811
35.416667,0.00023567
35.433333,0.00009434
35.450000,0.00023614
35.466667,0.00047396
35.483333,0.00045536
35.500000,0.00002961
35.516667,0.00039999
35.533333,0.00006811
35.550000,0.00042923
35.566667,0.00014145
35.583333,0.00000000
35.600000,0.00019857
35.616667,0.00000000
35.633333,0.00000000
35.650000,0.00026988
35.666667,0.00000000
35.683333,0.00000000
35.700000,0.00023460
35.716667,0.00000000
35.733333,0.00000000
35.750000,0.00000000
35.766667,0.00033162
35.783333,0.00000304
35.800000,0.00000000
35.816667,0.00010815
35.833333,0.00007265
35.850000,0.00000000
35.866667,0.00096269
35.883333,0.00000000
35.900000,0.00000000
35.916667,0.00063146
35.933333,0.00012265
35.950000,0.00032733
35.966667,0.00000000
35.983333,0.00000000
36.000000,0.00006326
36.016667,0.00024749
36.033333,0.00019722
36.050000,0.00000000
36.066667,0.00000000
36.083333,0.00000000
36.100000,0.00000000
36.116667,0.00000000
36.133333,0.00000000
36.150000,0.00019335
36.166667,0.00000000
36.183333,0.00025239
36.200000,0.00000000
36.216667,0.00083874
36.233333,0.00000000
36.250000,0.00000000
36.266667,0.00000000
36.283333,0.00000000
36.300000,0.00020802
36.316667,0.00000000
36.333333,0.00000000
36.350000,0.00028578
36.366667,0.00000000
36.383333,0.00026087
36.400000,0.00048201
36.416667,0.00000000
36.433333,0.00000000
36.450000,0.00080727
36.466667,0.00000000
36.483333,0.00000000
36.500000,0.00011442
36.516667,0.00021056
36.533333,0.00000000
36.550000,0.00006566
36.566667,0.00000000
36.583333,0.00000000
36.600000,0.00004905
36.616667,0.00000000
36.633333,0.00062213
36.650000,0.00000000
36.666667,0.00089306
36.683333,0.00089843
36.700000,0.00000000
36.716667,0.00032970
36.733333,0.00000000
36.750000,0.00038513
36.766667,0.00080490
36.783333,0.00054694
36.800000,0.00023092
36.816667,0.00000000
36.833333,0.00036200
36.850000,0.00015208
36.866667,0.00000000
36.883333,0.00000000
36.900000,0.00004491
36.916667,0.00053912
36.933333,0.00000000
36.950000,0.00000000
36.966667,0.00015901
36.983333,0.00047902
37.000000,0.00000000
37.016667,0.00052095
37.033333,0.00000000
37.050000,0.00000000
37.066667,0.00010020
37.083333,0.00000000
37.100000,0.00000000
37.116667,0.00042628
37.133333,0.00000000
37.150000,0.00000000
37.166667,0.00039435
37.183333,0.00079987
37.200000,0.00000000
37.216667,0.00000000
37.233333,0.00000000
37.250000,0.00061193
37.266667,0.00000000
37.283333,0.00000000
37.300000,0.00000000
37.316667,0.00021014
37.333333,0.00040284
37.350000,0.00000000
37.366667,0.00011675
37.383333,0.00051750
37.400000,0.00000000
37.416667,0.00000000
37.433333,0.00000000
37.450000,0.00000000
37.466667,0.00000000
37.483333,0.00052197
37.500000,0.00000000
37.516667,0.00000000
37.533333,0.00000000
37.550000,0.00004474
37.566667,0.00000000
37.583333,0.00000000
37.600000,0.00000000
37.616667,0.00000000
37.633333,0.00000000
37.650000,0.00073018
37.666667,0.00002953
37.683333,0.00000000
37.700000,0.00053748
37.716667,0.00033366
37.733333,0.00009937
37.750000,0.00000000
37.766667,0.00000000
37.783333,0.00004224
37.800000,0.00000000
37.816667,0.00045631
37.833333,0.00046133
37.850000,0.00006987
37.866667,0.00040851
37.883333,0.00007723
37.900000,0.00000000
37.916667,0.00004238
37.933333,0.00000000
37.950000,0.00033840
37.966667,0.00000000
37.983333,0.00002514
38.000000,0.00000000
38.016667,0.00051169
38.033333,0.00000000
38.050000,0.00031642
38.066667,0.00000000
38.083333,0.00036015
38.100000,0.00077395
38.116667,0.00000000
38.133333,0.00000000
38.150000,0.00068462
38.166667,0.00036360
38.183333,0.00038874
38.200000,0.00000000
38.216667,0.00057245
38.233333,0.00022703
38.250000,0.00012902
38.266667,0.00000000
38.283333,0.00007005
38.300000,0.00000000
38.316667,0.00013458
38.333333,0.00028117
38.350000,0.00000000
38.366667,0.00000000
38.383333,0.00019905
38.400000,0.00027741
38.416667,0.00015758
38.433333,0.00022670
38.450000,0.00000000
38.466667,0.00000000
38.483333,0.00065898
38.500000,0.00000000
38.516667,0.00000000
38.533333,0.00034410
38.550000,0.00000000
38.566667,0.00049827
38.583333,0.00000000
38.600000,0.00000000
38.616667,0.00000000
38.633333,0.00000000
38.650000,0.00000000
38.666667,0.00019506
38.683333,0.00020863
38.700000,0.00000000
38.716667,0.00040355
38.733333,0.00053799
38.750000,0.00000000
38.766667,0.00071863
38.783333,0.00018807
38.800000,0.00036085
38.816667,0.00000000
38.833333,0.00039473
38.850000,0.00000000
38.866667,0.00006530
38.883333,0.00043612
38.900000,0.00000000
38.916667,0.00056689
38.933333,0.00024733
38.950000,0.00000000
38.966667,0.00060601
38.983333,0.00000000
39.000000,0.00000000
39.016667,0.00000000
39.033333,0.00012580
39.050000,0.00037381
39.066667,0.00006858
39.083333,0.00000000
39.100000,0.00000000
39.116667,0.00055884
39.133333,0.00000000
39.150000,0.00011742
39.166667,0.00000000
39.183333,0.00000000
39.200000,0.00021890
39.216667,0.00002621
39.233333,0.00000000
39.250000,0.00060180
39.266667,0.00005152
39.283333,0.00000000
39.300000,0.00000000
39.316667,0.00000000
39.333333,0.00017288
39.350000,0.00000000
39.366667,0.00060785
39.383333,0.00036217
39.400000,0.00060447
39.416667,0.00003761
39.433333,0.00000000
39.450000,0.00039411
39.466667,0.00008098
39.483333,0.00000000
39.500000,0.00013814
39.516667,0.00000000
39.533333,0.00077126
39.550000,0.00035702
39.566667,0.00000000
39.583333,0.00000000
39.600000,0.00035651
39.616667,0.00031515
39.633333,0.00045172
39.650000,0.00018115
39.666667,0.00017339
39.683333,0.00000000
39.700000,0.00010809
39.716667,0.00032373
39.733333,0.00015550
39.750000,0.00000000
39.766667,0.00002393
39.783333,0.00000000
39.800000,0.00065533
39.816667,0.00000000
39.833333,0.00000000
39.850000,0.00000000
39.866667,0.00082224
39.883333,0.00000000
39.900000,0.00000000
39.916667,0.00000000
39.933333,0.00071970
39.950000,0.00043969
39.966667,0.00000000
39.983333,0.00030687
40.000000,0.00000000
40.016667,0.00076919
40.033333,0.00000000
40.050000,0.00010664
40.066667,0.00030702
40.083333,0.00027874
40.100000,0.00000000
40.116667,0.00010562
40.133333,0.00000000
40.150000,0.00007736
40.166667,0.00021427
40.183333,0.00000000
40.200000,0.00022817
40.216667,0.00000000
40.233333,0.00016861
40.250000,0.00037161
40.266667,0.00000000
40.283333,0.00012437
40.300000,0.00006767
40.316667,0.00024627
40.333333,0.00001034
40.350000,0.00000000
40.366667,0.00000000
40.383333,0.00055208
40.400000,0.00000000
40.416667,0.00000000
40.433333,0.00011466
40.450000,0.00010385
40.466667,0.00000000
40.483333,0.00012403
40.500000,0.00000000
40.516667,0.00000000
40.533333,0.00000000
40.550000,0.00000000
40.566667,0.00043267
40.583333,0.00000000
40.600000,0.00000000
40.616667,0.00041980
40.633333,0.00000000
40.650000,0.00000000
40.666667,0.00000000
40.683333,0.00000000
40.700000,0.00044349
40.716667,0.00021369
40.733333,0.00000000
40.750000,0.00000000
40.766667,0.00007932
40.783333,0.00000000
40.800000,0.00050471
40.816667,0.00000000
40.833333,0.00000470
40.850000,0.00089009
40.866667,0.00000000
40.883333,0.00003853
40.900000,0.00017417
40.916667,0.00009215
40.933333,0.00050487
40.950000,0.00000000
40.966667,0.00000000
40.983333,0.00000000
41.000000,0.00000000
41.016667,0.00053334
41.033333,0.00000000
41.050000,0.00022630
41.066667,0.00032119
41.083333,0.00028324
41.100000,0.00000000
41.116667,0.00000000
41.133333,0.00025918
41.150000,0.00018422
41.166667,0.00030419
41.183333,0.00042542
41.200000,0.00009634
41.216667,0.00000000
41.233333,0.00000000
41.250000,0.00014908
41.266667,0.00000000
41.283333,0.00012123
41.300000,0.00000000
41.316667,0.00000000
41.333333,0.00028571
41.350000,0.00000000
41.366667,0.00000000
41.383333,0.00000000
41.400000,0.00020281
41.416667,0.00014097
41.433333,0.00000000
41.450000,0.00025964
41.466667,0.00005164
41.483333,0.00004305
41.500000,0.00006346
41.516667,0.00000000
41.533333,0.00035362
41.550000,0.00000000
41.566667,0.00015108
41.583333,0.00022610
41.600000,0.00000000
41.616667,0.00000000
41.633333,0.00028852
41.650000,0.00000000
41.666667,0.00000000
41.683333,0.00000000
41.700000,0.00000000
41.716667,0.00042814
41.733333,0.00010967
41.750000,0.00008732
41.766667,0.00021933
41.783333,0.00082047
41.800000,0.00015775
41.816667,0.00000000
41.833333,0.00000000
41.850000,0.00000000
41.866667,0.00028866
41.883333,0.00000000
41.900000,0.00000000
41.916667,0.00002502
41.933333,0.00041231
41.950000,0.00000000
41.966667,0.00000000
41.983333,0.00000000
42.000000,0.00000000
42.016667,0.00012294
42.033333,0.00047906
42.050000,0.00064351
42.066667,0.00034941
42.083333,0.00000000
42.100000,0.00044451
42.116667,0.00000000
42.133333,0.00000000
42.150000,0.00000000
42.166667,0.00013590
42.183333,0.00000000
42.200000,0.00045668
42.216667,0.00041447
42.233333,0.00015067
42.250000,0.00000000
42.266667,0.00000083
42.283333,0.00000000
42.300000,0.00066439
42.316667,0.00000000
42.333333,0.00074016
42.350000,0.00025145
42.366667,0.00000000
42.383333,0.00000000
42.400000,0.00000000
42.416667,0.00000000
42.433333,0.00088035
42.450000,0.00010475
42.466667,0.00000000
42.483333,0.00045623
42.500000,0.00000000
42.516667,0.00028231
42.533333,0.00000927
42.550000,0.00000000
42.566667,0.00049623
42.583333,0.00000000
42.600000,0.00022479
42.616667,0.00000000
42.633333,0.00000000
42.650000,0.00000000
42.666667,0.00063964
42.683333,0.00000000
42.700000,0.00043252
42.716667,0.00000000
42.733333,0.00008481
42.750000,0.00000000
42.766667,0.00041667
42.783333,0.00016088
42.800000,0.00000000
42.816667,0.00047898
42.833333,0.00018282
42.850000,0.00022393
42.866667,0.00000000
42.883333,0.00000000
42.900000,0.00035866
42.916667,0.00058676
42.933333,0.00000000
42.950000,0.00007507
42.966667,0.00000000
42.983333,0.00027469
43.000000,0.00000000
43.016667,0.00009811
43.033333,0.00064941
43.050000,0.00031380
43.066667,0.00000000
43.083333,0.00015977
43.100000,0.00017718
43.116667,0.00000000
43.133333,0.00019427
43.150000,0.00000000
43.166667,0.00000000
43.183333,0.00014100
43.200000,0.00000000
43.216667,0.00000000
43.233333,0.00000000
43.250000,0.00010145
43.266667,0.00000000
43.283333,0.00000000
43.300000,0.00000000
43.316667,0.00021000
43.333333,0.00013021
43.350000,0.00000000
43.366667,0.00063610
43.383333,0.00000000
43.400000,0.00000000
43.416667,0.00000000
43.433333,0.00019365
43.450000,0.00000000
43.466667,0.00000000
43.483333,0.00000000
43.500000,0.00005694
43.516667,0.00000000
43.533333,0.00000000
43.550000,0.00032754
43.566667,0.00014882
43.583333,0.00000000
43.600000,0.00000000
43.616667,0.00076332
43.633333,0.00038618
43.650000,0.00001378
43.666667,0.00000000
43.683333,0.00021054
43.700000,0.00000000
43.716667,0.00008825
43.733333,0.00000000
43.750000,0.00056396
43.766667,0.00070341
43.783333,0.00004088
43.800000,0.00032064
43.816667,0.00000000
43.833333,0.00000000
43.850000,0.00062357
43.866667,0.00000309
43.883333,0.00056664
43.900000,0.00000000
43.916667,0.00000000
43.933333,0.00000000
43.950000,0.00000000
43.966667,0.00000000
43.983333,0.00000000
44.000000,0.00033335
44.016667,0.00029395
44.033333,0.00025840
44.050000,0.00108235
44.066667,0.00003864
44.083333,0.00040800
44.100000,0.00000000
44.116667,0.00000000
44.133333,0.00000000
44.150000,0.00000000
44.166667,0.00015512
44.183333,0.00013957
44.200000,0.00000000
44.216667,0.00009311
44.233333,0.00053026
44.250000,0.00000703
44.266667,0.00000000
44.283333,0.00000000
44.300000,0.00000000
44.316667,0.00000000
44.333333,0.00000000
44.350000,0.00032196
44.366667,0.00000000
44.383333,0.00047812
44.400000,0.00018053
44.416667,0.00000000
44.433333,0.00000896
44.450000,0.00049699
44.466667,0.00000000
44.483333,0.00042686
44.500000,0.00000000
44.516667,0.00000000
44.533333,0.00043317
44.550000,0.00004288
44.566667,0.00036971
44.583333,0.00010289
44.600000,0.00043786
44.616667,0.00000000
44.633333,0.00000000
44.650000,0.00011635
44.666667,0.00022781
44.683333,0.00022387
44.700000,0.00000000
44.716667,0.00000000
44.733333,0.00000000
44.750000,0.00000000
44.766667,0.00046438
44.783333,0.00023009
44.800000,0.00000000
44.816667,0.00025288
44.833333,0.00002722
44.850000,0.00000000
44.866667,0.00000000
44.883333,0.00007452
44.900000,0.00000000
44.916667,0.00000478
44.933333,0.00000000
44.950000,0.00013075
44.966667,0.00000000
44.983333,0.00011791
45.000000,0.00011475
45.016667,0.00000000
45.033333,0.00000000
45.050000,0.00039222
45.066667,0.00000000
45.083333,0.00000000
45.100000,0.00002429
45.116667,0.00016798
45.133333,0.00039165
45.150000,0.00049760
45.166667,0.00000000
45.183333,0.00000000
45.200000,0.00000000
45.216667,0.00000000
45.233333,0.00000000
45.250000,0.00000000
45.266667,0.00000000
45.283333,0.00000000
45.300000,0.00000000
45.316667,0.00020533
45.333333,0.00000000
45.350000,0.00019168
45.366667,0.00000000
45.383333,0.00000000
45.400000,0.00009558
45.416667,0.00000000
45.433333,0.00016397
45.450000,0.00002177
45.466667,0.00032288
45.483333,0.00000000
45.500000,0.00048606
45.516667,0.00010097
45.533333,0.00057748
45.550000,0.00000000
45.566667,0.00044370
45.583333,0.00016692
45.600000,0.00000000
45.616667,0.00031002
45.633333,0.00000000
45.650000,0.00000000
45.666667,0.00000000
45.683333,0.00000000
45.700000,0.00000000
45.716667,0.00035073
45.733333,0.00001333
45.750000,0.00032623
45.766667,0.00018615
45.783333,0.00000000
45.800000,0.00010678
45.816667,0.00024452
45.833333,0.00000000
45.850000,0.00001935
45.866667,0.00020734
45.883333,0.00000000
45.900000,0.00000000
45.916667,0.00000000
45.933333,0.00002483
45.950000,0.00019110
45.966667,0.00008714
45.983333,0.00000000
46.000000,0.00006411
46.016667,0.00000000
46.033333,0.00000000
46.050000,0.00000000
46.066667,0.00042705
46.083333,0.00017632
46.100000,0.00031300
46.116667,0.00000000
46.133333,0.00000000
46.150000,0.00016004
46.166667,0.00043442
46.183333,0.00000000
46.200000,0.00000975
46.216667,0.00000000
46.233333,0.00000000
46.250000,0.00000000
46.266667,0.00000000
46.283333,0.00000000
46.300000,0.00013002
46.316667,0.00000000
46.333333,0.00000000
46.350000,0.00054748
46.366667,0.00046348
46.383333,0.00000000
46.400000,0.00052103
46.416667,0.00000000
46.433333,0.00000000
46.450000,0.00000000
46.466667,0.00000000
46.483333,0.00074247
46.500000,0.00042743
46.516667,0.00035597
46.533333,0.00000000
46.550000,0.00000000
46.566667,0.00043437
46.583333,0.00000000
46.600000,0.00011785
46.616667,0.00009573
46.633333,0.00000000
46.650000,0.00000000
46.666667,0.00018926
46.683333,0.00000000
46.700000,0.00064114
46.716667,0.00000000
46.733333,0.00000000
46.750000,0.00018027
46.766667,0.00000000
46.783333,0.00003680
46.800000,0.00000000
46.816667,0.00000000
46.833333,0.00023478
46.850000,0.00005878
46.866667,0.00000000
46.883333,0.00055710
46.900000,0.00000000
46.916667,0.00006959
46.933333,0.00034622
46.950000,0.00004606
46.966667,0.00039713
46.983333,0.00040346
47.000000,0.00000000
47.016667,0.00000055
47.033333,0.00000000
47.050000,0.00000000
47.066667,0.00000000
47.083333,0.00000000
47.100000,0.00000000
47.116667,0.00000000
47.133333,0.00044149
47.150000,0.00000000
47.166667,0.00034451
47.183333,0.00000000
47.200000,0.00000000
47.216667,0.00019899
47.233333,0.00043562
47.250000,0.00024458
47.266667,0.00000000
47.283333,0.00024417
47.300000,0.00041160
47.316667,0.00000000
47.333333,0.00001300
47.350000,0.00000000
47.366667,0.00000000
47.383333,0.00014694
47.400000,0.00000000
47.416667,0.00000000
47.433333,0.00052597
47.450000,0.00064244
47.466667,0.00000000
47.483333,0.00000000
47.500000,0.00002121
47.516667,0.00000000
47.533333,0.00000000
47.550000,0.00099948
47.566667,0.00000000
47.583333,0.00001682
47.600000,0.00000000
47.616667,0.00064916
47.633333,0.00000000
47.650000,0.00015747
47.666667,0.00000000
47.683333,0.00000000
47.700000,0.00000000
47.716667,0.00000000
47.733333,0.00000000
47.750000,0.00016598
47.766667,0.00000000
47.783333,0.00021143
47.800000,0.00033527
47.816667,0.00000000
47.833333,0.00033700
47.850000,0.00018950
47.866667,0.00000000
47.883333,0.00000000
47.900000,0.00033505
47.916667,0.00008499
47.933333,0.00000000
47.950000,0.00000000
47.966667,0.00000000
47.983333,0.00000000
48.000000,0.00024645
48.016667,0.00000000
48.033333,0.00012979
48.050000,0.00000000
48.066667,0.00000000
48.083333,0.00037189
48.100000,0.00005323
48.116667,0.00000000
48.133333,0.00000000
48.150000,0.00052444
48.166667,0.00009744
48.183333,0.00000000
48.200000,0.00000000
48.216667,0.00002584
48.233333,0.00023620
48.250000,0.00017563
48.266667,0.00000000
48.283333,0.00000000
48.300000,0.00022225
48.316667,0.00032081
48.333333,0.00000000
48.350000,0.00022009
48.366667,0.00000000
48.383333,0.00000000
48.400000,0.00000000
48.416667,0.00000000
48.433333,0.00000000
48.450000,0.00000000
48.466667,0.00045775
48.483333,0.00032519
48.500000,0.00000000
48.516667,0.00023380
48.533333,0.00000000
48.550000,0.00011079
48.566667,0.00000000
48.583333,0.00000000
48.600000,0.00000000
48.616667,0.00059438
48.633333,0.00060707
48.650000,0.00028781
48.666667,0.00006145
48.683333,0.00000000
48.700000,0.00025562
48.716667,0.00000000
48.733333,0.00000000
48.750000,0.00006145
48.766667,0.00000000
48.783333,0.00000000
48.800000,0.00000000
48.816667,0.00000000
48.833333,0.00053572
48.850000,0.00000000
48.866667,0.00015975
48.883333,0.00000000
48.900000,0.00000000
48.916667,0.00000000
48.933333,0.00003172
48.950000,0.00082904
48.966667,0.00000000
48.983333,0.00008592
49.000000,0.00000000
49.016667,0.00026664
49.033333,0.00027582
49.050000,0.00077009
49.066667,0.00040928
49.083333,0.00000000
49.100000,0.00034555
49.116667,0.00000000
49.133333,0.00000000
49.150000,0.00000000
49.166667,0.00030641
49.183333,0.00074385
49.200000,0.00000000
49.216667,0.00065293
49.233333,0.00000000
49.250000,0.00019967
49.266667,0.00000000
49.283333,0.00000000
49.300000,0.00000000
49.316667,0.00000000
49.333333,0.00000000
49.350000,0.00000000
49.366667,0.00030010
49.383333,0.00000000
49.400000,0.00000000
49.416667,0.00035837
49.433333,0.00032334
49.450000,0.00070845
49.466667,0.00030821
49.483333,0.00000000
49.500000,0.00016328
49.516667,0.00000000
49.533333,0.00045450
49.550000,0.00000000
49.566667,0.00004625
49.583333,0.00000000
49.600000,0.00000000
49.616667,0.00089432
49.633333,0.00056812
49.650000,0.00000000
49.666667,0.00000000
49.683333,0.00069907
49.700000,0.00000000
49.716667,0.00031140
49.733333,0.00000000
49.750000,0.00000000
49.766667,0.00000000
49.783333,0.00081384
49.800000,0.00046008
49.816667,0.00000000
49.833333,0.00000000
49.850000,0.00000000
49.866667,0.00000000
49.883333,0.00000394
49.900000,0.00030228
49.916667,0.00039672
49.933333,0.00021496
49.950000,0.00011751
49.966667,0.00019860
49.983333,0.00000000
50.000000,0.00000000
50.016667,0.00042126
50.033333,0.00000000
50.050000,0.00000000
50.066667,0.00000000
50.083333,0.00000000
50.100000,0.00019134
50.116667,0.00016178
50.133333,0.00000000
50.150000,0.00000000
50.166667,0.00055723
50.183333,0.00015771
50.200000,0.00000000
50.216667,0.00000000
50.233333,0.00027875
50.250000,0.00000000
50.266667,0.00052007
50.283333,0.00018127
50.300000,0.00000000
50.316667,0.00000000
50.333333,0.00000000
50.350000,0.00000000
50.366667,0.00033695
50.383333,0.00011343
50.400000,0.00034699
50.416667,0.00000000
50.433333,0.00000359
50.450000,0.00000000
50.466667,0.00000000
50.483333,0.00031216
50.500000,0.00000000
50.516667,0.00000000
50.533333,0.00000000
50.550000,0.00102792
50.566667,0.00000000
50.583333,0.00000000
50.600000,0.00057508
50.616667,0.00000000
50.633333,0.00000000
50.650000,0.00020291
50.666667,0.00027862
50.683333,0.00016248
50.700000,0.00073182
50.716667,0.00000000
50.733333,0.00000000
50.750000,0.00028735
50.766667,0.00079283
50.783333,0.00076979
50.800000,0.00000000
50.816667,0.00000000
50.833333,0.00000000
50.850000,0.00000000
50.866667,0.00044851
50.883333,0.00040523
50.900000,0.00000000
50.916667,0.00000000
50.933333,0.00000000
50.950000,0.00050220
50.966667,0.00000000
50.983333,0.00042622
51.000000,0.00000000
51.016667,0.00000000
51.033333,0.00024945
51.050000,0.00020944
51.066667,0.00000000
51.083333,0.00023516
51.100000,0.00000000
51.116667,0.00000000
51.133333,0.00000000
51.150000,0.00000000
51.166667,0.00000000
51.183333,0.00000000
51.200000,0.00023441
51.216667,0.00000000
51.233333,0.00022600
51.250000,0.00000000
51.266667,0.00000000
51.283333,0.00000000
51.300000,0.00000000
51.316667,0.00000000
51.333333,0.00000000
51.350000,0.00000000
51.366667,0.00088136
51.383333,0.00034277
51.400000,0.00006365
51.416667,0.00044899
51.433333,0.00036149
51.450000,0.00027763
51.466667,0.00000000
51.483333,0.00010344
51.500000,0.00020907
51.516667,0.00005331
51.533333,0.00110034
51.550000,0.00000000
51.566667,0.00008902
51.583333,0.00030716
51.600000,0.00013726
51.616667,0.00055477
51.633333,0.00000000
51.650000,0.00000000
51.666667,0.00000000
51.683333,0.00000000
51.700000,0.00000000
51.716667,0.00053881
51.733333,0.00000000
51.750000,0.00000000
51.766667,0.00000000
51.783333,0.00036647
51.800000,0.00094039
51.816667,0.00026845
51.833333,0.00022849
51.850000,0.00000000
51.866667,0.00000000
51.883333,0.00015936
51.900000,0.00000000
51.916667,0.00019909
51.933333,0.00033789
51.950000,0.00000000
51.966667,0.00000000
51.983333,0.00056909
52.000000,0.00000000
52.016667,0.00000000
52.033333,0.00000000
52.050000,0.00002221
52.066667,0.00067622
52.083333,0.00030103
52.100000,0.00009776
52.116667,0.00010180
52.133333,0.00000000
52.150000,0.00000000
52.166667,0.00000000
52.183333,0.00000000
52.200000,0.00005020
52.216667,0.00025136
52.233333,0.00000000
52.250000,0.00025766
52.266667,0.00000000
52.283333,0.00000000
52.300000,0.00080118
52.316667,0.00099737
52.333333,0.00047984
52.350000,0.00039359
52.366667,0.00000000
52.383333,0.00000000
52.400000,0.00000000
52.416667,0.00029961
52.433333,0.00000000
52.450000,0.00059813
52.466667,0.00000000
52.483333,0.00000000
52.500000,0.00025211
52.516667,0.00017687
52.533333,0.00000000
52.550000,0.00010040
52.566667,0.00089543
52.583333,0.00000000
52.600000,0.00034450
52.616667,0.00000000
52.633333,0.00000000
52.650000,0.00000000
52.666667,0.00007416
52.683333,0.00078695
52.700000,0.00000000
52.716667,0.00059002
52.733333,0.00000000
52.750000,0.00000000
52.766667,0.00006605
52.783333,0.00024408
52.800000,0.00000000
52.816667,0.00058756
52.833333,0.00016561
52.850000,0.00032669
52.866667,0.00000000
52.883333,0.00000000
52.900000,0.00035148
52.916667,0.00000000
52.933333,0.00056411
52.950000,0.00003108
52.966667,0.00011028
52.983333,0.00000000
53.000000,0.00000000
53.016667,0.00025836
53.033333,0.00028363
53.050000,0.00051831
53.066667,0.00000000
53.083333,0.00000000
53.100000,0.00000000
53.116667,0.00000000
53.133333,0.00000000
53.150000,0.00000000
53.166667,0.00000000
53.183333,0.00041744
53.200000,0.00066665
53.216667,0.00096855
53.233333,0.00043790
53.250000,0.00000000
53.266667,0.00000000
53.283333,0.00000000
53.300000,0.00000000
53.316667,0.00000000
53.333333,0.00000000
53.350000,0.00057768
53.366667,0.00000000
53.383333,0.00000000
53.400000,0.00017477
53.416667,0.00027042
53.433333,0.00035426
53.450000,0.00000000
53.466667,0.00000000
53.483333,0.00009292
53.500000,0.00000000
53.516667,0.00000000
53.533333,0.00000000
53.550000,0.00003782
53.566667,0.00014012
53.583333,0.00000000
53.600000,0.00000000
53.616667,0.00048758
53.633333,0.00073639
53.650000,0.00000000
53.666667,0.00000000
53.683333,0.00002903
53.700000,0.00000000
53.716667,0.00000000
53.733333,0.00078985
53.750000,0.00000000
53.766667,0.00000000
53.783333,0.00000000
53.800000,0.00000000
53.816667,0.00058873
53.833333,0.00000000
53.850000,0.00000000
53.866667,0.00000000
53.883333,0.00006769
53.900000,0.00004239
53.916667,0.00065344
53.933333,0.00032461
53.950000,0.00019339
53.966667,0.00010289
53.983333,0.00044066
54.000000,0.00017667
54.016667,0.00000000
54.033333,0.00018292
54.050000,0.00048717
54.066667,0.00000000
54.083333,0.00013476
54.100000,0.00056447
54.116667,0.00087134
54.133333,0.00026194
54.150000,0.00000000
54.166667,0.00017038
54.183333,0.00000000
54.200000,0.00006044
54.216667,0.00044025
54.233333,0.00018199
54.250000,0.00000000
54.266667,0.00000000
54.283333,0.00059176
54.300000,0.00015316
54.316667,0.00109749
54.333333,0.00010399
54.350000,0.00000000
54.366667,0.00000000
54.383333,0.00020682
54.400000,0.00024672
54.416667,0.00000000
54.433333,0.00000000
54.450000,0.00000000
54.466667,0.00032247
54.483333,0.00000000
54.500000,0.00000000
54.516667,0.00000000
54.533333,0.00054655
54.550000,0.00000000
54.566667,0.00000000
54.583333,0.00000000
54.600000,0.00000000
54.616667,0.00009159
54.633333,0.00000000
54.650000,0.00063854
54.666667,0.00032770
54.683333,0.00047663
54.700000,0.00024365
54.716667,0.00000000
54.733333,0.00000000
54.750000,0.00035064
54.766667,0.00063538
54.783333,0.00000000
54.800000,0.00047061
54.816667,0.00001308
54.833333,0.00020896
54.850000,0.00000000
54.866667,0.00000000
54.883333,0.00000000
54.900000,0.00000000
54.916667,0.00000000
54.933333,0.00000000
54.950000,0.00002957
54.966667,0.00037707
54.983333,0.00004718
55.000000,0.00000000
55.016667,0.00003382
55.033333,0.00000000
55.050000,0.00000000
55.066667,0.00000000
55.083333,0.00048164
55.100000,0.00077988
55.116667,0.00005841
55.133333,0.00027881
55.150000,0.00006756
55.166667,0.00011094
55.183333,0.00000000
55.200000,0.00000000
55.216667,0.00000000
55.233333,0.00015862
55.250000,0.00058659
55.266667,0.00099265
55.283333,0.00000000
55.300000,0.00000000
55.316667,0.00000000
55.333333,0.00000000
55.350000,0.00013356
55.366667,0.00044250
55.383333,0.00000000
55.400000,0.00000000
55.416667,0.00000000
55.433333,0.00000000
55.450000,0.00024336
55.466667,0.00000000
55.483333,0.00000000
55.500000,0.00059588
55.516667,0.00000000
55.533333,0.00046422
55.550000,0.00000000
55.566667,0.00014881
55.583333,0.00000000
55.600000,0.00027323
55.616667,0.00075359
55.633333,0.00048816
55.650000,0.00055356
55.666667,0.00000000
55.683333,0.00027767
55.700000,0.00041561
55.716667,0.00000000
55.733333,0.00079190
55.750000,0.00064184
55.766667,0.00000000
55.783333,0.00006873
55.800000,0.00000000
55.816667,0.00035280
55.833333,0.00000000
55.850000,0.00101505
55.866667,0.00014996
55.883333,0.00006109
55.900000,0.00023114
55.916667,0.00000000
55.933333,0.00000000
55.950000,0.00034227
55.966667,0.00012023
55.983333,0.00019254
56.000000,0.00000000
56.016667,0.00000000
56.033333,0.00000000
56.050000,0.00043690
56.066667,0.00003983
56.083333,0.00000000
56.100000,0.00024057
56.116667,0.00000000
56.133333,0.00027305
56.150000,0.00000000
56.166667,0.00021370
56.183333,0.00000000
56.200000,0.00000000
56.216667,0.00000000
56.233333,0.00007476
56.250000,0.00068326
56.266667,0.00000000
56.283333,0.00000000
56.300000,0.00000000
56.316667,0.00031967
56.333333,0.00062476
56.350000,0.00017952
56.366667,0.00030009
56.383333,0.00025917
56.400000,0.00037229
56.416667,0.00016127
56.433333,0.00067429
56.450000,0.00018733
56.466667,0.00000000
56.483333,0.00000000
56.500000,0.00004166
56.516667,0.00000000
56.533333,0.00000000
56.550000,0.00008100
56.566667,0.00006587
56.583333,0.00012781
56.600000,0.00000000
56.616667,0.00052226
56.633333,0.00110927
56.650000,0.00021472
56.666667,0.00000000
56.683333,0.00046757
56.700000,0.00000000
56.716667,0.00016442
56.733333,0.00000000
56.750000,0.00000000
56.766667,0.00003082
56.783333,0.00000000
56.800000,0.00022250
56.816667,0.00000000
56.833333,0.00015395
56.850000,0.00000000
56.866667,0.00000000
56.883333,0.00000000
56.900000,0.00036844
56.916667,0.00031482
56.933333,0.00000000
56.950000,0.00008880
56.966667,0.00000000
56.983333,0.00058905
57.000000,0.00000000
57.016667,0.00047991
57.033333,0.00046497
57.050000,0.00004221
57.066667,0.00000000
57.083333,0.00000000
57.100000,0.00000000
57.116667,0.00000000
57.133333,0.00000000
57.150000,0.00000000
57.166667,0.00071984
57.183333,0.00000000
57.200000,0.00038457
57.216667,0.00012790
57.233333,0.00055313
57.250000,0.00000000
57.266667,0.00000000
57.283333,0.00000000
57.300000,0.00000000
57.316667,0.00019251
57.333333,0.00000000
57.350000,0.00026919
57.366667,0.00001211
57.383333,0.00000000
57.400000,0.00051222
57.416667,0.00000000
57.433333,0.00042150
57.450000,0.00000000
57.466667,0.00013053
57.483333,0.00000000
57.500000,0.00001430
57.516667,0.00033352
57.533333,0.00106734
57.550000,0.00054843
57.566667,0.00000000
57.583333,0.00000000
57.600000,0.00046680
57.616667,0.00000000
57.633333,0.00000000
57.650000,0.00000000
57.666667,0.00082523
57.683333,0.00000000
57.700000,0.00000000
57.716667,0.00000000
57.733333,0.00003182
57.750000,0.00000000
57.766667,0.00007659
57.783333,0.00014265
57.800000,0.00000000
57.816667,0.00000000
57.833333,0.00000000
57.850000,0.00068470
57.866667,0.00087949
57.883333,0.00000000
57.900000,0.00000000
57.916667,0.00000000
57.933333,0.00023700
57.950000,0.00006906
57.966667,0.00018404
57.983333,0.00000000
58.000000,0.00000000
58.016667,0.00030967
58.033333,0.00000000
58.050000,0.00005894
58.066667,0.00000000
58.083333,0.00017148
58.100000,0.00026564
58.116667,0.00000000
58.133333,0.00035890
58.150000,0.00000000
58.166667,0.00000000
58.183333,0.00000000
58.200000,0.00000000
58.216667,0.00002623
58.233333,0.00000000
58.250000,0.00000000
58.266667,0.00031763
58.283333,0.00000000
58.300000,0.00000000
58.316667,0.00000000
58.333333,0.00004867
58.350000,0.00020298
58.366667,0.00065682
58.383333,0.00000074
58.400000,0.00000000
58.416667,0.00000000
58.433333,0.00005366
58.450000,0.00038113
58.466667,0.00026185
58.483333,0.00064486
58.500000,0.00000000
58.516667,0.00000000
58.533333,0.00069954
58.550000,0.00004948
58.566667,0.00057140
58.583333,0.00033084
58.600000,0.00000000
58.616667,0.00024863
58.633333,0.00000000
58.650000,0.00047832
58.666667,0.00000000
58.683333,0.00031536
58.700000,0.00000000
58.716667,0.00000000
58.733333,0.00000000
58.750000,0.00005847
58.766667,0.00015749
58.783333,0.00000000
58.800000,0.00047720
58.816667,0.00000000
58.833333,0.00007510
58.850000,0.00010871
58.866667,0.00018885
58.883333,0.00010554
58.900000,0.00030242
58.916667,0.00000000
58.933333,0.00000000
58.950000,0.00000000
58.966667,0.00015485
58.983333,0.00000000
59.000000,0.00000000
59.016667,0.00048677
59.033333,0.00000000
59.050000,0.00055925
59.066667,0.00000000
59.083333,0.00112301
59.100000,0.00016650
59.116667,0.00013490
59.133333,0.00034388
59.150000,0.00037599
59.166667,0.00060237
59.183333,0.00059679
59.200000,0.00063193
59.216667,0.00063025
59.233333,0.00000000
59.250000,0.00000000
59.266667,0.00010211
59.283333,0.00030189
59.300000,0.00003338
59.316667,0.00000000
59.333333,0.00000000
59.350000,0.00022137
59.366667,0.00004322
59.383333,0.00000000
59.400000,0.00037130
59.416667,0.00000000
59.433333,0.00000000
59.450000,0.00000000
59.466667,0.00000000
59.483333,0.00042821
59.500000,0.00000000
59.516667,0.00000000
59.533333,0.00000000
59.550000,0.00000886
59.566667,0.00020137
59.583333,0.00000000
59.600000,0.00000000
59.616667,0.00013615
59.633333,0.00011033
59.650000,0.00000000
59.666667,0.00000000
59.683333,0.00013304
59.700000,0.00006979
59.716667,0.00019969
59.733333,0.00053967
59.750000,0.00000000
59.766667,0.00000000
59.783333,0.00013194
59.800000,0.00000000
59.816667,0.00000000
59.833333,0.00032793
59.850000,0.00000000
59.866667,0.00000000
59.883333,0.00020928
59.900000,0.00009059
59.916667,0.00000000
59.933333,0.00000000
59.950000,0.00000000
59.966667,0.00002796
59.983333,0.00059019
60.000000,0.00000000
60.016667,0.00029992
60.033333,0.00054258
60.050000,0.00000000
60.066667,0.00000000
60.083333,0.00032827
60.100000,0.00005311
60.116667,0.00042156
60.133333,0.00019329
60.150000,0.00035393
60.166667,0.00043032
60.183333,0.00000000
60.200000,0.00000000
60.216667,0.00000000
60.233333,0.00026207
60.250000,0.00001280
60.266667,0.00008574
60.283333,0.00082059
60.300000,0.00000000
60.316667,0.00008816
60.333333,0.00015876
60.350000,0.00035528
60.366667,0.00056038
60.383333,0.00002097
60.400000,0.00016758
60.416667,0.00004823
60.433333,0.00000000
60.450000,0.00000000
60.466667,0.00077925
60.483333,0.00000000
60.500000,0.00000000
60.516667,0.00018941
60.533333,0.00000000
60.550000,0.00039390
60.566667,0.00000000
60.583333,0.00005030
60.600000,0.00000000
60.616667,0.00000000
60.633333,0.00000000
60.650000,0.00025564
60.666667,0.00000000
60.683333,0.00000000
60.700000,0.00000000
60.716667,0.00051078
60.733333,0.00000000
60.750000,0.00000000
60.766667,0.00000000
60.783333,0.00000932
60.800000,0.00000000
60.816667,0.00000000
60.833333,0.00094630
60.850000,0.00000000
60.866667,0.00000000
60.883333,0.00000000
60.900000,0.00000000
60.916667,0.00000000
60.933333,0.00000000
60.950000,0.00023693
60.966667,0.00000000
60.983333,0.00000000
61.000000,0.00046272
61.016667,0.00000000
61.033333,0.00077710
61.050000,0.00009463
61.066667,0.00032536
61.083333,0.00023841
61.100000,0.00007222
61.116667,0.00000000
61.133333,0.00000000
61.150000,0.00013036
61.166667,0.00000000
61.183333,0.00000000
61.200000,0.00008714
61.216667,0.00021506
61.233333,0.00000000
61.250000,0.00000000
61.266667,0.00000000
61.283333,0.00000000
61.300000,0.00000000
61.316667,0.00059834
61.333333,0.00005864
61.350000,0.00033459
61.366667,0.00000000
61.383333,0.00047335
61.400000,0.00000000
61.416667,0.00021789
61.433333,0.00000000
61.450000,0.00011132
61.466667,0.00000000
61.483333,0.00000000
61.500000,0.00036526
61.516667,0.00000000
61.533333,0.00000000
61.550000,0.00008604
61.566667,0.00016778
61.583333,0.00000000
61.600000,0.00064432
61.616667,0.00000000
61.633333,0.00049368
61.650000,0.00000000
61.666667,0.00000000
61.683333,0.00052141
61.700000,0.00010357
61.716667,0.00000000
61.733333,0.00000000
61.750000,0.00000000
61.766667,0.00005420
61.783333,0.00000000
61.800000,0.00005057
61.816667,0.00000000
61.833333,0.00007610
61.850000,0.00013195
61.866667,0.00004298
61.883333,0.00000000
61.900000,0.00006862
61.916667,0.00010161
61.933333,0.00037928
61.950000,0.00004718
61.966667,0.00043708
61.983333,0.00029289
62.000000,0.00054702
62.016667,0.00016152
62.033333,0.00000000
62.050000,0.00000000
62.066667,0.00039949
62.083333,0.00000000
62.100000,0.00074808
62.116667,0.00037112
62.133333,0.00074300
62.150000,0.00009318
62.166667,0.00000000
62.183333,0.00000000
62.200000,0.00098295
62.216667,0.00010104
62.233333,0.00000000
62.250000,0.00000000
62.266667,0.00000000
62.283333,0.00000000
62.300000,0.00063084
62.316667,0.00000000
62.333333,0.00056225
62.350000,0.00000000
62.366667,0.00000000
62.383333,0.00000000
62.400000,0.00019110
62.416667,0.00045734
62.433333,0.00007002
62.450000,0.00037502
62.466667,0.00011596
62.483333,0.00064214
62.500000,0.00052531
62.516667,0.00000000
62.533333,0.00000000
62.550000,0.00046900
62.566667,0.00000000
62.583333,0.00000000
62.600000,0.00000000
62.616667,0.00000000
62.633333,0.00000000
62.650000,0.00000000
62.666667,0.00000000
62.683333,0.00062106
62.700000,0.00016005
62.716667,0.00000000
62.733333,0.00004901
62.750000,0.00041860
62.766667,0.00000000
62.783333,0.00027379
62.800000,0.00018252
62.816667,0.00000000
62.833333,0.00000000
62.850000,0.00026291
62.866667,0.00000000
62.883333,0.00021080
62.900000,0.00010207
62.916667,0.00029545
62.933333,0.00000000
62.950000,0.00000000
62.966667,0.00000000
62.983333,0.00000000
63.000000,0.00026439
63.016667,0.00024478
63.033333,0.00017354
63.050000,0.00047077
63.066667,0.00000000
63.083333,0.00000000
63.100000,0.00000000
63.116667,0.00019739
63.133333,0.00041243
63.150000,0.00007371
63.166667,0.00000000
63.183333,0.00000000
63.200000,0.00049537
63.216667,0.00000000
63.233333,0.00000000
63.250000,0.00044145
63.266667,0.00037986
63.283333,0.00040333
63.300000,0.00035917
63.316667,0.00000000
63.333333,0.00027919
63.350000,0.00000000
63.366667,0.00000000
63.383333,0.00000000
63.400000,0.00011353
63.416667,0.00000000
63.433333,0.00000000
63.450000,0.00045420
63.466667,0.00000000
63.483333,0.00000000
63.500000,0.00049692
63.516667,0.00000000
63.533333,0.00000000
63.550000,0.00000000
63.566667,0.00054394
63.583333,0.00000000
63.600000,0.00000000
63.616667,0.00000000
63.633333,0.00021693
63.650000,0.00000000
63.666667,0.00000000
63.683333,0.00000000
63.700000,0.00002683
63.716667,0.00000000
63.733333,0.00000000
63.750000,0.00000000
63.766667,0.00042571
63.783333,0.00000000
63.800000,0.00015165
63.816667,0.00000000
63.833333,0.00016837
63.850000,0.00000000
63.866667,0.00016704
63.883333,0.00005664
63.900000,0.00009127
63.916667,0.00018443
63.933333,0.00000000
63.950000,0.00000000
63.966667,0.00000000
63.983333,0.00000000
64.000000,0.00041981
64.016667,0.00010364
64.033333,0.00009215
64.050000,0.00072065
64.066667,0.00000543
64.083333,0.00060805
64.100000,0.00000000
64.116667,0.00040001
64.133333,0.00000000
64.150000,0.00000000
64.166667,0.00014328
64.183333,0.00000000
64.200000,0.00020103
64.216667,0.00040288
64.233333,0.00000000
64.250000,0.00000000
64.266667,0.00000000
64.283333,0.00047434
64.300000,0.00000000
64.316667,0.00000000
64.333333,0.00000000
64.350000,0.00007791
64.366667,0.00043927
64.383333,0.00000000
64.400000,0.00046834
64.416667,0.00075586
64.433333,0.00023995
64.450000,0.00000000
64.466667,0.00055108
64.483333,0.00026561
64.500000,0.00041437
64.516667,0.00000000
64.533333,0.00000000
64.550000,0.00042027
64.566667,0.00000000
64.583333,0.00016917
64.600000,0.00000000
64.616667,0.00036166
64.633333,0.00000972
64.650000,0.00000000
64.666667,0.00000000
64.683333,0.00000000
64.700000,0.00000000
64.716667,0.00020095
64.733333,0.00000000
64.750000,0.00025498
64.766667,0.00085601
64.783333,0.00026191
64.800000,0.00000000
64.816667,0.00000000
64.833333,0.00000000
64.850000,0.00057158
64.866667,0.00000000
64.883333,0.00000000
64.900000,0.00027184
64.916667,0.00035243
64.933333,0.00027234
64.950000,0.00000000
64.966667,0.00011160
64.983333,0.00036370
65.000000,0.00000000
65.016667,0.00000000
65.033333,0.00017253
65.050000,0.00007116
65.066667,0.00015165
65.083333,0.00000000
65.100000,0.00024015
65.116667,0.00000000
65.133333,0.00000000
65.150000,0.00052169
65.166667,0.00019457
65.183333,0.00000000
65.200000,0.00000000
65.216667,0.00069211
65.233333,0.00000000
65.250000,0.00008511
65.266667,0.00003928
65.283333,0.00000000
65.300000,0.00047928
65.316667,0.00000000
65.333333,0.00000000
65.350000,0.00006606
65.366667,0.00036961
65.383333,0.00000000
65.400000,0.00000000
65.416667,0.00000000
65.433333,0.00000000
65.450000,0.00025492
65.466667,0.00019352
65.483333,0.00004591
65.500000,0.00024645
65.516667,0.00000000
65.533333,0.00000000
65.550000,0.00000000
65.566667,0.00000000
65.583333,0.00000000
65.600000,0.00000000
65.616667,0.00002411
65.633333,0.00024552
65.650000,0.00052103
65.666667,0.00026849
65.683333,0.00017386
65.700000,0.00003250
65.716667,0.00000000
65.733333,0.00000000
65.750000,0.00000000
65.766667,0.00000000
65.783333,0.00000000
65.800000,0.00022881
65.816667,0.00000000
65.833333,0.00024767
65.850000,0.00034200
65.866667,0.00054774
65.883333,0.00015219
65.900000,0.00006957
65.916667,0.00000000
65.933333,0.00015211
65.950000,0.00019804
65.966667,0.00004733
65.983333,0.00000000
66.000000,0.00032152
66.016667,0.00048566
66.033333,0.00028246
66.050000,0.00000000
66.066667,0.00000000
66.083333,0.00017382
66.100000,0.00010296
66.116667,0.00000000
66.133333,0.00000000
66.150000,0.00000000
66.166667,0.00009383
66.183333,0.00000000
66.200000,0.00017843
66.216667,0.00030306
66.233333,0.00000000
66.250000,0.00000000
66.266667,0.00000000
66.283333,0.00000000
66.300000,0.00029761
66.316667,0.00042640
66.333333,0.00000000
66.350000,0.00031852
66.366667,0.00000000
66.383333,0.00006221
66.400000,0.00000000
66.416667,0.00009153
66.433333,0.00000000
66.450000,0.00000000
66.466667,0.00000000
66.483333,0.00000000
66.500000,0.00016422
66.516667,0.00000000
66.533333,0.00023254
66.550000,0.00000000
66.566667,0.00000000
66.583333,0.00000000
66.600000,0.00000000
66.616667,0.00000000
66.633333,0.00015211
66.650000,0.00000000
66.666667,0.00000000
66.683333,0.00000000
66.700000,0.00000000
66.716667,0.00000000
66.733333,0.00055576
66.750000,0.00019478
66.766667,0.00000000
66.783333,0.00000000
66.800000,0.00000000
66.816667,0.00000000
66.833333,0.00000000
66.850000,0.00008269
66.866667,0.00014364
66.883333,0.00030162
66.900000,0.00004691
66.916667,0.00033495
66.933333,0.00000000
66.950000,0.00000000
66.966667,0.00025495
66.983333,0.00000000
67.000000,0.00018486
67.016667,0.00055388
67.033333,0.00000000
67.050000,0.00000000
67.066667,0.00037633
67.083333,0.00066597
67.100000,0.00000000
67.116667,0.00000000
67.133333,0.00009450
67.150000,0.00000000
67.166667,0.00021420
67.183333,0.00020447
67.200000,0.00038435
67.216667,0.00000000
67.233333,0.00000000
67.250000,0.00010434
67.266667,0.00000000
67.283333,0.00063338
67.300000,0.00000000
67.316667,0.00062954
67.333333,0.00000000
67.350000,0.00000000
67.366667,0.00039246
67.383333,0.00016751
67.400000,0.00038795
67.416667,0.00000000
67.433333,0.00010076
67.450000,0.00000000
67.466667,0.00000000
67.483333,0.00000000
67.500000,0.00016186
67.516667,0.00000000
67.533333,0.00000000
67.550000,0.00000000
67.566667,0.00061435
67.583333,0.00000000
67.600000,0.00000000
67.616667,0.00000000
67.633333,0.00000000
67.650000,0.00000000
67.666667,0.00000000
67.683333,0.00000000
67.700000,0.00000000
67.716667,0.00000000
67.733333,0.00005421
67.750000,0.00000000
67.766667,0.00000000
67.783333,0.00000000
67.800000,0.00042075
67.816667,0.00002862
67.833333,0.00054867
67.850000,0.00037605
67.866667,0.00000000
67.883333,0.00056767
67.900000,0.00000000
67.916667,0.00050096
67.933333,0.00000000
67.950000,0.00021455
67.966667,0.00000000
67.983333,0.00021574
68.000000,0.00020608
68.016667,0.00000000
68.033333,0.00000000
68.050000,0.00007789
68.066667,0.00000000
68.083333,0.00039463
68.100000,0.00007737
68.116667,0.00000000
68.133333,0.00044982
68.150000,0.00020623
68.166667,0.00017528
68.183333,0.00007879
68.200000,0.00014383
68.216667,0.00000000
68.233333,0.00046415
68.250000,0.00000000
68.266667,0.00039984
68.283333,0.00019281
68.300000,0.00000000
68.316667,0.00017005
68.333333,0.00027300
68.350000,0.00000000
68.366667,0.00104070
68.383333,0.00000000
68.400000,0.00000232
68.416667,0.00000000
68.433333,0.00000000
68.450000,0.00000000
68.466667,0.00000000
68.483333,0.00000000
68.500000,0.00000000
68.516667,0.00000000
68.533333,0.00000000
68.550000,0.00000000
68.566667,0.00025262
68.583333,0.00000000
68.600000,0.00000000
68.616667,0.00090053
68.633333,0.00029129
68.650000,0.00020412
68.666667,0.00000000
68.683333,0.00000000
68.700000,0.00000000
68.716667,0.00000000
68.733333,0.00000000
68.750000,0.00009535
68.766667,0.00005572
68.783333,0.00000000
68.800000,0.00016926
68.816667,0.00072500
68.833333,0.00046859
68.850000,0.00014678
68.866667,0.00034710
68.883333,0.00041874
68.900000,0.00000000
68.916667,0.00000000
68.933333,0.00015666
68.950000,0.00069411
68.966667,0.00000000
68.983333,0.00000000
69.000000,0.00000000
69.016667,0.00000000
69.033333,0.00029070
69.050000,0.00039423
69.066667,0.00030590
69.083333,0.00000000
69.100000,0.00000000
69.116667,0.00072126
69.133333,0.00000000
69.150000,0.00051569
69.166667,0.00000000
69.183333,0.00031989
69.200000,0.00000000
69.216667,0.00048528
69.233333,0.00000000
69.250000,0.00032120
69.266667,0.00003885
69.283333,0.00000000
69.300000,0.00000000
69.316667,0.00055968
69.333333,0.00062366
69.350000,0.00000000
69.366667,0.00000000
69.383333,0.00050258
69.400000,0.00017425
69.416667,0.00000000
69.433333,0.00016711
69.450000,0.00000000
69.466667,0.00000000
69.483333,0.00000000
69.500000,0.00034891
69.516667,0.00000000
69.533333,0.00059629
69.550000,0.00002464
69.566667,0.00000000
69.583333,0.00073263
69.600000,0.00000000
69.616667,0.00000000
69.633333,0.00000000
69.650000,0.00000000
69.666667,0.00026795
69.683333,0.00000000
69.700000,0.00030054
69.716667,0.00000000
69.733333,0.00000000
69.750000,0.00016241
69.766667,0.00031717
69.783333,0.00049455
69.800000,0.00060739
69.816667,0.00051969
69.833333,0.00000000
69.850000,0.00002452
69.866667,0.00007871
69.883333,0.00005833
69.900000,0.00026296
69.916667,0.00000000
69.933333,0.00013222
69.950000,0.00000000
69.966667,0.00000000
69.983333,0.00013256
70.000000,0.00000000
70.016667,0.00000000
70.033333,0.00000000
70.050000,0.00000000
70.066667,0.00000000
70.083333,0.00000000
70.100000,0.00002094
70.116667,0.00010466
70.133333,0.00015825
70.150000,0.00000000
70.166667,0.00090051
70.183333,0.00015638
70.200000,0.00042815
70.216667,0.00000000
70.233333,0.00014436
70.250000,0.00007765
70.266667,0.00000000
70.283333,0.00026805
70.300000,0.00026651
70.316667,0.00008924
70.333333,0.00000000
70.350000,0.00000000
70.366667,0.00038564
70.383333,0.00000000
70.400000,0.00000000
70.416667,0.00017280
70.433333,0.00021098
70.450000,0.00014429
70.466667,0.00049978
70.483333,0.00000000
70.500000,0.00000000
70.516667,0.00000000
70.533333,0.00000006
70.550000,0.00000000
70.566667,0.00029504
70.583333,0.00003378
70.600000,0.00032335
70.616667,0.00000000
70.633333,0.00000000
70.650000,0.00000000
70.666667,0.00008189
70.683333,0.00000000
70.700000,0.00016785
70.716667,0.00021739
70.733333,0.00000000
70.750000,0.00007789
70.766667,0.00070045
70.783333,0.00000000
70.800000,0.00000000
70.816667,0.00002108
70.833333,0.00044408
70.850000,0.00073145
70.866667,0.00059279
70.883333,0.00000059
70.900000,0.00000000
70.916667,0.00035267
70.933333,0.00016155
70.950000,0.00019376
70.966667,0.00052033
70.983333,0.00027263
71.000000,0.00000000
71.016667,0.00008782
71.033333,0.00022449
71.050000,0.00007760
71.066667,0.00000000
71.083333,0.00062290
71.100000,0.00000000
71.116667,0.00014372
71.133333,0.00006233
71.150000,0.00017026
71.166667,0.00008483
71.183333,0.00000000
71.200000,0.00000000
71.216667,0.00000000
71.233333,0.00032833
71.250000,0.00074885
71.266667,0.00000000
71.283333,0.00000000
71.300000,0.00010668
71.316667,0.00000000
71.333333,0.00001922
71.350000,0.00000000
71.366667,0.00000000
71.383333,0.00000000
71.400000,0.00000000
71.416667,0.00009703
71.433333,0.00050815
71.450000,0.00000000
71.466667,0.00000000
71.483333,0.00000000
71.500000,0.00000000
71.516667,0.00000000
71.533333,0.00011585
71.550000,0.00033563
71.566667,0.00000000
71.583333,0.00000000
71.600000,0.00002223
71.616667,0.00008086
71.633333,0.00000000
71.650000,0.00004513
71.666667,0.00000000
71.683333,0.00026183
71.700000,0.00049921
71.716667,0.00000000
71.733333,0.00000000
71.750000,0.00000000
71.766667,0.00025839
71.783333,0.00032470
71.800000,0.00025923
71.816667,0.00009719
71.833333,0.00000000
71.850000,0.00000000
71.866667,0.00000000
71.883333,0.00049777
71.900000,0.00051647
71.916667,0.00084416
71.933333,0.00056363
71.950000,0.00029589
71.966667,0.00024904
71.983333,0.00051232
72.000000,0.00000000
72.016667,0.00000000
72.033333,0.00045634
72.050000,0.00059616
72.066667,0.00000000
72.083333,0.00000000
72.100000,0.00024182
72.116667,0.00000000
72.133333,0.00015126
72.150000,0.00000000
72.166667,0.00000000
72.183333,0.00011473
72.200000,0.00000000
72.216667,0.00013351
72.233333,0.00049699
72.250000,0.00031494
72.266667,0.00000000
72.283333,0.00051988
72.300000,0.00066646
72.316667,0.00018556
72.333333,0.00000000
72.350000,0.00000000
72.366667,0.00000000
72.383333,0.00000000
72.400000,0.00000000
72.416667,0.00037282
72.433333,0.00011822
72.450000,0.00012535
72.466667,0.00000000
72.483333,0.00024800
72.500000,0.00000000
72.516667,0.00047791
72.533333,0.00000000
72.550000,0.00000000
72.566667,0.00043260
72.583333,0.00001341
72.600000,0.00000000
72.616667,0.00008082
72.633333,0.00000000
72.650000,0.00000000
72.666667,0.00000000
72.683333,0.00000000
72.700000,0.00000000
72.716667,0.00020966
72.733333,0.00052863
72.750000,0.00000000
72.766667,0.00000000
72.783333,0.00004956
72.800000,0.00000000
72.816667,0.00000000
72.833333,0.00011937
72.850000,0.00010483
72.866667,0.00043860
72.883333,0.00067023
72.900000,0.00000000
72.916667,0.00000000
72.933333,0.00000000
72.950000,0.00000000
72.966667,0.00009161
72.983333,0.00026274
73.000000,0.00023029
73.016667,0.00022348
73.033333,0.00000000
73.050000,0.00035682
73.066667,0.00000000
73.083333,0.00000000
73.100000,0.00000000
73.116667,0.00000000
73.133333,0.00036597
73.150000,0.00007812
73.166667,0.00000000
73.183333,0.00038253
73.200000,0.00084674
73.216667,0.00000000
73.233333,0.00000000
73.250000,0.00000000
73.266667,0.00023103
73.283333,0.00000000
73.300000,0.00000000
73.316667,0.00005357
73.333333,0.00000000
73.350000,0.00021919
73.366667,0.00034021
73.383333,0.00000000
73.400000,0.00013617
73.416667,0.00017731
73.433333,0.00000000
73.450000,0.00000000
73.466667,0.00018645
73.483333,0.00032038
73.500000,0.00013749
73.516667,0.00029265
73.533333,0.00032434
73.550000,0.00000000
73.566667,0.00022077
73.583333,0.00000000
73.600000,0.00000000
73.616667,0.00000000
73.633333,0.00006125
73.650000,0.00000000
73.666667,0.00000000
73.683333,0.00046082
73.700000,0.00025865
73.716667,0.00060743
73.733333,0.00000000
73.750000,0.00000000
73.766667,0.00020918
73.783333,0.00008692
73.800000,0.00000000
73.816667,0.00000000
73.833333,0.00023491
73.850000,0.00000000
73.866667,0.00000000
73.883333,0.00053044
73.900000,0.00043158
73.916667,0.00000000
73.933333,0.00013936
73.950000,0.00005831
73.966667,0.00002054
73.983333,0.00000000
74.000000,0.00000000
74.016667,0.00000000
74.033333,0.00000000
74.050000,0.00055191
74.066667,0.00004235
74.083333,0.00014498
74.100000,0.00000000
74.116667,0.00004937
74.133333,0.00000000
74.150000,0.00020387
74.166667,0.00000000
74.183333,0.00000000
74.200000,0.00000000
74.216667,0.00000000
74.233333,0.00050305
74.250000,0.00000000
74.266667,0.00000573
74.283333,0.00011433
74.300000,0.00004057
74.316667,0.00007871
74.333333,0.00000000
74.350000,0.00026807
74.366667,0.00000000
74.383333,0.00000000
74.400000,0.00000000
74.416667,0.00000000
74.433333,0.00000000
74.450000,0.00043279
74.466667,0.00000000
74.483333,0.00000000
74.500000,0.00000000
74.516667,0.00094148
74.533333,0.00035503
74.550000,0.00000000
74.566667,0.00000000
74.583333,0.00000000
74.600000,0.00000000
74.616667,0.00003353
74.633333,0.00000000
74.650000,0.00000000
74.666667,0.00000000
74.683333,0.00057792
74.700000,0.00028306
74.716667,0.00009774
74.733333,0.00000000
74.750000,0.00057039
74.766667,0.00000000
74.783333,0.00013828
74.800000,0.00000000
74.816667,0.00000000
74.833333,0.00002809
74.850000,0.00067409
74.866667,0.00000000
74.883333,0.00009335
74.900000,0.00022147
74.916667,0.00000000
74.933333,0.00072081
74.950000,0.00022450
74.966667,0.00031882
74.983333,0.00000000
75.000000,0.00000000
75.016667,0.00000379
75.033333,0.00000000
75.050000,0.00028669
75.066667,0.00054152
75.083333,0.00000379
75.100000,0.00000000
75.116667,0.00013213
75.133333,0.00000000
75.150000,0.00000000
75.166667,0.00000000
75.183333,0.00000000
75.200000,0.00015697
75.216667,0.00012442
75.233333,0.00000000
75.250000,0.00005251
75.266667,0.00000000
75.283333,0.00000000
75.300000,0.00000000
75.316667,0.00000000
75.333333,0.00021397
75.350000,0.00005354
75.366667,0.00026887
75.383333,0.00000000
75.400000,0.00009879
75.416667,0.00000000
75.433333,0.00011614
75.450000,0.00000000
75.466667,0.00049052
75.483333,0.00063085
75.500000,0.00071187
75.516667,0.00076631
75.533333,0.00000000
75.550000,0.00000215
75.566667,0.00000000
75.583333,0.00022684
75.600000,0.00000000
75.616667,0.00009604
75.633333,0.00000000
75.650000,0.00000000
75.666667,0.00034301
75.683333,0.00000000
75.700000,0.00000000
75.716667,0.00000000
75.733333,0.00000000
75.750000,0.00000000
75.766667,0.00000000
75.783333,0.00009138
75.800000,0.00055896
75.816667,0.00000000
75.833333,0.00000007
75.850000,0.00021670
75.866667,0.00039518
75.883333,0.00043815
75.900000,0.00000000
75.916667,0.00017756
75.933333,0.00000000
75.950000,0.00048944
75.966667,0.00036779
75.983333,0.00014369
76.000000,0.00000000
76.016667,0.00000000
76.033333,0.00003497
76.050000,0.00121507
76.066667,0.00000000
76.083333,0.00000000
76.100000,0.00000000
76.116667,0.00031618
76.133333,0.00000000
76.150000,0.00000000
76.166667,0.00000000
76.183333,0.00025654
76.200000,0.00000000
76.216667,0.00011353
76.233333,0.00000000
76.250000,0.00000000
76.266667,0.00000000
76.283333,0.00007509
76.300000,0.00032448
76.316667,0.00000000
76.333333,0.00019251
76.350000,0.00035235
76.366667,0.00061693
76.383333,0.00000000
76.400000,0.00000000
76.416667,0.00013174
76.433333,0.00000000
76.450000,0.00000888
76.466667,0.00019925
76.483333,0.00000000
76.500000,0.00031196
76.516667,0.00017939
76.533333,0.00004070
76.550000,0.00000000
76.566667,0.00023301
76.583333,0.00000000
76.600000,0.00000000
76.616667,0.00000577
76.633333,0.00000000
76.650000,0.00048772
76.666667,0.00000000
76.683333,0.00027729
76.700000,0.00068320
76.716667,0.00053179
76.733333,0.00019777
76.750000,0.00000000
76.766667,0.00000000
76.783333,0.00000000
76.800000,0.00014093
76.816667,0.00000000
76.833333,0.00000000
76.850000,0.00011462
76.866667,0.00000000
76.883333,0.00000000
76.900000,0.00000000
76.916667,0.00000000
76.933333,0.00000000
76.950000,0.00030876
76.966667,0.00000000
76.983333,0.00000000
77.000000,0.00000000
77.016667,0.00000000
77.033333,0.00000000
77.050000,0.00017785
77.066667,0.00000000
77.083333,0.00006208
77.100000,0.00061066
77.116667,0.00000000
77.133333,0.00011197
77.150000,0.00000000
77.166667,0.00017554
77.183333,0.00013811
77.200000,0.00041499
77.216667,0.00000000
77.233333,0.00011448
77.250000,0.00000571
77.266667,0.00043535
77.283333,0.00000000
77.300000,0.00035841
77.316667,0.00000000
77.333333,0.00000000
77.350000,0.00000000
77.366667,0.00000000
77.383333,0.00020384
77.400000,0.00000000
77.416667,0.00010186
77.433333,0.00011090
77.450000,0.00070495
77.466667,0.00000000
77.483333,0.00000000
77.500000,0.00002120
77.516667,0.00000000
77.533333,0.00000000
77.550000,0.00051693
77.566667,0.00019475
77.583333,0.00000000
77.600000,0.00000000
77.616667,0.00011689
77.633333,0.00003116
77.650000,0.00028151
77.666667,0.00041603
77.683333,0.00006526
77.700000,0.00002072
77.716667,0.00078078
77.733333,0.00008335
77.750000,0.00045053
77.766667,0.00014074
77.783333,0.00011654
77.800000,0.00048835
77.816667,0.00000000
77.833333,0.00076567
77.850000,0.00052458
77.866667,0.00062086
77.883333,0.00000000
77.900000,0.00000000
77.916667,0.00000000
77.933333,0.00022448
77.950000,0.00000000
77.966667,0.00042113
77.983333,0.00000000
78.000000,0.00000537
78.016667,0.00049191
78.033333,0.00000000
78.050000,0.00034775
78.066667,0.00000000
78.083333,0.00000000
78.100000,0.00000000
78.116667,0.00059448
78.133333,0.00000000
78.150000,0.00011278
78.166667,0.00000000
78.183333,0.00000000
78.200000,0.00000000
78.216667,0.00018350
78.233333,0.00049473
78.250000,0.00000443
78.266667,0.00000000
78.283333,0.00046603
78.300000,0.00010651
78.316667,0.00023485
78.333333,0.00000000
78.350000,0.00000000
78.366667,0.00000000
78.383333,0.00000000
78.400000,0.00000000
78.416667,0.00022508
78.433333,0.00000000
78.450000,0.00002746
78.466667,0.00009666
78.483333,0.00003518
78.500000,0.00033500
78.516667,0.00000000
78.533333,0.00000000
78.550000,0.00000000
78.566667,0.00000000
78.583333,0.00048825
78.600000,0.00000000
78.616667,0.00000000
78.633333,0.00000000
78.650000,0.00000000
78.666667,0.00011333
78.683333,0.00000000
78.700000,0.00009218
78.716667,0.00043098
78.733333,0.00036499
78.750000,0.00000000
78.766667,0.00000000
78.783333,0.00000000
78.800000,0.00000000
78.816667,0.00038194
78.833333,0.00065896
78.850000,0.00000000
78.866667,0.00000000
78.883333,0.00000000
78.900000,0.00014097
78.916667,0.00000000
78.933333,0.00048519
78.950000,0.00008837
78.966667,0.00004413
78.983333,0.00049745
79.000000,0.00000000
79.016667,0.00000000
79.033333,0.00000000
79.050000,0.00040607
79.066667,0.00000000
79.083333,0.00000000
79.100000,0.00000000
79.116667,0.00021146
79.133333,0.00000000
79.150000,0.00026326
79.166667,0.00006687
79.183333,0.00026370
79.200000,0.00000000
79.216667,0.00000000
79.233333,0.00029339
79.250000,0.00000000
79.266667,0.00000000
79.283333,0.00023490
79.300000,0.00000000
79.316667,0.00000000
79.333333,0.00000000
79.350000,0.00004617
79.366667,0.00000000
79.383333,0.00023021
79.400000,0.00000000
79.416667,0.00042495
79.433333,0.00049863
79.450000,0.00043863
79.466667,0.00000162
79.483333,0.00063606
79.500000,0.00066316
79.516667,0.00042013
79.533333,0.00000000
79.550000,0.00000843
79.566667,0.00053341
79.583333,0.00019350
79.600000,0.00000000
79.616667,0.00000000
79.633333,0.00000000
79.650000,0.00020251
79.666667,0.00000000
79.683333,0.00011365
79.700000,0.00031525
79.716667,0.00007424
79.733333,0.00049982
79.750000,0.00000000
79.766667,0.00000000
79.783333,0.00000000
79.800000,0.00029477
79.816667,0.00009366
79.833333,0.00000000
79.850000,0.00000000
79.866667,0.00020642
79.883333,0.00000000
79.900000,0.00029373
79.916667,0.00000000
79.933333,0.00000000
79.950000,0.00029825
79.966667,0.00013397
79.983333,0.00000000
80.000000,0.00024298
80.016667,0.00000000
80.033333,0.00000000
80.050000,0.00001452
80.066667,0.00025421
80.083333,0.00000000
80.100000,0.00000000
80.116667,0.00026047
80.133333,0.00000000
80.150000,0.00000000
80.166667,0.00000000
80.183333,0.00013037
80.200000,0.00000000
80.216667,0.00000000
80.233333,0.00000000
80.250000,0.00000000
80.266667,0.00045958
80.283333,0.00000000
80.300000,0.00002508
80.316667,0.00031628
80.333333,0.00059557
80.350000,0.00019717
80.366667,0.00034553
80.383333,0.00015843
80.400000,0.00037858
80.416667,0.00061258
80.433333,0.00000000
80.450000,0.00000000
80.466667,0.00061628
80.483333,0.00000000
80.500000,0.00000000
80.516667,0.00000000
80.533333,0.00042320
80.550000,0.00000000
80.566667,0.00047576
80.583333,0.00000000
80.600000,0.00000000
80.616667,0.00000000
80.633333,0.00019654
80.650000,0.00020156
80.666667,0.00042238
80.683333,0.00000000
80.700000,0.00108622
80.716667,0.00000000
80.733333,0.00000000
80.750000,0.00000000
80.766667,0.00020592
80.783333,0.00000000
80.800000,0.00052357
80.816667,0.00000000
80.833333,0.00000000
80.850000,0.00005701
80.866667,0.00000000
80.883333,0.00031896
80.900000,0.00045262
80.916667,0.00003573
80.933333,0.00008190
80.950000,0.00003551
80.966667,0.00026850
80.983333,0.00037523
81.000000,0.00000000
81.016667,0.00000000
81.033333,0.00000000
81.050000,0.00090736
81.066667,0.00000000
81.083333,0.00000000
81.100000,0.00000000
81.116667,0.00062921
81.133333,0.00026603
81.150000,0.00000000
81.166667,0.00000000
81.183333,0.00000000
81.200000,0.00000000
81.216667,0.00000000
81.233333,0.00000000
81.250000,0.00000000
81.266667,0.00000000
81.283333,0.00000000
81.300000,0.00000000
81.316667,0.00027962
81.333333,0.00012594
81.350000,0.00085513
81.366667,0.00000000
81.383333,0.00000000
81.400000,0.00000000
81.416667,0.00000000
81.433333,0.00000000
81.450000,0.00000000
81.466667,0.00037351
81.483333,0.00000000
81.500000,0.00000000
81.516667,0.00012898
81.533333,0.00000000
81.550000,0.00000000
81.566667,0.00028540
81.583333,0.00007387
81.600000,0.00000000
81.616667,0.00017093
81.633333,0.00063552
81.650000,0.00061450
81.666667,0.00000000
81.683333,0.00000000
81.700000,0.00003868
81.716667,0.00000000
81.733333,0.00012774
81.750000,0.00041429
81.766667,0.00014515
81.783333,0.00031443
81.800000,0.00027705
81.816667,0.00039799
81.833333,0.00009048
81.850000,0.00051542
81.866667,0.00000000
81.883333,0.00000000
81.900000,0.00044219
81.916667,0.00000000
81.933333,0.00000000
81.950000,0.00027263
81.966667,0.00083748
81.983333,0.00000000
82.000000,0.00040313
82.016667,0.00015314
82.033333,0.00001922
82.050000,0.00000000
82.066667,0.00011682
82.083333,0.00002988
82.100000,0.00000000
82.116667,0.00041555
82.133333,0.00000000
82.150000,0.00027575
82.166667,0.00000000
82.183333,0.00034737
82.200000,0.00000264
82.216667,0.00075041
82.233333,0.00000000
82.250000,0.00000000
82.266667,0.00000000
82.283333,0.00000000
82.300000,0.00017755
82.316667,0.00000000
82.333333,0.00000000
82.350000,0.00000000
82.366667,0.00000000
82.383333,0.00000000
82.400000,0.00000000
82.416667,0.00000000
82.433333,0.00000000
82.450000,0.00011207
82.466667,0.00006954
82.483333,0.00061368
82.500000,0.00030641
82.516667,0.00025184
82.533333,0.00003055
82.550000,0.00051857
82.566667,0.00000000
82.583333,0.00000000
82.600000,0.00000000
82.616667,0.00024487
82.633333,0.00057716
82.650000,0.00034701
82.666667,0.00047593
82.683333,0.00000000
82.700000,0.00000000
82.716667,0.00000000
82.733333,0.00004580
82.750000,0.00048898
82.766667,0.00020971
82.783333,0.00000000
82.800000,0.00061485
82.816667,0.00042229
82.833333,0.00000000
82.850000,0.00001125
82.866667,0.00000771
82.883333,0.00000000
82.900000,0.00000000
82.916667,0.00064701
82.933333,0.00056307
82.950000,0.00030341
82.966667,0.00000190
82.983333,0.00007256
83.000000,0.00026894
83.016667,0.00024713
83.033333,0.00000000
83.050000,0.00012172
83.066667,0.00000000
83.083333,0.00000000
83.100000,0.00000000
83.116667,0.00013998
83.133333,0.00047769
83.150000,0.00000000
83.166667,0.00051341
83.183333,0.00000000
83.200000,0.00000000
83.216667,0.00007280
83.233333,0.00024225
83.250000,0.00000000
83.266667,0.00000000
83.283333,0.00010319
83.300000,0.00000000
83.316667,0.00017426
83.333333,0.00000000
83.350000,0.00000000
83.366667,0.00031103
83.383333,0.00026683
83.400000,0.00006062
83.416667,0.00000000
83.433333,0.00023314
83.450000,0.00007068
83.466667,0.00000000
83.483333,0.00000000
83.500000,0.00000000
83.516667,0.00096327
83.533333,0.00014386
83.550000,0.00000000
83.566667,0.00000000
83.583333,0.00022901
83.600000,0.00078150
83.616667,0.00015723
83.633333,0.00035981
83.650000,0.00000000
83.666667,0.00076118
83.683333,0.00000000
83.700000,0.00009011
83.716667,0.00000000
83.733333,0.00038488
83.750000,0.00000000
83.766667,0.00000000
83.783333,0.00073162
83.800000,0.00000000
83.816667,0.00000000
83.833333,0.00000000
83.850000,0.00079315
83.866667,0.00000000
83.883333,0.00017514
83.900000,0.00024495
83.916667,0.00065756
83.933333,0.00000000
83.950000,0.00042151
83.966667,0.00015325
83.983333,0.00000000
84.000000,0.00000000
84.016667,0.00019516
84.033333,0.00004394
84.050000,0.00000000
84.066667,0.00000000
84.083333,0.00032239
84.100000,0.00004936
84.116667,0.00014586
84.133333,0.00004058
84.150000,0.00020228
84.166667,0.00034772
84.183333,0.00000000
84.200000,0.00000000
84.216667,0.00073308
84.233333,0.00000000
84.250000,0.00013979
84.266667,0.00034626
84.283333,0.00008702
84.300000,0.00047916
84.316667,0.00014948
84.333333,0.00042257
84.350000,0.00031290
84.366667,0.00000000
84.383333,0.00004189
84.400000,0.00002531
84.416667,0.00052651
84.433333,0.00013064
84.450000,0.00031725
84.466667,0.00001548
84.483333,0.00061663
84.500000,0.00011230
84.516667,0.00000000
84.533333,0.00000000
84.550000,0.00000000
84.566667,0.00001576
84.583333,0.00021239
84.600000,0.00000000
84.616667,0.00069791
84.633333,0.00011426
84.650000,0.00000000
84.666667,0.00005023
84.683333,0.00000000
84.700000,0.00008571
84.716667,0.00008489
84.733333,0.00000000
84.750000,0.00000000
84.766667,0.00000000
84.783333,0.00018029
84.800000,0.00044807
84.816667,0.00058779
84.833333,0.00036778
84.850000,0.00000000
84.866667,0.00000000
84.883333,0.00032561
84.900000,0.00023183
84.916667,0.00000000
84.933333,0.00041420
84.950000,0.00000000
84.966667,0.00008508
84.983333,0.00019607
85.000000,0.00000000
85.016667,0.00000000
85.033333,0.00089959
85.050000,0.00022726
85.066667,0.00015492
85.083333,0.00005355
85.100000,0.00000000
85.116667,0.00000000
85.133333,0.00034192
85.150000,0.00000112
85.166667,0.00003849
85.183333,0.00000000
85.200000,0.00000000
85.216667,0.00027944
85.233333,0.00000000
85.250000,0.00000000
85.266667,0.00014410
85.283333,0.00000000
85.300000,0.00032809
85.316667,0.00000000
85.333333,0.00018686
85.350000,0.00000000
85.366667,0.00000995
85.383333,0.00000000
85.400000,0.00072738
85.416667,0.00056788
85.433333,0.00000000
85.450000,0.00000000
85.466667,0.00000000
85.483333,0.00048772
85.500000,0.00037783
85.516667,0.00000000
85.533333,0.00000000
85.550000,0.00000000
85.566667,0.00067971
85.583333,0.00048268
85.600000,0.00027550
85.616667,0.00000000
85.633333,0.00014135
85.650000,0.00080986
85.666667,0.00000000
85.683333,0.00062021
85.700000,0.00000000
85.716667,0.00000000
85.733333,0.00000000
85.750000,0.00012437
85.766667,0.00000000
85.783333,0.00000000
85.800000,0.00023818
85.816667,0.00000000
85.833333,0.00000000
85.850000,0.00049346
85.866667,0.00003161
85.883333,0.00000000
85.900000,0.00043851
85.916667,0.00023818
85.933333,0.00016566
85.950000,0.00030894
85.966667,0.00009851
85.983333,0.00000000
86.000000,0.00000000
86.016667,0.00000000
86.033333,0.00000000
86.050000,0.00031458
86.066667,0.00012206
86.083333,0.00000000
86.100000,0.00000000
86.116667,0.00036526
86.133333,0.00000000
86.150000,0.00011571
86.166667,0.00000000
86.183333,0.00000000
86.200000,0.00000000
86.216667,0.00000000
86.233333,0.00000000
86.250000,0.00000000
86.266667,0.00006147
86.283333,0.00000000
86.300000,0.00105697
86.316667,0.00000000
86.333333,0.00024243
86.350000,0.00000000
86.366667,0.00015941
86.383333,0.00049329
86.400000,0.00015926
86.416667,0.00000000
86.433333,0.00067432
86.450000,0.00000000
86.466667,0.00043588
86.483333,0.00000000
86.500000,0.00000000
86.516667,0.00000000
86.533333,0.00000000
86.550000,0.00061464
86.566667,0.00000000
86.583333,0.00030036
86.600000,0.00050349
86.616667,0.00065587
86.633333,0.00045191
86.650000,0.00000000
86.666667,0.00000000
86.683333,0.00000000
86.700000,0.00043363
86.716667,0.00000000
86.733333,0.00062132
86.750000,0.00000000
86.766667,0.00029036
86.783333,0.00039572
86.800000,0.00000000
86.816667,0.00000000
86.833333,0.00000000
86.850000,0.00000000
86.866667,0.00011569
86.883333,0.00000000
86.900000,0.00097513
86.916667,0.00009952
86.933333,0.00054948
86.950000,0.00025359
86.966667,0.00000000
86.983333,0.00043329
87.000000,0.00007904
87.016667,0.00000000
87.033333,0.00000000
87.050000,0.00000000
87.066667,0.00006254
87.083333,0.00001919
87.100000,0.00037691
87.116667,0.00019762
87.133333,0.00033623
87.150000,0.00000000
87.166667,0.00000000
87.183333,0.00009166
87.200000,0.00012531
87.216667,0.00000000
87.233333,0.00020758
87.250000,0.00000000
87.266667,0.00000000
87.283333,0.00000000
87.300000,0.00000000
87.316667,0.00000000
87.333333,0.00000000
87.350000,0.00000000
87.366667,0.00000000
87.383333,0.00000000
87.400000,0.00000000
87.416667,0.00000000
87.433333,0.00034139
87.450000,0.00014816
87.466667,0.00028832
87.483333,0.00000000
87.500000,0.00057578
87.516667,0.00000000
87.533333,0.00046908
87.550000,0.00015273
87.566667,0.00000000
87.583333,0.00034178
87.600000,0.00000000
87.616667,0.00000000
87.633333,0.00000000
87.650000,0.00005853
87.666667,0.00045524
87.683333,0.00001217
87.700000,0.00000000
87.716667,0.00015627
87.733333,0.00018329
87.750000,0.00000000
87.766667,0.00000238
87.783333,0.00000000
87.800000,0.00030136
87.816667,0.00007819
87.833333,0.00039617
87.850000,0.00023653
87.866667,0.00000000
87.883333,0.00022374
87.900000,0.00000000
87.916667,0.00032533
87.933333,0.00000000
87.950000,0.00066123
87.966667,0.00000000
87.983333,0.00000000
88.000000,0.00000000
88.016667,0.00000000
88.033333,0.00003911
88.050000,0.00000000
88.066667,0.00000000
88.083333,0.00022981
88.100000,0.00004251
88.116667,0.00000000
88.133333,0.00000000
88.150000,0.00000000
88.166667,0.00000000
88.183333,0.00000000
88.200000,0.00000638
88.216667,0.00009613
88.233333,0.00040565
88.250000,0.00028921
88.266667,0.00059129
88.283333,0.00032670
88.300000,0.00024887
88.316667,0.00009364
88.333333,0.00000000
88.350000,0.00011495
88.366667,0.00000000
88.383333,0.00043694
88.400000,0.00000000
88.416667,0.00000000
88.433333,0.00000000
88.450000,0.00000000
88.466667,0.00018890
88.483333,0.00000000
88.500000,0.00000000
88.516667,0.00062816
88.533333,0.00000000
88.550000,0.00055465
88.566667,0.00023665
88.583333,0.00025154
88.600000,0.00029954
88.616667,0.00020466
88.633333,0.00000000
88.650000,0.00000000
88.666667,0.00008730
88.683333,0.00029104
88.700000,0.00000000
88.716667,0.00000000
88.733333,0.00000000
88.750000,0.00000000
88.766667,0.00000000
88.783333,0.00004877
88.800000,0.00031498
88.816667,0.00000000
88.833333,0.00000000
88.850000,0.00045239
88.866667,0.00000000
88.883333,0.00034063
88.900000,0.00000000
88.916667,0.00035907
88.933333,0.00000000
88.950000,0.00000000
88.966667,0.00000000
88.983333,0.00000000
89.000000,0.00076841
89.016667,0.00073720
89.033333,0.00053206
89.050000,0.00027262
89.066667,0.00000000
89.083333,0.00047643
89.100000,0.00021340
89.116667,0.00000000
89.133333,0.00000000
89.150000,0.00000000
89.166667,0.00000000
89.183333,0.00000000
89.200000,0.00000000
89.216667,0.00080039
89.233333,0.00037339
89.250000,0.00036684
89.266667,0.00017433
89.283333,0.00003465
89.300000,0.00070900
89.316667,0.00044437
89.333333,0.00075509
89.350000,0.00000000
89.366667,0.00014192
89.383333,0.00000000
89.400000,0.00002829
89.416667,0.00000000
89.433333,0.00033804
89.450000,0.00000000
89.466667,0.00009572
89.483333,0.00000000
89.500000,0.00065959
89.516667,0.00000000
89.533333,0.00046692
89.550000,0.00024926
89.566667,0.00003904
89.583333,0.00020544
89.600000,0.00000000
89.616667,0.00000000
89.633333,0.00000000
89.650000,0.00002221
89.666667,0.00000000
89.683333,0.00005568
89.700000,0.00000000
89.716667,0.00024154
89.733333,0.00000000
89.750000,0.00000000
89.766667,0.00008152
89.783333,0.00000000
89.800000,0.00041024
89.816667,0.00036708
89.833333,0.00000000
89.850000,0.00064158
89.866667,0.00000000
89.883333,0.00000000
89.900000,0.00000000
89.916667,0.00086646
89.933333,0.00013333
89.950000,0.00000000
89.966667,0.00091052
89.983333,0.00000000
90.000000,0.00000000
90.016667,0.00000000
90.033333,0.00031372
90.050000,0.00019339
90.066667,0.00034863
90.083333,0.00000000
90.100000,0.00051001
90.116667,0.00000000
90.133333,0.00018142
90.150000,0.00000000
90.166667,0.00000000
90.183333,0.00031864
90.200000,0.00000000
90.216667,0.00000000
90.233333,0.00000000
90.250000,0.00000000
90.266667,0.00071091
90.283333,0.00000000
90.300000,0.00000000
90.316667,0.00000000
90.333333,0.00000000
90.350000,0.00000000
90.366667,0.00000000
90.383333,0.00000000
90.400000,0.00003016
90.416667,0.00015501
90.433333,0.00000000
90.450000,0.00000000
90.466667,0.00000000
90.483333,0.00000000
90.500000,0.00000000
90.516667,0.00032162
90.533333,0.00042885
90.550000,0.00057959
90.566667,0.00041290
90.583333,0.00000000
90.600000,0.00000000
90.616667,0.00044342
90.633333,0.00020573
90.650000,0.00015135
90.666667,0.00000000
90.683333,0.00000000
90.700000,0.00002768
90.716667,0.00000000
90.733333,0.00000000
90.750000,0.00033381
90.766667,0.00033359
90.783333,0.00000000
90.800000,0.00027239
90.816667,0.00049350
90.833333,0.00000000
90.850000,0.00000000
90.866667,0.00031048
90.883333,0.00000000
90.900000,0.00017430
90.916667,0.00000000
90.933333,0.00038845
90.950000,0.00014225
90.966667,0.00000000
90.983333,0.00007741
91.000000,0.00029117
91.016667,0.00000000
91.033333,0.00047582
91.050000,0.00003775
91.066667,0.00055106
91.083333,0.00000000
91.100000,0.00025673
91.116667,0.00000000
91.133333,0.00000000
91.150000,0.00000000
91.166667,0.00000000
91.183333,0.00039709
91.200000,0.00011983
91.216667,0.00001046
91.233333,0.00000000
91.250000,0.00000000
91.266667,0.00004709
91.283333,0.00000000
91.300000,0.00029418
91.316667,0.00000000
91.333333,0.00086852
91.350000,0.00000000
91.366667,0.00043367
91.383333,0.00000000
91.400000,0.00018014
91.416667,0.00000000
91.433333,0.00000000
91.450000,0.00000000
91.466667,0.00031844
91.483333,0.00000000
91.500000,0.00000000
91.516667,0.00000000
91.533333,0.00000000
91.550000,0.00020724
91.566667,0.00000000
91.583333,0.00000000
91.600000,0.00000000
91.616667,0.00000000
91.633333,0.00064084
91.650000,0.00000000
91.666667,0.00042192
91.683333,0.00000000
91.700000,0.00016502
91.716667,0.00034262
91.733333,0.00000000
91.750000,0.00007707
91.766667,0.00000000
91.783333,0.00000000
91.800000,0.00000000
91.816667,0.00000000
91.833333,0.00022079
91.850000,0.00000000
91.866667,0.00000000
91.883333,0.00000000
91.900000,0.00000000
91.916667,0.00000000
91.933333,0.00006170
91.950000,0.00006534
91.966667,0.00013937
91.983333,0.00005537
92.000000,0.00014446
92.016667,0.00000000
92.033333,0.00029288
92.050000,0.00069566
92.066667,0.00020843
92.083333,0.00023648
92.100000,0.00000000
92.116667,0.00000000
92.133333,0.00010271
92.150000,0.00000000
92.166667,0.00058373
92.183333,0.00000000
92.200000,0.00024447
92.216667,0.00013393
92.233333,0.00017228
92.250000,0.00006069
92.266667,0.00100187
92.283333,0.00000000
92.300000,0.00000000
92.316667,0.00000000
92.333333,0.00005083
92.350000,0.00000000
92.366667,0.00000000
92.383333,0.00068054
92.400000,0.00022248
92.416667,0.00048890
92.433333,0.00033091
92.450000,0.00000000
92.466667,0.00000000
92.483333,0.00000000
92.500000,0.00000000
92.516667,0.00000000
92.533333,0.00000000
92.550000,0.00021664
92.566667,0.00021052
92.583333,0.00000000
92.600000,0.00035862
92.616667,0.00032113
92.633333,0.00000000
92.650000,0.00048392
92.666667,0.00024781
92.683333,0.00000000
92.700000,0.00033686
92.716667,0.00000000
92.733333,0.00039475
92.750000,0.00100725
92.766667,0.00028209
92.783333,0.00015438
92.800000,0.00000001
92.816667,0.00000000
92.833333,0.00060240
92.850000,0.00006341
92.866667,0.00022573
92.883333,0.00002048
92.900000,0.00000000
92.916667,0.00000000
92.933333,0.00000000
92.950000,0.00000000
92.966667,0.00000000
92.983333,0.00042379
93.000000,0.00000000
93.016667,0.00000000
93.033333,0.00000000
93.050000,0.00029299
93.066667,0.00005460
93.083333,0.00035378
93.100000,0.00000000
93.116667,0.00036108
93.133333,0.00000000
93.150000,0.00012029
93.166667,0.00028358
93.183333,0.00019312
93.200000,0.00019682
93.216667,0.00045187
93.233333,0.00042296
93.250000,0.00000000
93.266667,0.00000000
93.283333,0.00036020
93.300000,0.00030288
93.316667,0.00053807
93.333333,0.00000000
93.350000,0.00041813
93.366667,0.00000000
93.383333,0.00009185
93.400000,0.00063525
93.416667,0.00029100
93.433333,0.00001618
93.450000,0.00000000
93.466667,0.00000000
93.483333,0.00000000
93.500000,0.00006512
93.516667,0.00000000
93.533333,0.00000000
93.550000,0.00000000
93.566667,0.00000000
93.583333,0.00000000
93.600000,0.00000000
93.616667,0.00065243
93.633333,0.00016483
93.650000,0.00000000
93.666667,0.00000000
93.683333,0.00021844
93.700000,0.00000000
93.716667,0.00013787
93.733333,0.00000000
93.750000,0.00000000
93.766667,0.00013515
93.783333,0.00047974
93.800000,0.00000000
93.816667,0.00000000
93.833333,0.00003429
93.850000,0.00000000
93.866667,0.00010479
93.883333,0.00000000
93.900000,0.00061969
93.916667,0.00041306
93.933333,0.00047735
93.950000,0.00009770
93.966667,0.00000000
93.983333,0.00004490
94.000000,0.00000000
94.016667,0.00011714
94.033333,0.00000000
94.050000,0.00000000
94.066667,0.00000000
94.083333,0.00042364
94.100000,0.00016160
94.116667,0.00044029
94.133333,0.00000000
94.150000,0.00027148
94.166667,0.00000000
94.183333,0.00000000
94.200000,0.00000000
94.216667,0.00043514
94.233333,0.00000000
94.250000,0.00000000
94.266667,0.00040471
94.283333,0.00000000
94.300000,0.00057346
94.316667,0.00000000
94.333333,0.00027253
94.350000,0.00000000
94.366667,0.00017739
94.383333,0.00016613
94.400000,0.00032312
94.416667,0.00000000
94.433333,0.00046637
94.450000,0.00000000
94.466667,0.00000000
94.483333,0.00000000
94.500000,0.00000000
94.516667,0.00013980
94.533333,0.00000000
94.550000,0.00014020
94.566667,0.00031018
94.583333,0.00117741
94.600000,0.00022690
94.616667,0.00078173
94.633333,0.00003074
94.650000,0.00000000
94.666667,0.00011638
94.683333,0.00000000
94.700000,0.00012362
94.716667,0.00043233
94.733333,0.00021088
94.750000,0.00000000
94.766667,0.00039000
94.783333,0.00038741
94.800000,0.00039814
94.816667,0.00000000
94.833333,0.00031845
94.850000,0.00011062
94.866667,0.00021125
94.883333,0.00000000
94.900000,0.00000000
94.916667,0.00069036
94.933333,0.00000000
94.950000,0.00028085
94.966667,0.00055444
94.983333,0.00000000
95.000000,0.00064679
95.016667,0.00004887
95.033333,0.00044273
95.050000,0.00009765
95.066667,0.00074217
95.083333,0.00000000
95.100000,0.00000000
95.116667,0.00000000
95.133333,0.00000000
95.150000,0.00000000
95.166667,0.00012365
95.183333,0.00000000
95.200000,0.00052719
95.216667,0.00000000
95.233333,0.00046438
95.250000,0.00058914
95.266667,0.00000000
95.283333,0.00000000
95.300000,0.00000000
95.316667,0.00071290
95.333333,0.00007315
95.350000,0.00000000
95.366667,0.00027791
95.383333,0.00029235
95.400000,0.00000000
95.416667,0.00000000
95.433333,0.00000000
95.450000,0.00000000
95.466667,0.00044470
95.483333,0.00028857
95.500000,0.00000000
95.516667,0.00060911
95.533333,0.00023629
95.550000,0.00000000
95.566667,0.00000000
95.583333,0.00000000
95.600000,0.00061808
95.616667,0.00000000
95.633333,0.00000000
95.650000,0.00000000
95.666667,0.00003778
95.683333,0.00000000
95.700000,0.00000000
95.716667,0.00000000
95.733333,0.00000000
95.750000,0.00100658
95.766667,0.00000000
95.783333,0.00084744
95.800000,0.00000000
95.816667,0.00000000
95.833333,0.00041178
95.850000,0.00042685
95.866667,0.00057039
95.883333,0.00003030
95.900000,0.00064642
95.916667,0.00000000
95.933333,0.00000000
95.950000,0.00059513
95.966667,0.00001194
95.983333,0.00036307
96.000000,0.00000000
96.016667,0.00033891
96.033333,0.00052810
96.050000,0.00013667
96.066667,0.00002719
96.083333,0.00000000
96.100000,0.00025205
96.116667,0.00000000
96.133333,0.00056793
96.150000,0.00020681
96.166667,0.00043090
96.183333,0.00000000
96.200000,0.00031773
96.216667,0.00000000
96.233333,0.00000000
96.250000,0.00000000
96.266667,0.00017870
96.283333,0.00032266
96.300000,0.00000000
96.316667,0.00000000
96.333333,0.00000000
96.350000,0.00004508
96.366667,0.00010349
96.383333,0.00031876
96.400000,0.00005733
96.416667,0.00022079
96.433333,0.00000000
96.450000,0.00000000
96.466667,0.00000000
96.483333,0.00021646
96.500000,0.00005052
96.516667,0.00075157
96.533333,0.00000000
96.550000,0.00000000
96.566667,0.00007238
96.583333,0.00026767
96.600000,0.00017074
96.616667,0.00000000
96.633333,0.00000000
96.650000,0.00017314
96.666667,0.00000000
96.683333,0.00000000
96.700000,0.00000000
96.716667,0.00000000
96.733333,0.00000000
96.750000,0.00024781
96.766667,0.00000000
96.783333,0.00021962
96.800000,0.00000000
96.816667,0.00039693
96.833333,0.00004212
96.850000,0.00007269
96.866667,0.00000000
96.883333,0.00035824
96.900000,0.00041281
96.916667,0.00047780
96.933333,0.00001065
96.950000,0.00000000
96.966667,0.00000000
96.983333,0.00006462
97.000000,0.00049934
97.016667,0.00003177
97.033333,0.00030261
97.050000,0.00000000
97.066667,0.00000359
97.083333,0.00000000
97.100000,0.00000000
97.116667,0.00000000
97.133333,0.00018029
97.150000,0.00000000
97.166667,0.00000000
97.183333,0.00000000
97.200000,0.00035462
97.216667,0.00000000
97.233333,0.00000000
97.250000,0.00000000
97.266667,0.00061714
97.283333,0.00000000
97.300000,0.00000000
97.316667,0.00000000
97.333333,0.00013653
97.350000,0.00000000
97.366667,0.00000000
97.383333,0.00001031
97.400000,0.00006795
97.416667,0.00000000
97.433333,0.00017913
97.450000,0.00000000
97.466667,0.00000000
97.483333,0.00000000
97.500000,0.00012045
97.516667,0.00029685
97.533333,0.00000000
97.550000,0.00000000
97.566667,0.00044985
97.583333,0.00000000
97.600000,0.00000000
97.616667,0.00001647
97.633333,0.00000000
97.650000,0.00045769
97.666667,0.00033652
97.683333,0.00012131
97.700000,0.00000000
97.716667,0.00000000
97.733333,0.00017476
97.750000,0.00000000
97.766667,0.00000000
97.783333,0.00010857
97.800000,0.00000000
97.816667,0.00086013
97.833333,0.00065038
97.850000,0.00015531
97.866667,0.00009190
97.883333,0.00060718
97.900000,0.00000000
97.916667,0.00042581
97.933333,0.00072628
97.950000,0.00000000
97.966667,0.00000000
97.983333,0.00015067
98.000000,0.00039341
98.016667,0.00018497
98.033333,0.00042228
98.050000,0.00000000
98.066667,0.00000000
98.083333,0.00049322
98.100000,0.00000000
98.116667,0.00000000
98.133333,0.00000000
98.150000,0.00013108
98.166667,0.00012511
98.183333,0.00000000
98.200000,0.00016598
98.216667,0.00072268
98.233333,0.00045504
98.250000,0.00000000
98.266667,0.00002646
98.283333,0.00037805
98.300000,0.00000000
98.316667,0.00015241
98.333333,0.00000000
98.350000,0.00004044
98.366667,0.00020353
98.383333,0.00000000
98.400000,0.00000000
98.416667,0.00000000
98.433333,0.00000000
98.450000,0.00011770
98.466667,0.00038228
98.483333,0.00000000
98.500000,0.00000000
98.516667,0.00035683
98.533333,0.00034731
98.550000,0.00000000
98.566667,0.00030325
98.583333,0.00073889
98.600000,0.00000000
98.616667,0.00045014
98.633333,0.00000000
98.650000,0.00000000
98.666667,0.00000000
98.683333,0.00000000
98.700000,0.00000000
98.716667,0.00073396
98.733333,0.00000000
98.750000,0.00000000
98.766667,0.00021832
98.783333,0.00029935
98.800000,0.00078158
98.816667,0.00000000
98.833333,0.00000000
98.850000,0.00000000
98.866667,0.00056380
98.883333,0.00000000
98.900000,0.00033472
98.916667,0.00000000
98.933333,0.00000000
98.950000,0.00033258
98.966667,0.00004304
98.983333,0.00085265
99.000000,0.00015410
99.016667,0.00000000
99.033333,0.00000000
99.050000,0.00000000
99.066667,0.00026572
99.083333,0.00012868
99.100000,0.00000000
99.116667,0.00000000
99.133333,0.00000000
99.150000,0.00038474
99.166667,0.00032541
99.183333,0.00034394
99.200000,0.00000149
99.216667,0.00005163
99.233333,0.00000857
99.250000,0.00027199
99.266667,0.00064673
99.283333,0.00000000
99.300000,0.00000000
99.316667,0.00049529
99.333333,0.00001279
99.350000,0.00036689
99.366667,0.00000000
99.383333,0.00000000
99.400000,0.00029444
99.416667,0.00017918
99.433333,0.00000000
99.450000,0.00074025
99.466667,0.00001548
99.483333,0.00001321
99.500000,0.00015934
99.516667,0.00037176
99.533333,0.00040158
99.550000,0.00000000
99.566667,0.00056910
99.583333,0.00004554
99.600000,0.00039575
99.616667,0.00010489
99.633333,0.00000000
99.650000,0.00000000
99.666667,0.00000000
99.683333,0.00036407
99.700000,0.00086814
99.716667,0.00010149
99.733333,0.00037650
99.750000,0.00000000
99.766667,0.00000000
99.783333,0.00058375
99.800000,0.00068976
99.816667,0.00000000
99.833333,0.00050357
99.850000,0.00026928
99.866667,0.00000000
99.883333,0.00059808
99.900000,0.00000000
99.916667,0.00039462
99.933333,0.00013893
99.950000,0.00072746
99.966667,0.00000000
99.983333,0.00000000
100.000000,0.00000000
