time_min,signal
0.000000,0.00088244
0.016667,0.00000000
0.033333,0.00049415
0.050000,0.00000000
0.066667,0.00000000
0.083333,0.00000369
0.100000,0.00000000
0.116667,0.00006865
0.133333,0.00010522
0.150000,0.00095633
0.166667,0.00000000
0.183333,0.00000000
0.200000,0.00000000
0.216667,0.00000000
0.233333,0.00006860
0.250000,0.00000000
0.266667,0.00000000
0.283333,0.00013287
0.300000,0.00007979
0.316667,0.00024121
0.333333,0.00000000
0.350000,0.00000000
0.366667,0.00086936
0.383333,0.00046502
0.400000,0.00000000
0.416667,0.00000000
0.433333,0.00020307
0.450000,0.00000000
0.466667,0.00000000
0.483333,0.00012238
0.500000,0.00007054
0.516667,0.00012111
0.533333,0.00013957
0.550000,0.00000000
0.566667,0.00002653
0.583333,0.00007438
0.600000,0.00000000
0.616667,0.00030347
0.633333,0.00000000
0.650000,0.00036640
0.666667,0.00000000
0.683333,0.00012643
0.700000,0.00009716
0.716667,0.00000000
0.733333,0.00000000
0.750000,0.00027839
0.766667,0.00006216
0.783333,0.00000000
0.800000,0.00000000
0.816667,0.00000000
0.833333,0.00000000
0.850000,0.00000000
0.866667,0.00013405
0.883333,0.00018886
0.900000,0.00000000
0.916667,0.00000000
0.933333,0.00013580
0.950000,0.00014054
0.966667,0.00000000
0.983333,0.00000000
1.000000,0.00000000
1.016667,0.00027698
1.033333,0.00000000
1.050000,0.00033961
1.066667,0.00000000
1.083333,0.00008705
1.100000,0.00000000
1.116667,0.00040180
1.133333,0.00012776
1.150000,0.00000000
1.166667,0.00024404
1.183333,0.00000000
1.200000,0.00000000
1.216667,0.00000000
1.233333,0.00001316
1.250000,0.00002204
1.266667,0.00025219
1.283333,0.00008126
1.300000,0.00006411
1.316667,0.00030753
1.333333,0.00035564
1.350000,0.00000000
1.366667,0.00000000
1.383333,0.00017435
1.400000,0.00000000
1.416667,0.00000000
1.433333,0.00000000
1.450000,0.00000000
1.466667,0.00000000
1.483333,0.00000000
1.500000,0.00041645
1.516667,0.00000000
1.533333,0.00039053
1.550000,0.00053623
1.566667,0.00000000
1.583333,0.00000000
1.600000,0.00000000
1.616667,0.00005204
1.633333,0.00005711
1.650000,0.00076897
1.666667,0.00000000
1.683333,0.00056931
1.700000,0.00021267
1.716667,0.00046230
1.733333,0.00022277
1.750000,0.00013171
1.766667,0.00000000
1.783333,0.00010781
1.800000,0.00092856
1.816667,0.00012003
1.833333,0.00000000
1.850000,0.00067645
1.866667,0.00000000
1.883333,0.00055380
1.900000,0.00034902
1.916667,0.00000000
1.933333,0.00078711
1.950000,0.00010255
1.966667,0.00000000
1.983333,0.00035847
2.000000,0.00033747
2.016667,0.00057605
2.033333,0.00000000
2.050000,0.00055133
2.066667,0.00000000
2.083333,0.00000000
2.100000,0.00000000
2.116667,0.00038882
2.133333,0.00000000
2.150000,0.00000000
2.166667,0.00040751
2.183333,0.00027837
2.200000,0.00000000
2.216667,0.00000000
2.233333,0.00016166
2.250000,0.00087104
2.266667,0.00040563
2.283333,0.00000000
2.300000,0.00001129
2.316667,0.00000000
2.333333,0.00037817
2.350000,0.00000000
2.366667,0.00000000
2.383333,0.00021331
2.400000,0.00000000
2.416667,0.00000000
2.433333,0.00000000
2.450000,0.00000000
2.466667,0.00000000
2.483333,0.00000000
2.500000,0.00000000
2.516667,0.00009809
2.533333,0.00042602
2.550000,0.00000000
2.566667,0.00000000
2.583333,0.00006535
2.600000,0.00000000
2.616667,0.00000000
2.633333,0.00034515
2.650000,0.00000000
2.666667,0.00094249
2.683333,0.00014643
2.700000,0.00016552
2.716667,0.00017344
2.733333,0.00000000
2.750000,0.00000000
2.766667,0.00000951
2.783333,0.00000000
2.800000,0.00000000
2.816667,0.00068326
2.833333,0.00048263
2.850000,0.00033457
2.866667,0.00013872
2.883333,0.00000000
2.900000,0.00000000
2.916667,0.00000000
2.933333,0.00023651
2.950000,0.00031315
2.966667,0.00033903
2.983333,0.00032474
3.000000,0.00000000
3.016667,0.00000000
3.033333,0.00029082
3.050000,0.00051665
3.066667,0.00000000
3.083333,0.00047162
3.100000,0.00049327
3.116667,0.00141853
3.133333,0.00125852
3.150000,0.00214869
3.166667,0.00418648
3.183333,0.00447575
3.200000,0.00732071
3.216667,0.01026174
3.233333,0.01434345
3.250000,0.01902473
3.266667,0.02331428
3.283333,0.02819580
3.300000,0.03234077
3.316667,0.03520510
3.333333,0.03616416
3.350000,0.03658483
3.366667,0.03695442
3.383333,0.03600402
3.400000,0.03411527
3.416667,0.02994254
3.433333,0.02543871
3.450000,0.02020496
3.466667,0.01500710
3.483333,0.01186270
3.500000,0.00851164
3.516667,0.00640249
3.533333,0.00498267
3.550000,0.00363500
3.566667,0.00186788
3.583333,0.00205792
3.600000,0.00111678
3.616667,0.00108177
3.633333,0.00085309
3.650000,0.00038005
3.666667,0.00020619
3.683333,0.00085065
3.700000,0.00013834
3.716667,0.00075538
3.733333,0.00012651
3.750000,0.00000000
3.766667,0.00055617
3.783333,0.00031895
3.800000,0.00012776
3.816667,0.00066700
3.833333,0.00000000
3.850000,0.00002517
3.866667,0.00000000
3.883333,0.00019729
3.900000,0.00017460
3.916667,0.00038685
3.933333,0.00005822
3.950000,0.00039800
3.966667,0.00000000
3.983333,0.00045700
4.000000,0.00000000
4.016667,0.00000000
4.033333,0.00000000
4.050000,0.00015972
4.066667,0.00000000
4.083333,0.00000000
4.100000,0.00000000
4.116667,0.00000000
4.133333,0.00000000
4.150000,0.00000000
4.166667,0.00002101
4.183333,0.00031521
4.200000,0.00000000
4.216667,0.00009466
4.233333,0.00036893
4.250000,0.00033555
4.266667,0.00007761
4.283333,0.00047512
4.300000,0.00037896
4.316667,0.00047636
4.333333,0.00000000
4.350000,0.00027590
4.366667,0.00005654
4.383333,0.00000000
4.400000,0.00073364
4.416667,0.00046293
4.433333,0.00033342
4.450000,0.00027711
4.466667,0.00000000
4.483333,0.00000000
4.500000,0.00037470
4.516667,0.00000000
4.533333,0.00012015
4.550000,0.00000000
4.566667,0.00035840
4.583333,0.00000000
4.600000,0.00000000
4.616667,0.00000000
4.633333,0.00052565
4.650000,0.00009624
4.666667,0.00004383
4.683333,0.00000000
4.700000,0.00000000
4.716667,0.00014762
4.733333,0.00000000
4.750000,0.00033037
4.766667,0.00000000
4.783333,0.00043553
4.800000,0.00006768
4.816667,0.00012081
4.833333,0.00000000
4.850000,0.00013084
4.866667,0.00000000
4.883333,0.00000000
4.900000,0.00030620
4.916667,0.00036120
4.933333,0.00014484
4.950000,0.00000000
4.966667,0.00000000
4.983333,0.00040276
5.000000,0.00000000
5.016667,0.00000000
5.033333,0.00024306
5.050000,0.00061004
5.066667,0.00000000
5.083333,0.00000000
5.100000,0.00000000
5.116667,0.00000000
5.133333,0.00015896
5.150000,0.00000000
5.166667,0.00006502
5.183333,0.00000000
5.200000,0.00000000
5.216667,0.00035119
5.233333,0.00000000
5.250000,0.00000000
5.266667,0.00031079
5.283333,0.00000000
5.300000,0.00030966
5.316667,0.00018519
5.333333,0.00028887
5.350000,0.00034527
5.366667,0.00000000
5.383333,0.00008061
5.400000,0.00040846
5.416667,0.00000000
5.433333,0.00030769
5.450000,0.00000000
5.466667,0.00000000
5.483333,0.00000000
5.500000,0.00005404
5.516667,0.00021157
5.533333,0.00058126
5.550000,0.00052571
5.566667,0.00000000
5.583333,0.00000000
5.600000,0.00078166
5.616667,0.00027343
5.633333,0.00000000
5.650000,0.00062783
5.666667,0.00000000
5.683333,0.00000000
5.700000,0.00000000
5.716667,0.00040144
5.733333,0.00000000
5.750000,0.00000000
5.766667,0.00000000
5.783333,0.00000000
5.800000,0.00054628
5.816667,0.00000000
5.833333,0.00000000
5.850000,0.00033043
5.866667,0.00000000
5.883333,0.00021701
5.900000,0.00018907
5.916667,0.00017930
5.933333,0.00000000
5.950000,0.00000000
5.966667,0.00000000
5.983333,0.00000000
6.000000,0.00000000
6.016667,0.00000718
6.033333,0.00000000
6.050000,0.00000000
6.066667,0.00010391
6.083333,0.00002141
6.100000,0.00016293
6.116667,0.00000000
6.133333,0.00032677
6.150000,0.00038607
6.166667,0.00043227
6.183333,0.00000000
6.200000,0.00000000
6.216667,0.00000000
6.233333,0.00026937
6.250000,0.00000000
6.266667,0.00000000
6.283333,0.00019964
6.300000,0.00000000
6.316667,0.00033561
6.333333,0.00000000
6.350000,0.00011691
6.366667,0.00000000
6.383333,0.00017542
6.400000,0.00000000
6.416667,0.00028256
6.433333,0.00000000
6.450000,0.00000208
6.466667,0.00047031
6.483333,0.00056973
6.500000,0.00030189
6.516667,0.00004559
6.533333,0.00044414
6.550000,0.00000000
6.566667,0.00000000
6.583333,0.00019634
6.600000,0.00050136
6.616667,0.00019212
6.633333,0.00012697
6.650000,0.00077319
6.666667,0.00000000
6.683333,0.00000000
6.700000,0.00025233
6.716667,0.00018789
6.733333,0.00005108
6.750000,0.00000000
6.766667,0.00000000
6.783333,0.00000000
6.800000,0.00008292
6.816667,0.00000000
6.833333,0.00029450
6.850000,0.00023390
6.866667,0.00037513
6.883333,0.00000000
6.900000,0.00036276
6.916667,0.00008034
6.933333,0.00000000
6.950000,0.00000000
6.966667,0.00000000
6.983333,0.00009541
7.000000,0.00040271
7.016667,0.00000000
7.033333,0.00000000
7.050000,0.00000000
7.066667,0.00031746
7.083333,0.00000000
7.100000,0.00084212
7.116667,0.00003313
7.133333,0.00031399
7.150000,0.00000000
7.166667,0.00017374
7.183333,0.00000000
7.200000,0.00000000
7.216667,0.00032777
7.233333,0.00000000
7.250000,0.00000000
7.266667,0.00031325
7.283333,0.00000000
7.300000,0.00029618
7.316667,0.00029063
7.333333,0.00034625
7.350000,0.00000000
7.366667,0.00002441
7.383333,0.00027013
7.400000,0.00012174
7.416667,0.00000000
7.433333,0.00002515
7.450000,0.00034400
7.466667,0.00007587
7.483333,0.00000000
7.500000,0.00048381
7.516667,0.00000000
7.533333,0.00010344
7.550000,0.00017558
7.566667,0.00000000
7.583333,0.00000000
7.600000,0.00005398
7.616667,0.00000000
7.633333,0.00000000
7.650000,0.00000000
7.666667,0.00053239
7.683333,0.00000000
7.700000,0.00000000
7.716667,0.00000000
7.733333,0.00000000
7.750000,0.00000000
7.766667,0.00000000
7.783333,0.00087698
7.800000,0.00018092
7.816667,0.00000000
7.833333,0.00055087
7.850000,0.00028668
7.866667,0.00000000
7.883333,0.00016099
7.900000,0.00000000
7.916667,0.00032661
7.933333,0.00000000
7.950000,0.00000000
7.966667,0.00015857
7.983333,0.00000000
8.000000,0.00021955
8.016667,0.00000000
8.033333,0.00000000
8.050000,0.00004599
8.066667,0.00000000
8.083333,0.00000000
8.100000,0.00000000
8.116667,0.00000000
8.133333,0.00000000
8.150000,0.00041198
8.166667,0.00000000
8.183333,0.00015742
8.200000,0.00000000
8.216667,0.00025347
8.233333,0.00000000
8.250000,0.00000000
8.266667,0.00062348
8.283333,0.00070422
8.300000,0.00060604
8.316667,0.00000000
8.333333,0.00000000
8.350000,0.00023252
8.366667,0.00000000
8.383333,0.00037976
8.400000,0.00036753
8.416667,0.00010578
8.433333,0.00000000
8.450000,0.00088463
8.466667,0.00017616
8.483333,0.00030418
8.500000,0.00000000
8.516667,0.00000000
8.533333,0.00000000
8.550000,0.00020727
8.566667,0.00000000
8.583333,0.00000000
8.600000,0.00016171
8.616667,0.00000000
8.633333,0.00008340
8.650000,0.00062369
8.666667,0.00000000
8.683333,0.00000000
8.700000,0.00034145
8.716667,0.00011024
8.733333,0.00023937
8.750000,0.00000000
8.766667,0.00000000
8.783333,0.00000000
8.800000,0.00013032
8.816667,0.00000000
8.833333,0.00000000
8.850000,0.00000000
8.866667,0.00000000
8.883333,0.00019534
8.900000,0.00008140
8.916667,0.00035148
8.933333,0.00044973
8.950000,0.00025412
8.966667,0.00001185
8.983333,0.00000000
9.000000,0.00006542
9.016667,0.00000000
9.033333,0.00007642
9.050000,0.00035968
9.066667,0.00000000
9.083333,0.00022864
9.100000,0.00000000
9.116667,0.00030974
9.133333,0.00021664
9.150000,0.00000000
9.166667,0.00039830
9.183333,0.00000000
9.200000,0.00017126
9.216667,0.00000000
9.233333,0.00000000
9.250000,0.00057172
9.266667,0.00000000
9.283333,0.00000000
9.300000,0.00000000
9.316667,0.00000000
9.333333,0.00000000
9.350000,0.00006339
9.366667,0.00039778
9.383333,0.00000000
9.400000,0.00000000
9.416667,0.00000000
9.433333,0.00007430
9.450000,0.00000000
9.466667,0.00028254
9.483333,0.00000000
9.500000,0.00000000
9.516667,0.00000000
9.533333,0.00000000
9.550000,0.00004642
9.566667,0.00000000
9.583333,0.00000000
9.600000,0.00050008
9.616667,0.00067266
9.633333,0.00006660
9.650000,0.00046478
9.666667,0.00000000
9.683333,0.00073028
9.700000,0.00000000
9.716667,0.00039819
9.733333,0.00000000
9.750000,0.00000000
9.766667,0.00022685
9.783333,0.00000000
9.800000,0.00000000
9.816667,0.00000000
9.833333,0.00000000
9.850000,0.00000000
9.866667,0.00029163
9.883333,0.00000000
9.900000,0.00040992
9.916667,0.00072900
9.933333,0.00049379
9.950000,0.00008191
9.966667,0.00081229
9.983333,0.00000000
10.000000,0.00000000
10.016667,0.00000000
10.033333,0.00000000
10.050000,0.00071987
10.066667,0.00037264
10.083333,0.00000000
10.100000,0.00092910
10.116667,0.00008277
10.133333,0.00000000
10.150000,0.00029810
10.166667,0.00053599
10.183333,0.00000000
10.200000,0.00000000
10.216667,0.00039629
10.233333,0.00000000
10.250000,0.00000000
10.266667,0.00002958
10.283333,0.00024246
10.300000,0.00056058
10.316667,0.00025141
10.333333,0.00000000
10.350000,0.00000000
10.366667,0.00000000
10.383333,0.00059588
10.400000,0.00034253
10.416667,0.00000000
10.433333,0.00000000
10.450000,0.00000000
10.466667,0.00033186
10.483333,0.00062147
10.500000,0.00012177
10.516667,0.00000000
10.533333,0.00024396
10.550000,0.00000000
10.566667,0.00056394
10.583333,0.00000000
10.600000,0.00000000
10.616667,0.00000000
10.633333,0.00016102
10.650000,0.00054192
10.666667,0.00011353
10.683333,0.00051859
10.700000,0.00075199
10.716667,0.00000000
10.733333,0.00000000
10.750000,0.00039482
10.766667,0.00004118
10.783333,0.00064167
10.800000,0.00057840
10.816667,0.00002696
10.833333,0.00000000
10.850000,0.00037120
10.866667,0.00000000
10.883333,0.00000000
10.900000,0.00035063
10.916667,0.00000000
10.933333,0.00000000
10.950000,0.00000000
10.966667,0.00000000
10.983333,0.00001771
11.000000,0.00000000
11.016667,0.00014910
11.033333,0.00000000
11.050000,0.00019351
11.066667,0.00003465
11.083333,0.00068060
11.100000,0.00035172
11.116667,0.00000000
11.133333,0.00000000
11.150000,0.00000000
11.166667,0.00061923
11.183333,0.00018152
11.200000,0.00000339
11.216667,0.00002171
11.233333,0.00000000
11.250000,0.00012149
11.266667,0.00000000
11.283333,0.00000000
11.300000,0.00049733
11.316667,0.00000000
11.333333,0.00051956
11.350000,0.00000000
11.366667,0.00000000
11.383333,0.00000000
11.400000,0.00001696
11.416667,0.00000000
11.433333,0.00000000
11.450000,0.00000000
11.466667,0.00007786
11.483333,0.00000000
11.500000,0.00002675
11.516667,0.00008041
11.533333,0.00000000
11.550000,0.00000000
11.566667,0.00000000
11.583333,0.00000000
11.600000,0.00049614
11.616667,0.00031859
11.633333,0.00066534
11.650000,0.00000000
11.666667,0.00005914
11.683333,0.00000000
11.700000,0.00052615
11.716667,0.00000000
11.733333,0.00017926
11.750000,0.00010116
11.766667,0.00000000
11.783333,0.00032357
11.800000,0.00000000
11.816667,0.00000000
11.833333,0.00000000
11.850000,0.00002381
11.866667,0.00000000
11.883333,0.00017541
11.900000,0.00000000
11.916667,0.00000000
11.933333,0.00001171
11.950000,0.00062599
11.966667,0.00000000
11.983333,0.00000000
12.000000,0.00060900
12.016667,0.00004742
12.033333,0.00091961
12.050000,0.00048566
12.066667,0.00000000
12.083333,0.00006819
12.100000,0.00000000
12.116667,0.00000000
12.133333,0.00000000
12.150000,0.00037954
12.166667,0.00010021
12.183333,0.00000000
12.200000,0.00037703
12.216667,0.00000000
12.233333,0.00000000
12.250000,0.00000000
12.266667,0.00015215
12.283333,0.00000000
12.300000,0.00000000
12.316667,0.00000000
12.333333,0.00036929
12.350000,0.00041426
12.366667,0.00013308
12.383333,0.00000000
12.400000,0.00000000
12.416667,0.00000000
12.433333,0.00000000
12.450000,0.00000000
12.466667,0.00024402
12.483333,0.00000000
12.500000,0.00007240
12.516667,0.00010503
12.533333,0.00022756
12.550000,0.00000000
12.566667,0.00000000
12.583333,0.00004194
12.600000,0.00000415
12.616667,0.00000000
12.633333,0.00000000
12.650000,0.00000000
12.666667,0.00017257
12.683333,0.00076512
12.700000,0.00000000
12.716667,0.00065375
12.733333,0.00008587
12.750000,0.00000000
12.766667,0.00000000
12.783333,0.00000000
12.800000,0.00032873
12.816667,0.00010359
12.833333,0.00077174
12.850000,0.00043412
12.866667,0.00031933
12.883333,0.00032164
12.900000,0.00020924
12.916667,0.00011355
12.933333,0.00000000
12.950000,0.00000000
12.966667,0.00000000
12.983333,0.00000000
13.000000,0.00000000
13.016667,0.00000000
13.033333,0.00025589
13.050000,0.00037615
13.066667,0.00044989
13.083333,0.00000000
13.100000,0.00000000
13.116667,0.00026297
13.133333,0.00035447
13.150000,0.00061256
13.166667,0.00000000
13.183333,0.00000000
13.200000,0.00024279
13.216667,0.00000000
13.233333,0.00020674
13.250000,0.00000000
13.266667,0.00081700
13.283333,0.00000000
13.300000,0.00003704
13.316667,0.00000000
13.333333,0.00000000
13.350000,0.00028370
13.366667,0.00000000
13.383333,0.00000000
13.400000,0.00002648
13.416667,0.00075555
13.433333,0.00000000
13.450000,0.00000000
13.466667,0.00000000
13.483333,0.00039305
13.500000,0.00005123
13.516667,0.00000000
13.533333,0.00000000
13.550000,0.00000000
13.566667,0.00009305
13.583333,0.00008915
13.600000,0.00021535
13.616667,0.00000000
13.633333,0.00000000
13.650000,0.00033284
13.666667,0.00006227
13.683333,0.00000068
13.700000,0.00070438
13.716667,0.00030788
13.733333,0.00052936
13.750000,0.00000000
13.766667,0.00020351
13.783333,0.00021707
13.800000,0.00000000
13.816667,0.00000000
13.833333,0.00000000
13.850000,0.00000000
13.866667,0.00000000
13.883333,0.00042597
13.900000,0.00006441
13.916667,0.00019025
13.933333,0.00000000
13.950000,0.00000000
13.966667,0.00000084
13.983333,0.00021959
14.000000,0.00000000
14.016667,0.00030916
14.033333,0.00000000
14.050000,0.00000000
14.066667,0.00000000
14.083333,0.00000000
14.100000,0.00011724
14.116667,0.00026226
14.133333,0.00011024
14.150000,0.00013696
14.166667,0.00000000
14.183333,0.00005983
14.200000,0.00000000
14.216667,0.00068210
14.233333,0.00055691
14.250000,0.00017280
14.266667,0.00042975
14.283333,0.00018774
14.300000,0.00000000
14.316667,0.00016758
14.333333,0.00000000
14.350000,0.00000000
14.366667,0.00000000
14.383333,0.00000000
14.400000,0.00031564
14.416667,0.00045657
14.433333,0.00010986
14.450000,0.00051916
14.466667,0.00000000
14.483333,0.00042683
14.500000,0.00000000
14.516667,0.00000000
14.533333,0.00000000
14.550000,0.00024421
14.566667,0.00000000
14.583333,0.00029747
14.600000,0.00000000
14.616667,0.00000000
14.633333,0.00059953
14.650000,0.00027903
14.666667,0.00000000
14.683333,0.00017832
14.700000,0.00000000
14.716667,0.00000000
14.733333,0.00000000
14.750000,0.00000000
14.766667,0.00000000
14.783333,0.00000000
14.800000,0.00037330
14.816667,0.00000000
14.833333,0.00000000
14.850000,0.00000000
14.866667,0.00000000
14.883333,0.00037043
14.900000,0.00054510
14.916667,0.00034589
14.933333,0.00031202
14.950000,0.00010375
14.966667,0.00000000
14.983333,0.00029073
15.000000,0.00000000
15.016667,0.00000000
15.033333,0.00000000
15.050000,0.00000000
15.066667,0.00002849
15.083333,0.00000000
15.100000,0.00048198
15.116667,0.00068918
15.133333,0.00092818
15.150000,0.00000000
15.166667,0.00034244
15.183333,0.00000000
15.200000,0.00039068
15.216667,0.00000000
15.233333,0.00000000
15.250000,0.00041128
15.266667,0.00004608
15.283333,0.00000000
15.300000,0.00000000
15.316667,0.00061355
15.333333,0.00000000
15.350000,0.00000000
15.366667,0.00000000
15.383333,0.00000000
15.400000,0.00088715
15.416667,0.00052492
15.433333,0.00000000
15.450000,0.00014706
15.466667,0.00026168
15.483333,0.00000000
15.500000,0.00029774
15.516667,0.00008087
15.533333,0.00000000
15.550000,0.00009780
15.566667,0.00015269
15.583333,0.00050473
15.600000,0.00000000
15.616667,0.00000000
15.633333,0.00000000
15.650000,0.00000000
15.666667,0.00000000
15.683333,0.00031700
15.700000,0.00000000
15.716667,0.00028545
15.733333,0.00000000
15.750000,0.00015853
15.766667,0.00000000
15.783333,0.00000000
15.800000,0.00000000
15.816667,0.00008261
15.833333,0.00000000
15.850000,0.00016201
15.866667,0.00000000
15.883333,0.00000000
15.900000,0.00036906
15.916667,0.00026483
15.933333,0.00074464
15.950000,0.00000000
15.966667,0.00000000
15.983333,0.00000000
16.000000,0.00000336
16.016667,0.00028120
16.033333,0.00063783
16.050000,0.00000000
16.066667,0.00000000
16.083333,0.00000000
16.100000,0.00010121
16.116667,0.00000000
16.133333,0.00051199
16.150000,0.00000000
16.166667,0.00002629
16.183333,0.00108138
16.200000,0.00000000
16.216667,0.00027734
16.233333,0.00000593
16.250000,0.00000000
16.266667,0.00015856
16.283333,0.00000000
16.300000,0.00054273
16.316667,0.00012298
16.333333,0.00015446
16.350000,0.00064515
16.366667,0.00000000
16.383333,0.00002155
16.400000,0.00005255
16.416667,0.00000000
16.433333,0.00010680
16.450000,0.00008382
16.466667,0.00000000
16.483333,0.00002100
16.500000,0.00000000
16.516667,0.00006344
16.533333,0.00000000
16.550000,0.00000000
16.566667,0.00038750
16.583333,0.00000000
16.600000,0.00040936
16.616667,0.00000000
16.633333,0.00051344
16.650000,0.00001402
16.666667,0.00000000
16.683333,0.00000000
16.700000,0.00035505
16.716667,0.00037240
16.733333,0.00000000
16.750000,0.00009456
16.766667,0.00000000
16.783333,0.00000000
16.800000,0.00031688
16.816667,0.00000000
16.833333,0.00000000
16.850000,0.00000000
16.866667,0.00083084
16.883333,0.00035821
16.900000,0.00006720
16.916667,0.00012852
16.933333,0.00058503
16.950000,0.00000000
16.966667,0.00000000
16.983333,0.00000000
17.000000,0.00000000
17.016667,0.00038046
17.033333,0.00000000
17.050000,0.00034990
17.066667,0.00016912
17.083333,0.00000000
17.100000,0.00000000
17.116667,0.00000000
17.133333,0.00000000
17.150000,0.00000000
17.166667,0.00010189
17.183333,0.00015297
17.200000,0.00000000
17.216667,0.00000000
17.233333,0.00000000
17.250000,0.00000000
17.266667,0.00045582
17.283333,0.00019613
17.300000,0.00000000
17.316667,0.00018367
17.333333,0.00000000
17.350000,0.00000867
17.366667,0.00014885
17.383333,0.00009945
17.400000,0.00051946
17.416667,0.00000000
17.433333,0.00025735
17.450000,0.00019348
17.466667,0.00000000
17.483333,0.00000000
17.500000,0.00026919
17.516667,0.00000000
17.533333,0.00081268
17.550000,0.00000000
17.566667,0.00005180
17.583333,0.00000000
17.600000,0.00000000
17.616667,0.00022037
17.633333,0.00000000
17.650000,0.00000000
17.666667,0.00030055
17.683333,0.00019603
17.700000,0.00002516
17.716667,0.00000000
17.733333,0.00000000
17.750000,0.00009744
17.766667,0.00003318
17.783333,0.00000000
17.800000,0.00000000
17.816667,0.00051051
17.833333,0.00009996
17.850000,0.00000000
17.866667,0.00083268
17.883333,0.00000000
17.900000,0.00000000
17.916667,0.00015524
17.933333,0.00062624
17.950000,0.00000000
17.966667,0.00035017
17.983333,0.00037637
18.000000,0.00000000
18.016667,0.00000000
18.033333,0.00015687
18.050000,0.00000000
18.066667,0.00000000
18.083333,0.00001678
18.100000,0.00000000
18.116667,0.00000000
18.133333,0.00014626
18.150000,0.00027343
18.166667,0.00000125
18.183333,0.00036996
18.200000,0.00000000
18.216667,0.00013103
18.233333,0.00000000
18.250000,0.00000000
18.266667,0.00048082
18.283333,0.00000000
18.300000,0.00023705
18.316667,0.00021899
18.333333,0.00000000
18.350000,0.00000000
18.366667,0.00038556
18.383333,0.00000000
18.400000,0.00069194
18.416667,0.00049317
18.433333,0.00000000
18.450000,0.00018601
18.466667,0.00000000
18.483333,0.00000000
18.500000,0.00000000
18.516667,0.00000000
18.533333,0.00000000
18.550000,0.00024384
18.566667,0.00100842
18.583333,0.00000000
18.600000,0.00016375
18.616667,0.00049109
18.633333,0.00046126
18.650000,0.00000000
18.666667,0.00022228
18.683333,0.00000000
18.700000,0.00027740
18.716667,0.00000000
18.733333,0.00019355
18.750000,0.00001759
18.766667,0.00000000
18.783333,0.00000000
18.800000,0.00000000
18.816667,0.00000000
18.833333,0.00000000
18.850000,0.00017866
18.866667,0.00029069
18.883333,0.00000000
18.900000,0.00083002
18.916667,0.00007969
18.933333,0.00049148
18.950000,0.00000000
18.966667,0.00077908
18.983333,0.00072632
19.000000,0.00000000
19.016667,0.00000000
19.033333,0.00000000
19.050000,0.00000000
19.066667,0.00012451
19.083333,0.00000000
19.100000,0.00036732
19.116667,0.00000000
19.133333,0.00000000
19.150000,0.00000000
19.166667,0.00000000
19.183333,0.00030756
19.200000,0.00006861
19.216667,0.00047789
19.233333,0.00000000
19.250000,0.00012174
19.266667,0.00125499
19.283333,0.00015109
19.300000,0.00072890
19.316667,0.00000000
19.333333,0.00101634
19.350000,0.00024037
19.366667,0.00078435
19.383333,0.00070581
19.400000,0.00000000
19.416667,0.00018570
19.433333,0.00022663
19.450000,0.00000000
19.466667,0.00000000
19.483333,0.00000000
19.500000,0.00000000
19.516667,0.00000000
19.533333,0.00023203
19.550000,0.00000000
19.566667,0.00033749
19.583333,0.00000000
19.600000,0.00000000
19.616667,0.00067780
19.633333,0.00010508
19.650000,0.00000000
19.666667,0.00061501
19.683333,0.00000000
19.700000,0.00000000
19.716667,0.00000000
19.733333,0.00000000
19.750000,0.00000000
19.766667,0.00025567
19.783333,0.00000000
19.800000,0.00027338
19.816667,0.00000000
19.833333,0.00000000
19.850000,0.00000000
19.866667,0.00000000
19.883333,0.00000000
19.900000,0.00060151
19.916667,0.00000000
19.933333,0.00000000
19.950000,0.00052158
19.966667,0.00000000
19.983333,0.00000000
20.000000,0.00013908
20.016667,0.00000000
20.033333,0.00000000
20.050000,0.00000000
20.066667,0.00000000
20.083333,0.00000000
20.100000,0.00000000
20.116667,0.00000000
20.133333,0.00000000
20.150000,0.00011203
20.166667,0.00000000
20.183333,0.00021974
20.200000,0.00000000
20.216667,0.00034646
20.233333,0.00028537
20.250000,0.00033729
20.266667,0.00000000
20.283333,0.00000000
20.300000,0.00000000
20.316667,0.00007783
20.333333,0.00052846
20.350000,0.00000000
20.366667,0.00046606
20.383333,0.00000000
20.400000,0.00046727
20.416667,0.00068217
20.433333,0.00000000
20.450000,0.00118349
20.466667,0.00000000
20.483333,0.00002543
20.500000,0.00000000
20.516667,0.00013215
20.533333,0.00044361
20.550000,0.00000000
20.566667,0.00000000
20.583333,0.00000000
20.600000,0.00016026
20.616667,0.00000000
20.633333,0.00000000
20.650000,0.00056735
20.666667,0.00000000
20.683333,0.00030923
20.700000,0.00000000
20.716667,0.00000000
20.733333,0.00000000
20.750000,0.00008876
20.766667,0.00039070
20.783333,0.00031121
20.800000,0.00007724
20.816667,0.00009545
20.833333,0.00000000
20.850000,0.00023637
20.866667,0.00000000
20.883333,0.00007801
20.900000,0.00000000
20.916667,0.00000000
20.933333,0.00000000
20.950000,0.00000000
20.966667,0.00047652
20.983333,0.00000000
21.000000,0.00028394
21.016667,0.00000000
21.033333,0.00004596
21.050000,0.00000000
21.066667,0.00000000
21.083333,0.00044750
21.100000,0.00023336
21.116667,0.00000000
21.133333,0.00000000
21.150000,0.00034436
21.166667,0.00097283
21.183333,0.00000000
21.200000,0.00009676
21.216667,0.00010984
21.233333,0.00019751
21.250000,0.00018011
21.266667,0.00000000
21.283333,0.00000000
21.300000,0.00000000
21.316667,0.00031080
21.333333,0.00000000
21.350000,0.00034601
21.366667,0.00000000
21.383333,0.00026071
21.400000,0.00000000
21.416667,0.00002026
21.433333,0.00000000
21.450000,0.00047296
21.466667,0.00026256
21.483333,0.00018739
21.500000,0.00019521
21.516667,0.00000000
21.533333,0.00047322
21.550000,0.00000000
21.566667,0.00003077
21.583333,0.00000000
21.600000,0.00000000
21.616667,0.00033152
21.633333,0.00007623
21.650000,0.00025672
21.666667,0.00015396
21.683333,0.00009644
21.700000,0.00000000
21.716667,0.00000000
21.733333,0.00028728
21.750000,0.00000000
21.766667,0.00000000
21.783333,0.00014468
21.800000,0.00056548
21.816667,0.00000674
21.833333,0.00007886
21.850000,0.00020694
21.866667,0.00000000
21.883333,0.00039632
21.900000,0.00030142
21.916667,0.00021859
21.933333,0.00076041
21.950000,0.00011805
21.966667,0.00000000
21.983333,0.00030292
22.000000,0.00026806
22.016667,0.00004373
22.033333,0.00000000
22.050000,0.00000000
22.066667,0.00011677
22.083333,0.00000000
22.100000,0.00000000
22.116667,0.00000000
22.133333,0.00022307
22.150000,0.00000000
22.166667,0.00026911
22.183333,0.00057780
22.200000,0.00025090
22.216667,0.00015708
22.233333,0.00000000
22.250000,0.00039827
22.266667,0.00000000
22.283333,0.00068845
22.300000,0.00032229
22.316667,0.00023236
22.333333,0.00000000
22.350000,0.00010104
22.366667,0.00001075
22.383333,0.00000000
22.400000,0.00079472
22.416667,0.00000000
22.433333,0.00000000
22.450000,0.00000000
22.466667,0.00005938
22.483333,0.00012629
22.500000,0.00000000
22.516667,0.00014196
22.533333,0.00030330
22.550000,0.00000000
22.566667,0.00000000
22.583333,0.00007098
22.600000,0.00000000
22.616667,0.00000000
22.633333,0.00008065
22.650000,0.00000000
22.666667,0.00004610
22.683333,0.00000000
22.700000,0.00000000
22.716667,0.00016912
22.733333,0.00014671
22.750000,0.00000692
22.766667,0.00038914
22.783333,0.00040957
22.800000,0.00114210
22.816667,0.00000000
22.833333,0.00011775
22.850000,0.00023021
22.866667,0.00000000
22.883333,0.00022129
22.900000,0.00000000
22.916667,0.00000000
22.933333,0.00056783
22.950000,0.00069206
22.966667,0.00000000
22.983333,0.00000000
23.000000,0.00013520
23.016667,0.00000000
23.033333,0.00038841
23.050000,0.00000000
23.066667,0.00000000
23.083333,0.00040828
23.100000,0.00025672
23.116667,0.00000000
23.133333,0.00000000
23.150000,0.00009886
23.166667,0.00005303
23.183333,0.00024186
23.200000,0.00000000
23.216667,0.00020628
23.233333,0.00000350
23.250000,0.00000000
23.266667,0.00004029
23.283333,0.00000000
23.300000,0.00000000
23.316667,0.00038994
23.333333,0.00000000
23.350000,0.00026487
23.366667,0.00031539
23.383333,0.00013014
23.400000,0.00000000
23.416667,0.00038430
23.433333,0.00000000
23.450000,0.00000000
23.466667,0.00000000
23.483333,0.00000000
23.500000,0.00038711
23.516667,0.00038675
23.533333,0.00000000
23.550000,0.00000000
23.566667,0.00000000
23.583333,0.00000000
23.600000,0.00000000
23.616667,0.00007036
23.633333,0.00019677
23.650000,0.00000000
23.666667,0.00027525
23.683333,0.00048175
23.700000,0.00013839
23.716667,0.00000000
23.733333,0.00046371
23.750000,0.00000000
23.766667,0.00002355
23.783333,0.00000000
23.800000,0.00000000
23.816667,0.00000000
23.833333,0.00040798
23.850000,0.00000000
23.866667,0.00021606
23.883333,0.00000000
23.900000,0.00000000
23.916667,0.00000000
23.933333,0.00062016
23.950000,0.00000000
23.966667,0.00000000
23.983333,0.00026066
24.000000,0.00000000
24.016667,0.00000000
24.033333,0.00051125
24.050000,0.00000000
24.066667,0.00024288
24.083333,0.00016121
24.100000,0.00000000
24.116667,0.00046210
24.133333,0.00056646
24.150000,0.00000000
24.166667,0.00001222
24.183333,0.00013062
24.200000,0.00026556
24.216667,0.00000000
24.233333,0.00000000
24.250000,0.00000000
24.266667,0.00009697
24.283333,0.00000000
24.300000,0.00000000
24.316667,0.00000367
24.333333,0.00001298
24.350000,0.00022258
24.366667,0.00000000
24.383333,0.00000000
24.400000,0.00000000
24.416667,0.00044993
24.433333,0.00000000
24.450000,0.00035278
24.466667,0.00000000
24.483333,0.00000000
24.500000,0.00000000
24.516667,0.00017975
24.533333,0.00007339
24.550000,0.00077452
24.566667,0.00000000
24.583333,0.00024322
24.600000,0.00000000
24.616667,0.00000000
24.633333,0.00034373
24.650000,0.00093660
24.666667,0.00015180
24.683333,0.00000000
24.700000,0.00000000
24.716667,0.00000000
24.733333,0.00031236
24.750000,0.00000000
24.766667,0.00000000
24.783333,0.00069497
24.800000,0.00005506
24.816667,0.00000000
24.833333,0.00000000
24.850000,0.00067433
24.866667,0.00000000
24.883333,0.00000000
24.900000,0.00036770
24.916667,0.00010399
24.933333,0.00000000
24.950000,0.00032389
24.966667,0.00003649
24.983333,0.00000000
25.000000,0.00018016
25.016667,0.00000000
25.033333,0.00000000
25.050000,0.00009623
25.066667,0.00090461
25.083333,0.00000000
25.100000,0.00000000
25.116667,0.00003926
25.133333,0.00000000
25.150000,0.00000000
25.166667,0.00022639
25.183333,0.00000000
25.200000,0.00000000
25.216667,0.00000000
25.233333,0.00000000
25.250000,0.00035289
25.266667,0.00000000
25.283333,0.00000000
25.300000,0.00000000
25.316667,0.00000000
25.333333,0.00000000
25.350000,0.00000000
25.366667,0.00000000
25.383333,0.00000000
25.400000,0.00000000
25.416667,0.00000000
25.433333,0.00097004
25.450000,0.00000000
25.466667,0.00009004
25.483333,0.00000000
25.500000,0.00047565
25.516667,0.00000000
25.533333,0.00015560
25.550000,0.00022129
25.566667,0.00010700
25.583333,0.00021155
25.600000,0.00000000
25.616667,0.00020893
25.633333,0.00063805
25.650000,0.00000000
25.666667,0.00030042
25.683333,0.00007026
25.700000,0.00000000
25.716667,0.00033650
25.733333,0.00000000
25.750000,0.00104766
25.766667,0.00000000
25.783333,0.00049312
25.800000,0.00032758
25.816667,0.00000000
25.833333,0.00000000
25.850000,0.00000000
25.866667,0.00005687
25.883333,0.00000000
25.900000,0.00039267
25.916667,0.00000000
25.933333,0.00019451
25.950000,0.00037459
25.966667,0.00000000
25.983333,0.00002051
26.000000,0.00071730
26.016667,0.00000652
26.033333,0.00008581
26.050000,0.00000000
26.066667,0.00059892
26.083333,0.00000000
26.100000,0.00000000
26.116667,0.00050726
26.133333,0.00005786
26.150000,0.00016178
26.166667,0.00000000
26.183333,0.00000000
26.200000,0.00018222
26.216667,0.00000000
26.233333,0.00012484
26.250000,0.00000000
26.266667,0.00014031
26.283333,0.00055773
26.300000,0.00000000
26.316667,0.00000000
26.333333,0.00000000
26.350000,0.00000748
26.366667,0.00000000
26.383333,0.00000000
26.400000,0.00000000
26.416667,0.00000000
26.433333,0.00044152
26.450000,0.00029622
26.466667,0.00000000
26.483333,0.00000000
26.500000,0.00000000
26.516667,0.00000000
26.533333,0.00000000
26.550000,0.00000000
26.566667,0.00093994
26.583333,0.00002926
26.600000,0.00000000
26.616667,0.00000000
26.633333,0.00020707
26.650000,0.00000000
26.666667,0.00026186
26.683333,0.00012208
26.700000,0.00062930
26.716667,0.00000000
26.733333,0.00000000
26.750000,0.00000000
26.766667,0.00000000
26.783333,0.00038826
26.800000,0.00000000
26.816667,0.00000000
26.833333,0.00000000
26.850000,0.00024144
26.866667,0.00002949
26.883333,0.00000000
26.900000,0.00015283
26.916667,0.00027478
26.933333,0.00009456
26.950000,0.00015646
26.966667,0.00000000
26.983333,0.00000000
27.000000,0.00036005
27.016667,0.00018245
27.033333,0.00000000
27.050000,0.00000000
27.066667,0.00000000
27.083333,0.00023301
27.100000,0.00024502
27.116667,0.00032826
27.133333,0.00000000
27.150000,0.00000000
27.166667,0.00042320
27.183333,0.00000000
27.200000,0.00000000
27.216667,0.00000000
27.233333,0.00016036
27.250000,0.00026570
27.266667,0.00016187
27.283333,0.00019988
27.300000,0.00000000
27.316667,0.00015563
27.333333,0.00031610
27.350000,0.00006486
27.366667,0.00013671
27.383333,0.00020475
27.400000,0.00062601
27.416667,0.00029373
27.433333,0.00000000
27.450000,0.00027036
27.466667,0.00015821
27.483333,0.00000000
27.500000,0.00000000
27.516667,0.00032828
27.533333,0.00045539
27.550000,0.00053107
27.566667,0.00000000
27.583333,0.00000000
27.600000,0.00051773
27.616667,0.00000000
27.633333,0.00051475
27.650000,0.00000000
27.666667,0.00000000
27.683333,0.00000000
27.700000,0.00023981
27.716667,0.00000000
27.733333,0.00000000
27.750000,0.00000000
27.766667,0.00042883
27.783333,0.00071932
27.800000,0.00020362
27.816667,0.00000000
27.833333,0.00000000
27.850000,0.00000487
27.866667,0.00019460
27.883333,0.00000000
27.900000,0.00033607
27.916667,0.00006337
27.933333,0.00000000
27.950000,0.00050820
27.966667,0.00000000
27.983333,0.00000000
28.000000,0.00051241
28.016667,0.00057767
28.033333,0.00023567
28.050000,0.00006482
28.066667,0.00000000
28.083333,0.00069950
28.100000,0.00000000
28.116667,0.00028192
28.133333,0.00044508
28.150000,0.00000000
28.166667,0.00029217
28.183333,0.00000000
28.200000,0.00000000
28.216667,0.00009278
28.233333,0.00000000
28.250000,0.00000000
28.266667,0.00053989
28.283333,0.00000000
28.300000,0.00015067
28.316667,0.00000000
28.333333,0.00000000
28.350000,0.00000000
28.366667,0.00000000
28.383333,0.00080235
28.400000,0.00010214
28.416667,0.00031789
28.433333,0.00000000
28.450000,0.00000000
28.466667,0.00011690
28.483333,0.00000000
28.500000,0.00039155
28.516667,0.00026217
28.533333,0.00000000
28.550000,0.00000000
28.566667,0.00009832
28.583333,0.00000000
28.600000,0.00021516
28.616667,0.00083966
28.633333,0.00000000
28.650000,0.00024584
28.666667,0.00006838
28.683333,0.00052360
28.700000,0.00000000
28.716667,0.00000000
28.733333,0.00000000
28.750000,0.00000000
28.766667,0.00000000
28.783333,0.00011206
28.800000,0.00000000
28.816667,0.00094920
28.833333,0.00010987
28.850000,0.00000000
28.866667,0.00028804
28.883333,0.00000000
28.900000,0.00003621
28.916667,0.00000000
28.933333,0.00000000
28.950000,0.00000000
28.966667,0.00006926
28.983333,0.00001690
29.000000,0.00000000
29.016667,0.00000000
29.033333,0.00001793
29.050000,0.00000000
29.066667,0.00028942
29.083333,0.00002153
29.100000,0.00000000
29.116667,0.00000000
29.133333,0.00000388
29.150000,0.00000000
29.166667,0.00065783
29.183333,0.00089675
29.200000,0.00031057
29.216667,0.00121921
29.233333,0.00000000
29.250000,0.00000000
29.266667,0.00000000
29.283333,0.00017445
29.300000,0.00009082
29.316667,0.00000000
29.333333,0.00000000
29.350000,0.00025020
29.366667,0.00066069
29.383333,0.00000000
29.400000,0.00043840
29.416667,0.00003449
29.433333,0.00048249
29.450000,0.00000000
29.466667,0.00033520
29.483333,0.00007261
29.500000,0.00000000
29.516667,0.00025018
29.533333,0.00000000
29.550000,0.00000000
29.566667,0.00034046
29.583333,0.00040804
29.600000,0.00000000
29.616667,0.00002511
29.633333,0.00000000
29.650000,0.00014919
29.666667,0.00000000
29.683333,0.00000000
29.700000,0.00000000
29.716667,0.00000000
29.733333,0.00034977
29.750000,0.00000000
29.766667,0.00029175
29.783333,0.00011978
29.800000,0.00000000
29.816667,0.00002065
29.833333,0.00000000
29.850000,0.00000000
29.866667,0.00000000
29.883333,0.00010227
29.900000,0.00024751
29.916667,0.00042517
29.933333,0.00022901
29.950000,0.00000000
29.966667,0.00019177
29.983333,0.00008328
30.000000,0.00012264
30.016667,0.00000000
30.033333,0.00000000
30.050000,0.00036258
30.066667,0.00014672
30.083333,0.00000000
30.100000,0.00000000
30.116667,0.00000000
30.133333,0.00027256
30.150000,0.00012852
30.166667,0.00011249
30.183333,0.00004631
30.200000,0.00090394
30.216667,0.00003665
30.233333,0.00050183
30.250000,0.00008632
30.266667,0.00000000
30.283333,0.00000000
30.300000,0.00000000
30.316667,0.00000000
30.333333,0.00003911
30.350000,0.00003144
30.366667,0.00000000
30.383333,0.00010932
30.400000,0.00000000
30.416667,0.00045562
30.433333,0.00031351
30.450000,0.00027094
30.466667,0.00000000
30.483333,0.00014311
30.500000,0.00000000
30.516667,0.00020881
30.533333,0.00010845
30.550000,0.00005566
30.566667,0.00001538
30.583333,0.00013769
30.600000,0.00000000
30.616667,0.00000543
30.633333,0.00000000
30.650000,0.00000000
30.666667,0.00025971
30.683333,0.00000000
30.700000,0.00000000
30.716667,0.00004123
30.733333,0.00000000
30.750000,0.00026132
30.766667,0.00000000
30.783333,0.00000000
30.800000,0.00000000
30.816667,0.00095986
30.833333,0.00000000
30.850000,0.00036380
30.866667,0.00068122
30.883333,0.00000000
30.900000,0.00046365
30.916667,0.00000000
30.933333,0.00000000
30.950000,0.00000000
30.966667,0.00015838
30.983333,0.00000000
31.000000,0.00010028
31.016667,0.00000002
31.033333,0.00000000
31.050000,0.00000000
31.066667,0.00026777
31.083333,0.00017143
31.100000,0.00000000
31.116667,0.00071242
31.133333,0.00043632
31.150000,0.00000000
31.166667,0.00037768
31.183333,0.00027009
31.200000,0.00000000
31.216667,0.00000000
31.233333,0.00035556
31.250000,0.00000000
31.266667,0.00000000
31.283333,0.00000000
31.300000,0.00075375
31.316667,0.00002273
31.333333,0.00000000
31.350000,0.00078110
31.366667,0.00012121
31.383333,0.00035994
31.400000,0.00000000
31.416667,0.00000000
31.433333,0.00000000
31.450000,0.00075386
31.466667,0.00000000
31.483333,0.00080430
31.500000,0.00000000
31.516667,0.00052472
31.533333,0.00000000
31.550000,0.00000000
31.566667,0.00000000
31.583333,0.00000000
31.600000,0.00001907
31.616667,0.00000000
31.633333,0.00000000
31.650000,0.00000000
31.666667,0.00000000
31.683333,0.00000000
31.700000,0.00007662
31.716667,0.00000000
31.733333,0.00009006
31.750000,0.00000000
31.766667,0.00020837
31.783333,0.00000673
31.800000,0.00008020
31.816667,0.00000000
31.833333,0.00000000
31.850000,0.00061581
31.866667,0.00000000
31.883333,0.00000000
31.900000,0.00000000
31.916667,0.00000000
31.933333,0.00049356
31.950000,0.00000000
31.966667,0.00000000
31.983333,0.00000000
32.000000,0.00020317
32.016667,0.00000000
32.033333,0.00000000
32.050000,0.00009166
32.066667,0.00043269
32.083333,0.00000000
32.100000,0.00000000
32.116667,0.00000000
32.133333,0.00007830
32.150000,0.00046464
32.166667,0.00021906
32.183333,0.00000000
32.200000,0.00000000
32.216667,0.00012770
32.233333,0.00007804
32.250000,0.00025279
32.266667,0.00000000
32.283333,0.00000000
32.300000,0.00056998
32.316667,0.00000000
32.333333,0.00011105
32.350000,0.00025946
32.366667,0.00000000
32.383333,0.00000000
32.400000,0.00000000
32.416667,0.00000000
32.433333,0.00044254
32.450000,0.00011756
32.466667,0.00000605
32.483333,0.00000000
32.500000,0.00007700
32.516667,0.00000000
32.533333,0.00000000
32.550000,0.00034297
32.566667,0.00013653
32.583333,0.00000000
32.600000,0.00000000
32.616667,0.00015232
32.633333,0.00000000
32.650000,0.00029606
32.666667,0.00008423
32.683333,0.00000000
32.700000,0.00027185
32.716667,0.00094802
32.733333,0.00000000
32.750000,0.00015037
32.766667,0.00000000
32.783333,0.00030556
32.800000,0.00019700
32.816667,0.00000000
32.833333,0.00052261
32.850000,0.00000000
32.866667,0.00000000
32.883333,0.00022865
32.900000,0.00035635
32.916667,0.00015033
32.933333,0.00000241
32.950000,0.00000000
32.966667,0.00029068
32.983333,0.00000000
33.000000,0.00000000
33.016667,0.00000000
33.033333,0.00060824
33.050000,0.00027467
33.066667,0.00000000
33.083333,0.00015537
33.100000,0.00085569
33.116667,0.00043208
33.133333,0.00000000
33.150000,0.00000000
33.166667,0.00049072
33.183333,0.00000000
33.200000,0.00000000
33.216667,0.00027976
33.233333,0.00000000
33.250000,0.00021713
33.266667,0.00000000
33.283333,0.00000000
33.300000,0.00008709
33.316667,0.00021194
33.333333,0.00009361
33.350000,0.00043877
33.366667,0.00037495
33.383333,0.00000000
33.400000,0.00000000
33.416667,0.00011897
33.433333,0.00035842
33.450000,0.00000000
33.466667,0.00031262
33.483333,0.00000000
33.500000,0.00000000
33.516667,0.00032260
33.533333,0.00000000
33.550000,0.00000000
33.566667,0.00085369
33.583333,0.00008019
33.600000,0.00009764
33.616667,0.00049050
33.633333,0.00000000
33.650000,0.00007965
33.666667,0.00000000
33.683333,0.00000000
33.700000,0.00000000
33.716667,0.00041812
33.733333,0.00014620
33.750000,0.00016775
33.766667,0.00039431
33.783333,0.00000000
33.800000,0.00015733
33.816667,0.00000000
33.833333,0.00000000
33.850000,0.00000000
33.866667,0.00002581
33.883333,0.00000000
33.900000,0.00000000
33.916667,0.00009878
33.933333,0.00009683
33.950000,0.00025122
33.966667,0.00000000
33.983333,0.00052105
34.000000,0.00031584
34.016667,0.00000000
34.033333,0.00052834
34.050000,0.00000000
34.066667,0.00047956
34.083333,0.00000000
34.100000,0.00000000
34.116667,0.00000000
34.133333,0.00067052
34.150000,0.00006218
34.166667,0.00026346
34.183333,0.00000000
34.200000,0.00000000
34.216667,0.00000000
34.233333,0.00000000
34.250000,0.00000000
34.266667,0.00037526
34.283333,0.00024095
34.300000,0.00036528
34.316667,0.00000000
34.333333,0.00000000
34.350000,0.00011459
34.366667,0.00014209
34.383333,0.00000000
34.400000,0.00000000
34.416667,0.00005365
34.433333,0.00007116
34.450000,0.00036748
34.466667,0.00014770
34.483333,0.00000000
34.500000,0.00053037
34.516667,0.00000000
34.533333,0.00000000
34.550000,0.00000000
34.566667,0.00000000
34.583333,0.00000000
34.600000,0.00000000
34.616667,0.00017647
34.633333,0.00002791
34.650000,0.00000000
34.666667,0.00000000
34.683333,0.00029481
34.700000,0.00051336
34.716667,0.00000000
34.733333,0.00000000
34.750000,0.00004149
34.766667,0.00058216
34.783333,0.00014058
34.800000,0.00000000
34.816667,0.00000000
34.833333,0.00000000
34.850000,0.00009499
34.866667,0.00000000
34.883333,0.00000000
34.900000,0.00000000
34.916667,0.00038907
34.933333,0.00000000
34.950000,0.00000000
34.966667,0.00000000
34.983333,0.00000909
35.000000,0.00000000
35.016667,0.00000000
35.033333,0.00000000
35.050000,0.00039241
35.066667,0.00057577
35.083333,0.00057968
35.100000,0.00000000
35.116667,0.00074861
35.133333,0.00000000
35.150000,0.00000000
35.166667,0.00000000
35.183333,0.00040562
35.200000,0.00000000
35.216667,0.00034292
35.233333,0.00039158
35.250000,0.00000000
35.266667,0.00000000
35.283333,0.00045694
35.300000,0.00000000
35.316667,0.00028115
35.333333,0.00000000
35.350000,0.00000000
35.366667,0.00000000
35.383333,0.00000000
35.400000,0.00008727
35.416667,0.00000000
35.433333,0.00069719
35.450000,0.00000000
35.466667,0.00034064
35.483333,0.00000000
35.500000,0.00029492
35.516667,0.00000000
35.533333,0.00000000
35.550000,0.00000000
35.566667,0.00013002
35.583333,0.00000000
35.600000,0.00000000
35.616667,0.00000000
35.633333,0.00000000
35.650000,0.00007243
35.666667,0.00009639
35.683333,0.00000000
35.700000,0.00000000
35.716667,0.00000000
35.733333,0.00000000
35.750000,0.00017127
35.766667,0.00000000
35.783333,0.00071946
35.800000,0.00001489
35.816667,0.00000000
35.833333,0.00028638
35.850000,0.00000000
35.866667,0.00003799
35.883333,0.00037096
35.900000,0.00007399
35.916667,0.00001058
35.933333,0.00043087
35.950000,0.00000000
35.966667,0.00000000
35.983333,0.00006706
36.000000,0.00002099
36.016667,0.00059141
36.033333,0.00010238
36.050000,0.00007262
36.066667,0.00000000
36.083333,0.00038322
36.100000,0.00026719
36.116667,0.00016945
36.133333,0.00000000
36.150000,0.00006291
36.166667,0.00026514
36.183333,0.00000000
36.200000,0.00000000
36.216667,0.00024079
36.233333,0.00000000
36.250000,0.00013464
36.266667,0.00003783
36.283333,0.00000000
36.300000,0.00066128
36.316667,0.00002130
36.333333,0.00000000
36.350000,0.00000000
36.366667,0.00002470
36.383333,0.00000000
36.400000,0.00000000
36.416667,0.00029967
36.433333,0.00014688
36.450000,0.00000000
36.466667,0.00039373
36.483333,0.00027774
36.500000,0.00000000
36.516667,0.00000000
36.533333,0.00000000
36.550000,0.00000000
36.566667,0.00000640
36.583333,0.00000000
36.600000,0.00000000
36.616667,0.00000623
36.633333,0.00011407
36.650000,0.00000000
36.666667,0.00071972
36.683333,0.00000000
36.700000,0.00000000
36.716667,0.00065462
36.733333,0.00000000
36.750000,0.00030616
36.766667,0.00000000
36.783333,0.00000000
36.800000,0.00000000
36.816667,0.00052463
36.833333,0.00000000
36.850000,0.00003614
36.866667,0.00060813
36.883333,0.00000000
36.900000,0.00006355
36.916667,0.00000000
36.933333,0.00054849
36.950000,0.00000000
36.966667,0.00006406
36.983333,0.00000000
37.000000,0.00000000
37.016667,0.00004963
37.033333,0.00000000
37.050000,0.00019524
37.066667,0.00000000
37.083333,0.00041178
37.100000,0.00013342
37.116667,0.00000000
37.133333,0.00055732
37.150000,0.00000000
37.166667,0.00000000
37.183333,0.00010693
37.200000,0.00000000
37.216667,0.00052433
37.233333,0.00036008
37.250000,0.00000000
37.266667,0.00000000
37.283333,0.00002774
37.300000,0.00065770
37.316667,0.00001755
37.333333,0.00000000
37.350000,0.00038968
37.366667,0.00000000
37.383333,0.00085280
37.400000,0.00000000
37.416667,0.00000000
37.433333,0.00029089
37.450000,0.00066809
37.466667,0.00011961
37.483333,0.00021774
37.500000,0.00000000
37.516667,0.00019862
37.533333,0.00000000
37.550000,0.00000000
37.566667,0.00000000
37.583333,0.00000000
37.600000,0.00027477
37.616667,0.00021573
37.633333,0.00044459
37.650000,0.00030449
37.666667,0.00054547
37.683333,0.00028035
37.700000,0.00000000
37.716667,0.00000000
37.733333,0.00004878
37.750000,0.00019615
37.766667,0.00008331
37.783333,0.00005697
37.800000,0.00000000
37.816667,0.00036918
37.833333,0.00012649
37.850000,0.00012348
37.866667,0.00053063
37.883333,0.00013754
37.900000,0.00000000
37.916667,0.00000000
37.933333,0.00023166
37.950000,0.00000000
37.966667,0.00000000
37.983333,0.00000000
38.000000,0.00000000
38.016667,0.00000000
38.033333,0.00081392
38.050000,0.00007502
38.066667,0.00000000
38.083333,0.00000000
38.100000,0.00000000
38.116667,0.00000000
38.133333,0.00000000
38.150000,0.00000000
38.166667,0.00051677
38.183333,0.00007346
38.200000,0.00065385
38.216667,0.00000000
38.233333,0.00037060
38.250000,0.00048278
38.266667,0.00021544
38.283333,0.00015036
38.300000,0.00000000
38.316667,0.00006852
38.333333,0.00046727
38.350000,0.00001832
38.366667,0.00015038
38.383333,0.00010663
38.400000,0.00000000
38.416667,0.00004273
38.433333,0.00050421
38.450000,0.00000000
38.466667,0.00000000
38.483333,0.00000000
38.500000,0.00000000
38.516667,0.00000000
38.533333,0.00000000
38.550000,0.00000000
38.566667,0.00000000
38.583333,0.00000000
38.600000,0.00000000
38.616667,0.00000000
38.633333,0.00017906
38.650000,0.00041269
38.666667,0.00000000
38.683333,0.00027764
38.700000,0.00000000
38.716667,0.00006289
38.733333,0.00039207
38.750000,0.00015233
38.766667,0.00000000
38.783333,0.00000000
38.800000,0.00008604
38.816667,0.00051726
38.833333,0.00012084
38.850000,0.00038760
38.866667,0.00002519
38.883333,0.00000000
38.900000,0.00082854
38.916667,0.00000000
38.933333,0.00050837
38.950000,0.00000000
38.966667,0.00000000
38.983333,0.00000000
39.000000,0.00034185
39.016667,0.00000000
39.033333,0.00000000
39.050000,0.00000000
39.066667,0.00000000
39.083333,0.00075635
39.100000,0.00000000
39.116667,0.00000000
39.133333,0.00024841
39.150000,0.00000000
39.166667,0.00000000
39.183333,0.00000000
39.200000,0.00011987
39.216667,0.00000000
39.233333,0.00000000
39.250000,0.00021457
39.266667,0.00003871
39.283333,0.00000000
39.300000,0.00000000
39.316667,0.00003126
39.333333,0.00000000
39.350000,0.00006128
39.366667,0.00049634
39.383333,0.00044888
39.400000,0.00000000
39.416667,0.00000000
39.433333,0.00015383
39.450000,0.00009171
39.466667,0.00028763
39.483333,0.00000000
39.500000,0.00061223
39.516667,0.00000000
39.533333,0.00000000
39.550000,0.00097298
39.566667,0.00000000
39.583333,0.00041955
39.600000,0.00042372
39.616667,0.00077857
39.633333,0.00000000
39.650000,0.00000000
39.666667,0.00000000
39.683333,0.00010178
39.700000,0.00017536
39.716667,0.00075082
39.733333,0.00000000
39.750000,0.00000000
39.766667,0.00031410
39.783333,0.00000000
39.800000,0.00027664
39.816667,0.00000000
39.833333,0.00000000
39.850000,0.00000000
39.866667,0.00000712
39.883333,0.00000000
39.900000,0.00007926
39.916667,0.00001309
39.933333,0.00042792
39.950000,0.00000000
39.966667,0.00015155
39.983333,0.00000000
40.000000,0.00000000
40.016667,0.00000000
40.033333,0.00000000
40.050000,0.00000000
40.066667,0.00024794
40.083333,0.00016947
40.100000,0.00008192
40.116667,0.00000000
40.133333,0.00000000
40.150000,0.00008909
40.166667,0.00000000
40.183333,0.00000000
40.200000,0.00000000
40.216667,0.00009732
40.233333,0.00030031
40.250000,0.00041922
40.266667,0.00033481
40.283333,0.00000000
40.300000,0.00013370
40.316667,0.00000000
40.333333,0.00029812
40.350000,0.00058174
40.366667,0.00000000
40.383333,0.00000000
40.400000,0.00000000
40.416667,0.00000000
40.433333,0.00033820
40.450000,0.00000000
40.466667,0.00012852
40.483333,0.00000000
40.500000,0.00000000
40.516667,0.00000000
40.533333,0.00000000
40.550000,0.00000000
40.566667,0.00000000
40.583333,0.00019387
40.600000,0.00016057
40.616667,0.00074501
40.633333,0.00055296
40.650000,0.00030460
40.666667,0.00000000
40.683333,0.00000000
40.700000,0.00008484
40.716667,0.00092422
40.733333,0.00002306
40.750000,0.00004677
40.766667,0.00031577
40.783333,0.00000000
40.800000,0.00021160
40.816667,0.00000000
40.833333,0.00055936
40.850000,0.00012902
40.866667,0.00000000
40.883333,0.00021226
40.900000,0.00000000
40.916667,0.00038181
40.933333,0.00000000
40.950000,0.00000000
40.966667,0.00000000
40.983333,0.00000000
41.000000,0.00019283
41.016667,0.00025727
41.033333,0.00000000
41.050000,0.00000000
41.066667,0.00025808
41.083333,0.00000000
41.100000,0.00000000
41.116667,0.00080750
41.133333,0.00026330
41.150000,0.00017590
41.166667,0.00013430
41.183333,0.00023735
41.200000,0.00000000
41.216667,0.00000000
41.233333,0.00079847
41.250000,0.00069772
41.266667,0.00000000
41.283333,0.00009083
41.300000,0.00000000
41.316667,0.00026090
41.333333,0.00000000
41.350000,0.00049427
41.366667,0.00000000
41.383333,0.00059623
41.400000,0.00104765
41.416667,0.00000000
41.433333,0.00010055
41.450000,0.00015690
41.466667,0.00024360
41.483333,0.00022497
41.500000,0.00074118
41.516667,0.00000000
41.533333,0.00001409
41.550000,0.00000000
41.566667,0.00039297
41.583333,0.00042736
41.600000,0.00026783
41.616667,0.00053096
41.633333,0.00000000
41.650000,0.00000000
41.666667,0.00000000
41.683333,0.00000000
41.700000,0.00040561
41.716667,0.00014397
41.733333,0.00000000
41.750000,0.00000000
41.766667,0.00034062
41.783333,0.00000000
41.800000,0.00000000
41.816667,0.00024985
41.833333,0.00013771
41.850000,0.00000000
41.866667,0.00000000
41.883333,0.00000000
41.900000,0.00000000
41.916667,0.00000000
41.933333,0.00000000
41.950000,0.00003018
41.966667,0.00000000
41.983333,0.00061585
42.000000,0.00021341
42.016667,0.00000000
42.033333,0.00034141
42.050000,0.00012453
42.066667,0.00027518
42.083333,0.00009889
42.100000,0.00000000
42.116667,0.00000000
42.133333,0.00018670
42.150000,0.00026672
42.166667,0.00003940
42.183333,0.00000000
42.200000,0.00000000
42.216667,0.00020199
42.233333,0.00008439
42.250000,0.00014350
42.266667,0.00000000
42.283333,0.00000000
42.300000,0.00031679
42.316667,0.00040773
42.333333,0.00000000
42.350000,0.00000000
42.366667,0.00000000
42.383333,0.00001606
42.400000,0.00000000
42.416667,0.00000000
42.433333,0.00026561
42.450000,0.00004444
42.466667,0.00014807
42.483333,0.00000000
42.500000,0.00000000
42.516667,0.00000000
42.533333,0.00000000
42.550000,0.00000000
42.566667,0.00000000
42.583333,0.00027120
42.600000,0.00012966
42.616667,0.00000000
42.633333,0.00000000
42.650000,0.00000000
42.666667,0.00057712
42.683333,0.00017016
42.700000,0.00000000
42.716667,0.00007957
42.733333,0.00017856
42.750000,0.00000000
42.766667,0.00000000
42.783333,0.00000000
42.800000,0.00000000
42.816667,0.00032086
42.833333,0.00000000
42.850000,0.00000000
42.866667,0.00013230
42.883333,0.00017544
42.900000,0.00103701
42.916667,0.00000000
42.933333,0.00006387
42.950000,0.00000000
42.966667,0.00016401
42.983333,0.00047859
43.000000,0.00000000
43.016667,0.00072493
43.033333,0.00028518
43.050000,0.00000000
43.066667,0.00020223
43.083333,0.00021882
43.100000,0.00017213
43.116667,0.00000000
43.133333,0.00000000
43.150000,0.00000000
43.166667,0.00000000
43.183333,0.00000000
43.200000,0.00000000
43.216667,0.00011565
43.233333,0.00009374
43.250000,0.00000000
43.266667,0.00016741
43.283333,0.00008735
43.300000,0.00009550
43.316667,0.00000000
43.333333,0.00000000
43.350000,0.00036594
43.366667,0.00000000
43.383333,0.00017593
43.400000,0.00004217
43.416667,0.00000000
43.433333,0.00020799
43.450000,0.00104038
43.466667,0.00000000
43.483333,0.00025331
43.500000,0.00043749
43.516667,0.00000000
43.533333,0.00000000
43.550000,0.00000000
43.566667,0.00020464
43.583333,0.00000000
43.600000,0.00017825
43.616667,0.00027996
43.633333,0.00008926
43.650000,0.00023793
43.666667,0.00000000
43.683333,0.00000000
43.700000,0.00000000
43.716667,0.00041431
43.733333,0.00074933
43.750000,0.00033021
43.766667,0.00014242
43.783333,0.00038877
43.800000,0.00000000
43.816667,0.00038136
43.833333,0.00005827
43.850000,0.00000000
43.866667,0.00008522
43.883333,0.00000000
43.900000,0.00000000
43.916667,0.00000000
43.933333,0.00054364
43.950000,0.00000000
43.966667,0.00031087
43.983333,0.00016779
44.000000,0.00075429
44.016667,0.00000000
44.033333,0.00000000
44.050000,0.00021919
44.066667,0.00000000
44.083333,0.00039144
44.100000,0.00000000
44.116667,0.00041811
44.133333,0.00000000
44.150000,0.00000000
44.166667,0.00002380
44.183333,0.00035578
44.200000,0.00002504
44.216667,0.00000000
44.233333,0.00047428
44.250000,0.00000000
44.266667,0.00016722
44.283333,0.00000000
44.300000,0.00004303
44.316667,0.00002165
44.333333,0.00003418
44.350000,0.00033878
44.366667,0.00000000
44.383333,0.00062090
44.400000,0.00000000
44.416667,0.00022005
44.433333,0.00000000
44.450000,0.00004900
44.466667,0.00000000
44.483333,0.00000000
44.500000,0.00000000
44.516667,0.00000000
44.533333,0.00000000
44.550000,0.00006969
44.566667,0.00000000
44.583333,0.00046346
44.600000,0.00005629
44.616667,0.00026500
44.633333,0.00066243
44.650000,0.00019525
44.666667,0.00000000
44.683333,0.00035245
44.700000,0.00055555
44.716667,0.00023918
44.733333,0.00000000
44.750000,0.00000000
44.766667,0.00000000
44.783333,0.00055478
44.800000,0.00052138
44.816667,0.00000000
44.833333,0.00000000
44.850000,0.00037821
44.866667,0.00029787
44.883333,0.00000000
44.900000,0.00000000
44.916667,0.00000721
44.933333,0.00000000
44.950000,0.00028778
44.966667,0.00004703
44.983333,0.00000000
45.000000,0.00000000
45.016667,0.00019684
45.033333,0.00031803
45.050000,0.00000000
45.066667,0.00000000
45.083333,0.00025045
45.100000,0.00000000
45.116667,0.00017543
45.133333,0.00000000
45.150000,0.00040992
45.166667,0.00012129
45.183333,0.00000000
45.200000,0.00046706
45.216667,0.00020741
45.233333,0.00000000
45.250000,0.00000169
45.266667,0.00050906
45.283333,0.00000000
45.300000,0.00000000
45.316667,0.00000000
45.333333,0.00000000
45.350000,0.00015167
45.366667,0.00000000
45.383333,0.00058881
45.400000,0.00005987
45.416667,0.00000000
45.433333,0.00000000
45.450000,0.00000000
45.466667,0.00000000
45.483333,0.00067245
45.500000,0.00000000
45.516667,0.00000000
45.533333,0.00000000
45.550000,0.00000000
45.566667,0.00023018
45.583333,0.00007035
45.600000,0.00000000
45.616667,0.00000000
45.633333,0.00053717
45.650000,0.00000000
45.666667,0.00000000
45.683333,0.00073890
45.700000,0.00000000
45.716667,0.00022302
45.733333,0.00014712
45.750000,0.00065088
45.766667,0.00062981
45.783333,0.00088353
45.800000,0.00000000
45.816667,0.00011071
45.833333,0.00016845
45.850000,0.00000000
45.866667,0.00022669
45.883333,0.00000000
45.900000,0.00000000
45.916667,0.00020274
45.933333,0.00000000
45.950000,0.00052142
45.966667,0.00022470
45.983333,0.00009454
46.000000,0.00000000
46.016667,0.00039123
46.033333,0.00000000
46.050000,0.00000000
46.066667,0.00000000
46.083333,0.00000000
46.100000,0.00029725
46.116667,0.00079159
46.133333,0.00019017
46.150000,0.00026878
46.166667,0.00076358
46.183333,0.00000000
46.200000,0.00041029
46.216667,0.00029615
46.233333,0.00051602
46.250000,0.00000000
46.266667,0.00030237
46.283333,0.00000000
46.300000,0.00013632
46.316667,0.00000000
46.333333,0.00000000
46.350000,0.00000000
46.366667,0.00000000
46.383333,0.00000000
46.400000,0.00002610
46.416667,0.00045293
46.433333,0.00045761
46.450000,0.00040856
46.466667,0.00022832
46.483333,0.00000000
46.500000,0.00000000
46.516667,0.00002465
46.533333,0.00000000
46.550000,0.00002221
46.566667,0.00014509
46.583333,0.00000000
46.600000,0.00002186
46.616667,0.00000000
46.633333,0.00025815
46.650000,0.00010963
46.666667,0.00000000
46.683333,0.00000000
46.700000,0.00000000
46.716667,0.00060154
46.733333,0.00019070
46.750000,0.00004567
46.766667,0.00009396
46.783333,0.00032409
46.800000,0.00000000
46.816667,0.00000000
46.833333,0.00000000
46.850000,0.00089456
46.866667,0.00080448
46.883333,0.00022108
46.900000,0.00007939
46.916667,0.00011098
46.933333,0.00000000
46.950000,0.00000000
46.966667,0.00000000
46.983333,0.00000000
47.000000,0.00000000
47.016667,0.00000000
47.033333,0.00022003
47.050000,0.00004013
47.066667,0.00023406
47.083333,0.00002330
47.100000,0.00000000
47.116667,0.00040454
47.133333,0.00000000
47.150000,0.00000000
47.166667,0.00076826
47.183333,0.00013031
47.200000,0.00029243
47.216667,0.00000000
47.233333,0.00023386
47.250000,0.00039439
47.266667,0.00000000
47.283333,0.00000000
47.300000,0.00003698
47.316667,0.00000000
47.333333,0.00000000
47.350000,0.00031498
47.366667,0.00000000
47.383333,0.00006619
47.400000,0.00075086
47.416667,0.00000000
47.433333,0.00050707
47.450000,0.00002557
47.466667,0.00000000
47.483333,0.00044253
47.500000,0.00026512
47.516667,0.00000000
47.533333,0.00003348
47.550000,0.00016898
47.566667,0.00030056
47.583333,0.00060232
47.600000,0.00000000
47.616667,0.00007711
47.633333,0.00000000
47.650000,0.00026797
47.666667,0.00012948
47.683333,0.00000000
47.700000,0.00023089
47.716667,0.00012790
47.733333,0.00000000
47.750000,0.00035100
47.766667,0.00073191
47.783333,0.00000000
47.800000,0.00000000
47.816667,0.00000000
47.833333,0.00000000
47.850000,0.00000000
47.866667,0.00044509
47.883333,0.00012848
47.900000,0.00000000
47.916667,0.00000689
47.933333,0.00000000
47.950000,0.00000000
47.966667,0.00000000
47.983333,0.00000000
48.000000,0.00000000
48.016667,0.00048859
48.033333,0.00000000
48.050000,0.00022543
48.066667,0.00075237
48.083333,0.00037238
48.100000,0.00000000
48.116667,0.00009752
48.133333,0.00011718
48.150000,0.00000000
48.166667,0.00000000
48.183333,0.00016087
48.200000,0.00014315
48.216667,0.00038155
48.233333,0.00000000
48.250000,0.00000000
48.266667,0.00000000
48.283333,0.00050215
48.300000,0.00013550
48.316667,0.00026232
48.333333,0.00000000
48.350000,0.00032263
48.366667,0.00017492
48.383333,0.00000000
48.400000,0.00000000
48.416667,0.00038692
48.433333,0.00003568
48.450000,0.00000000
48.466667,0.00000000
48.483333,0.00017132
48.500000,0.00017570
48.516667,0.00000000
48.533333,0.00046881
48.550000,0.00081354
48.566667,0.00013787
48.583333,0.00017671
48.600000,0.00043284
48.616667,0.00000000
48.633333,0.00000000
48.650000,0.00000000
48.666667,0.00000000
48.683333,0.00032159
48.700000,0.00000000
48.716667,0.00001730
48.733333,0.00017009
48.750000,0.00000000
48.766667,0.00038351
48.783333,0.00032358
48.800000,0.00000000
48.816667,0.00000000
48.833333,0.00000000
48.850000,0.00000000
48.866667,0.00000000
48.883333,0.00043556
48.900000,0.00018554
48.916667,0.00015960
48.933333,0.00087598
48.950000,0.00000000
48.966667,0.00023875
48.983333,0.00000000
49.000000,0.00061584
49.016667,0.00000000
49.033333,0.00024989
49.050000,0.00000000
49.066667,0.00068866
49.083333,0.00016731
49.100000,0.00000000
49.116667,0.00062466
49.133333,0.00021662
49.150000,0.00000000
49.166667,0.00000000
49.183333,0.00039206
49.200000,0.00016358
49.216667,0.00000000
49.233333,0.00000000
49.250000,0.00044742
49.266667,0.00000000
49.283333,0.00000000
49.300000,0.00047395
49.316667,0.00000000
49.333333,0.00000000
49.350000,0.00015253
49.366667,0.00000000
49.383333,0.00000000
49.400000,0.00000000
49.416667,0.00000000
49.433333,0.00000000
49.450000,0.00000000
49.466667,0.00000000
49.483333,0.00024914
49.500000,0.00000000
49.516667,0.00000000
49.533333,0.00021839
49.550000,0.00052435
49.566667,0.00000000
49.583333,0.00000000
49.600000,0.00000000
49.616667,0.00000000
49.633333,0.00004896
49.650000,0.00000000
49.666667,0.00000000
49.683333,0.00000000
49.700000,0.00001012
49.716667,0.00000000
49.733333,0.00021101
49.750000,0.00032679
49.766667,0.00097785
49.783333,0.00029886
49.800000,0.00000000
49.816667,0.00000000
49.833333,0.00004455
49.850000,0.00063973
49.866667,0.00057981
49.883333,0.00000000
49.900000,0.00000000
49.916667,0.00000000
49.933333,0.00000000
49.950000,0.00000000
49.966667,0.00000000
49.983333,0.00000000
50.000000,0.00036744
50.016667,0.00000000
50.033333,0.00000000
50.050000,0.00054199
50.066667,0.00027001
50.083333,0.00012776
50.100000,0.00068913
50.116667,0.00036367
50.133333,0.00037331
50.150000,0.00010157
50.166667,0.00030314
50.183333,0.00118263
50.200000,0.00041635
50.216667,0.00000000
50.233333,0.00064810
50.250000,0.00000000
50.266667,0.00030295
50.283333,0.00047403
50.300000,0.00026762
50.316667,0.00000000
50.333333,0.00000000
50.350000,0.00039814
50.366667,0.00073642
50.383333,0.00005958
50.400000,0.00005374
50.416667,0.00028912
50.433333,0.00000000
50.450000,0.00000000
50.466667,0.00019358
50.483333,0.00048432
50.500000,0.00026803
50.516667,0.00000000
50.533333,0.00000000
50.550000,0.00059147
50.566667,0.00011613
50.583333,0.00000000
50.600000,0.00004603
50.616667,0.00013044
50.633333,0.00000000
50.650000,0.00025553
50.666667,0.00000000
50.683333,0.00000000
50.700000,0.00000000
50.716667,0.00000000
50.733333,0.00019061
50.750000,0.00017938
50.766667,0.00023238
50.783333,0.00000000
50.800000,0.00060086
50.816667,0.00000000
50.833333,0.00000000
50.850000,0.00004033
50.866667,0.00000000
50.883333,0.00005070
50.900000,0.00068873
50.916667,0.00000000
50.933333,0.00000000
50.950000,0.00045940
50.966667,0.00083310
50.983333,0.00015176
51.000000,0.00000000
51.016667,0.00000000
51.033333,0.00018783
51.050000,0.00000000
51.066667,0.00000000
51.083333,0.00018387
51.100000,0.00019407
51.116667,0.00000000
51.133333,0.00034433
51.150000,0.00000000
51.166667,0.00000000
51.183333,0.00000000
51.200000,0.00000000
51.216667,0.00000000
51.233333,0.00000000
51.250000,0.00000000
51.266667,0.00057553
51.283333,0.00045414
51.300000,0.00000000
51.316667,0.00044054
51.333333,0.00000000
51.350000,0.00000000
51.366667,0.00070362
51.383333,0.00003955
51.400000,0.00000000
51.416667,0.00032976
51.433333,0.00044558
51.450000,0.00000000
51.466667,0.00000000
51.483333,0.00072279
51.500000,0.00000000
51.516667,0.00083318
51.533333,0.00063594
51.550000,0.00016228
51.566667,0.00000000
51.583333,0.00000000
51.600000,0.00000000
51.616667,0.00019449
51.633333,0.00035167
51.650000,0.00008201
51.666667,0.00000000
51.683333,0.00000000
51.700000,0.00000000
51.716667,0.00029803
51.733333,0.00000000
51.750000,0.00000000
51.766667,0.00009447
51.783333,0.00041090
51.800000,0.00000000
51.816667,0.00018911
51.833333,0.00061817
51.850000,0.00000000
51.866667,0.00062723
51.883333,0.00003786
51.900000,0.00000000
51.916667,0.00000000
51.933333,0.00000000
51.950000,0.00000000
51.966667,0.00029482
51.983333,0.00007730
52.000000,0.00000000
52.016667,0.00000000
52.033333,0.00036616
52.050000,0.00000000
52.066667,0.00023707
52.083333,0.00018016
52.100000,0.00011787
52.116667,0.00012100
52.133333,0.00000000
52.150000,0.00000000
52.166667,0.00000000
52.183333,0.00063915
52.200000,0.00000000
52.216667,0.00000000
52.233333,0.00009268
52.250000,0.00000000
52.266667,0.00021222
52.283333,0.00018991
52.300000,0.00035923
52.316667,0.00133302
52.333333,0.00000000
52.350000,0.00028077
52.366667,0.00000000
52.383333,0.00011111
52.400000,0.00000000
52.416667,0.00000000
52.433333,0.00000000
52.450000,0.00041957
52.466667,0.00000000
52.483333,0.00000000
52.500000,0.00000000
52.516667,0.00051207
52.533333,0.00045011
52.550000,0.00048826
52.566667,0.00000000
52.583333,0.00000000
52.600000,0.00000000
52.616667,0.00036349
52.633333,0.00061219
52.650000,0.00016464
52.666667,0.00000000
52.683333,0.00015166
52.700000,0.00000000
52.716667,0.00000000
52.733333,0.00045702
52.750000,0.00063645
52.766667,0.00000000
52.783333,0.00059257
52.800000,0.00007051
52.816667,0.00061716
52.833333,0.00006600
52.850000,0.00007145
52.866667,0.00000000
52.883333,0.00000000
52.900000,0.00038694
52.916667,0.00009189
52.933333,0.00000496
52.950000,0.00000000
52.966667,0.00000000
52.983333,0.00036434
53.000000,0.00014003
53.016667,0.00029694
53.033333,0.00011987
53.050000,0.00000000
53.066667,0.00042448
53.083333,0.00023970
53.100000,0.00000000
53.116667,0.00028294
53.133333,0.00000000
53.150000,0.00010404
53.166667,0.00000000
53.183333,0.00031184
53.200000,0.00052341
53.216667,0.00007551
53.233333,0.00000000
53.250000,0.00000000
53.266667,0.00000000
53.283333,0.00039891
53.300000,0.00025304
53.316667,0.00022167
53.333333,0.00057847
53.350000,0.00012600
53.366667,0.00000000
53.383333,0.00000000
53.400000,0.00000000
53.416667,0.00028075
53.433333,0.00006187
53.450000,0.00000000
53.466667,0.00006407
53.483333,0.00000000
53.500000,0.00000000
53.516667,0.00011150
53.533333,0.00013394
53.550000,0.00000000
53.566667,0.00069327
53.583333,0.00003441
53.600000,0.00000000
53.616667,0.00038204
53.633333,0.00000000
53.650000,0.00000000
53.666667,0.00000000
53.683333,0.00000000
53.700000,0.00000000
53.716667,0.00005983
53.733333,0.00000000
53.750000,0.00021458
53.766667,0.00029358
53.783333,0.00000000
53.800000,0.00042672
53.816667,0.00005418
53.833333,0.00000000
53.850000,0.00012593
53.866667,0.00033521
53.883333,0.00000000
53.900000,0.00000000
53.916667,0.00000000
53.933333,0.00004005
53.950000,0.00000000
53.966667,0.00000000
53.983333,0.00036880
54.000000,0.00000000
54.016667,0.00000000
54.033333,0.00061197
54.050000,0.00042303
54.066667,0.00080078
54.083333,0.00000000
54.100000,0.00010211
54.116667,0.00035680
54.133333,0.00006892
54.150000,0.00000000
54.166667,0.00007000
54.183333,0.00017413
54.200000,0.00000000
54.216667,0.00000000
54.233333,0.00000000
54.250000,0.00000000
54.266667,0.00000000
54.283333,0.00036590
54.300000,0.00000000
54.316667,0.00000000
54.333333,0.00000000
54.350000,0.00000000
54.366667,0.00012727
54.383333,0.00000000
54.400000,0.00051131
54.416667,0.00000000
54.433333,0.00027881
54.450000,0.00000000
54.466667,0.00000000
54.483333,0.00020531
54.500000,0.00040491
54.516667,0.00000000
54.533333,0.00000000
54.550000,0.00000000
54.566667,0.00000000
54.583333,0.00006578
54.600000,0.00000000
54.616667,0.00039483
54.633333,0.00004143
54.650000,0.00000000
54.666667,0.00055676
54.683333,0.00024705
54.700000,0.00014778
54.716667,0.00000000
54.733333,0.00000000
54.750000,0.00000000
54.766667,0.00056150
54.783333,0.00018201
54.800000,0.00000000
54.816667,0.00009949
54.833333,0.00000000
54.850000,0.00024060
54.866667,0.00000000
54.883333,0.00008267
54.900000,0.00051845
54.916667,0.00012820
54.933333,0.00081143
54.950000,0.00000000
54.966667,0.00015543
54.983333,0.00000000
55.000000,0.00000000
55.016667,0.00028102
55.033333,0.00000000
55.050000,0.00000000
55.066667,0.00004455
55.083333,0.00000000
55.100000,0.00011793
55.116667,0.00000000
55.133333,0.00000000
55.150000,0.00010180
55.166667,0.00000000
55.183333,0.00023916
55.200000,0.00009558
55.216667,0.00051185
55.233333,0.00000000
55.250000,0.00000000
55.266667,0.00000000
55.283333,0.00019690
55.300000,0.00000000
55.316667,0.00014230
55.333333,0.00013281
55.350000,0.00000000
55.366667,0.00000000
55.383333,0.00000000
55.400000,0.00023150
55.416667,0.00051549
55.433333,0.00019076
55.450000,0.00000000
55.466667,0.00023076
55.483333,0.00000000
55.500000,0.00052392
55.516667,0.00020573
55.533333,0.00000000
55.550000,0.00082191
55.566667,0.00011251
55.583333,0.00000000
55.600000,0.00000000
55.616667,0.00004955
55.633333,0.00000000
55.650000,0.00008556
55.666667,0.00000000
55.683333,0.00000000
55.700000,0.00048885
55.716667,0.00058226
55.733333,0.00000000
55.750000,0.00042133
55.766667,0.00000000
55.783333,0.00000000
55.800000,0.00000000
55.816667,0.00055168
55.833333,0.00000000
55.850000,0.00000000
55.866667,0.00000000
55.883333,0.00000000
55.900000,0.00000000
55.916667,0.00015574
55.933333,0.00000000
55.950000,0.00023943
55.966667,0.00001640
55.983333,0.00064389
56.000000,0.00000000
56.016667,0.00053355
56.033333,0.00010088
56.050000,0.00016865
56.066667,0.00016236
56.083333,0.00000000
56.100000,0.00000000
56.116667,0.00051334
56.133333,0.00000000
56.150000,0.00000000
56.166667,0.00000000
56.183333,0.00007410
56.200000,0.00000000
56.216667,0.00000000
56.233333,0.00014041
56.250000,0.00000000
56.266667,0.00026589
56.283333,0.00005181
56.300000,0.00000000
56.316667,0.00000000
56.333333,0.00007039
56.350000,0.00000000
56.366667,0.00000000
56.383333,0.00000000
56.400000,0.00000000
56.416667,0.00068459
56.433333,0.00050778
56.450000,0.00032388
56.466667,0.00006572
56.483333,0.00023968
56.500000,0.00029299
56.516667,0.00000000
56.533333,0.00000000
56.550000,0.00000000
56.566667,0.00000000
56.583333,0.00000000
56.600000,0.00003383
56.616667,0.00000000
56.633333,0.00006590
56.650000,0.00062458
56.666667,0.00052354
56.683333,0.00029149
56.700000,0.00029347
56.716667,0.00003967
56.733333,0.00000000
56.750000,0.00000000
56.766667,0.00060845
56.783333,0.00000000
56.800000,0.00051116
56.816667,0.00000000
56.833333,0.00024320
56.850000,0.00005657
56.866667,0.00036493
56.883333,0.00000000
56.900000,0.00014627
56.916667,0.00000000
56.933333,0.00037404
56.950000,0.00046261
56.966667,0.00000000
56.983333,0.00025898
57.000000,0.00000000
57.016667,0.00000000
57.033333,0.00000000
57.050000,0.00000000
57.066667,0.00037081
57.083333,0.00010999
57.100000,0.00078692
57.116667,0.00012283
57.133333,0.00008914
57.150000,0.00015411
57.166667,0.00000000
57.183333,0.00054416
57.200000,0.00000000
57.216667,0.00000000
57.233333,0.00000000
57.250000,0.00000000
57.266667,0.00010727
57.283333,0.00014449
57.300000,0.00073164
57.316667,0.00000000
57.333333,0.00000000
57.350000,0.00008627
57.366667,0.00010542
57.383333,0.00032063
57.400000,0.00032608
57.416667,0.00018420
57.433333,0.00000000
57.450000,0.00007872
57.466667,0.00000000
57.483333,0.00059074
57.500000,0.00019458
57.516667,0.00000000
57.533333,0.00029846
57.550000,0.00039017
57.566667,0.00000000
57.583333,0.00000000
57.600000,0.00058253
57.616667,0.00000000
57.633333,0.00000000
57.650000,0.00033796
57.666667,0.00000000
57.683333,0.00000000
57.700000,0.00028118
57.716667,0.00009957
57.733333,0.00017568
57.750000,0.00000000
57.766667,0.00003747
57.783333,0.00043407
57.800000,0.00000000
57.816667,0.00016270
57.833333,0.00018416
57.850000,0.00023076
57.866667,0.00000000
57.883333,0.00000000
57.900000,0.00000000
57.916667,0.00000000
57.933333,0.00014430
57.950000,0.00000000
57.966667,0.00031700
57.983333,0.00000875
58.000000,0.00003205
58.016667,0.00000000
58.033333,0.00046983
58.050000,0.00000000
58.066667,0.00000000
58.083333,0.00011409
58.100000,0.00020120
58.116667,0.00077073
58.133333,0.00023083
58.150000,0.00000000
58.166667,0.00000000
58.183333,0.00000000
58.200000,0.00000000
58.216667,0.00045076
58.233333,0.00000000
58.250000,0.00022670
58.266667,0.00017133
58.283333,0.00000000
58.300000,0.00000000
58.316667,0.00013969
58.333333,0.00012383
58.350000,0.00082241
58.366667,0.00000000
58.383333,0.00003065
58.400000,0.00022623
58.416667,0.00000000
58.433333,0.00000000
58.450000,0.00023325
58.466667,0.00040088
58.483333,0.00000000
58.500000,0.00000000
58.516667,0.00000000
58.533333,0.00027035
58.550000,0.00057571
58.566667,0.00038834
58.583333,0.00040545
58.600000,0.00000000
58.616667,0.00000000
58.633333,0.00000000
58.650000,0.00015200
58.666667,0.00006952
58.683333,0.00008840
58.700000,0.00000000
58.716667,0.00000000
58.733333,0.00000000
58.750000,0.00000000
58.766667,0.00000000
58.783333,0.00054182
58.800000,0.00000000
58.816667,0.00000000
58.833333,0.00015906
58.850000,0.00000000
58.866667,0.00000000
58.883333,0.00012676
58.900000,0.00022096
58.916667,0.00000000
58.933333,0.00000000
58.950000,0.00000000
58.966667,0.00107918
58.983333,0.00008278
59.000000,0.00000000
59.016667,0.00000000
59.033333,0.00019415
59.050000,0.00045130
59.066667,0.00003698
59.083333,0.00047612
59.100000,0.00000000
59.116667,0.00018294
59.133333,0.00010415
59.150000,0.00026447
59.166667,0.00010606
59.183333,0.00042464
59.200000,0.00015645
59.216667,0.00068432
59.233333,0.00000053
59.250000,0.00051211
59.266667,0.00000000
59.283333,0.00000000
59.300000,0.00051286
59.316667,0.00000000
59.333333,0.00000000
59.350000,0.00000000
59.366667,0.00000000
59.383333,0.00009519
59.400000,0.00045603
59.416667,0.00037042
59.433333,0.00000000
59.450000,0.00000000
59.466667,0.00089967
59.483333,0.00000000
59.500000,0.00000000
59.516667,0.00000000
59.533333,0.00019328
59.550000,0.00000000
59.566667,0.00000000
59.583333,0.00000000
59.600000,0.00086978
59.616667,0.00017324
59.633333,0.00000000
59.650000,0.00000000
59.666667,0.00000000
59.683333,0.00000000
59.700000,0.00000000
59.716667,0.00008490
59.733333,0.00094489
59.750000,0.00027152
59.766667,0.00000000
59.783333,0.00000000
59.800000,0.00000000
59.816667,0.00006241
59.833333,0.00000000
59.850000,0.00045618
59.866667,0.00000000
59.883333,0.00024313
59.900000,0.00000000
59.916667,0.00063791
59.933333,0.00033340
59.950000,0.00000000
59.966667,0.00002906
59.983333,0.00000000
60.000000,0.00000000
60.016667,0.00000000
60.033333,0.00000000
60.050000,0.00054835
60.066667,0.00000000
60.083333,0.00000000
60.100000,0.00000000
60.116667,0.00000000
60.133333,0.00026373
60.150000,0.00089523
60.166667,0.00000000
60.183333,0.00000000
60.200000,0.00000000
60.216667,0.00010801
60.233333,0.00000000
60.250000,0.00033564
60.266667,0.00000000
60.283333,0.00074721
60.300000,0.00000000
60.316667,0.00000000
60.333333,0.00003031
60.350000,0.00000000
60.366667,0.00030068
60.383333,0.00000000
60.400000,0.00000000
60.416667,0.00000000
60.433333,0.00000000
60.450000,0.00000000
60.466667,0.00060100
60.483333,0.00000000
60.500000,0.00000000
60.516667,0.00011766
60.533333,0.00000000
60.550000,0.00000000
60.566667,0.00000000
60.583333,0.00000000
60.600000,0.00040832
60.616667,0.00000000
60.633333,0.00000000
60.650000,0.00000000
60.666667,0.00000000
60.683333,0.00031341
60.700000,0.00021697
60.716667,0.00000000
60.733333,0.00015824
60.750000,0.00000000
60.766667,0.00056560
60.783333,0.00000000
60.800000,0.00065651
60.816667,0.00000000
60.833333,0.00013546
60.850000,0.00000000
60.866667,0.00000000
60.883333,0.00026751
60.900000,0.00000000
60.916667,0.00000000
60.933333,0.00008801
60.950000,0.00000000
60.966667,0.00014503
60.983333,0.00000000
61.000000,0.00053040
61.016667,0.00000000
61.033333,0.00031422
61.050000,0.00053649
61.066667,0.00000000
61.083333,0.00000000
61.100000,0.00024530
61.116667,0.00021080
61.133333,0.00000000
61.150000,0.00000000
61.166667,0.00000000
61.183333,0.00000000
61.200000,0.00022591
61.216667,0.00016410
61.233333,0.00001441
61.250000,0.00026370
61.266667,0.00000000
61.283333,0.00000000
61.300000,0.00000000
61.316667,0.00000000
61.333333,0.00032816
61.350000,0.00027649
61.366667,0.00034189
61.383333,0.00000000
61.400000,0.00073951
61.416667,0.00000000
61.433333,0.00032268
61.450000,0.00000196
61.466667,0.00000000
61.483333,0.00035051
61.500000,0.00003187
61.516667,0.00000000
61.533333,0.00047342
61.550000,0.00000000
61.566667,0.00000000
61.583333,0.00031000
61.600000,0.00029296
61.616667,0.00022367
61.633333,0.00000000
61.650000,0.00000000
61.666667,0.00031452
61.683333,0.00000000
61.700000,0.00000000
61.716667,0.00000000
61.733333,0.00000000
61.750000,0.00030358
61.766667,0.00000000
61.783333,0.00000000
61.800000,0.00000000
61.816667,0.00069281
61.833333,0.00008687
61.850000,0.00000000
61.866667,0.00007182
61.883333,0.00060297
61.900000,0.00000374
61.916667,0.00054373
61.933333,0.00000000
61.950000,0.00010655
61.966667,0.00000000
61.983333,0.00000000
62.000000,0.00000000
62.016667,0.00000000
62.033333,0.00000000
62.050000,0.00000000
62.066667,0.00008382
62.083333,0.00050631
62.100000,0.00000000
62.116667,0.00000000
62.133333,0.00000000
62.150000,0.00000000
62.166667,0.00055576
62.183333,0.00000000
62.200000,0.00019622
62.216667,0.00000000
62.233333,0.00000000
62.250000,0.00034764
62.266667,0.00000000
62.283333,0.00035053
62.300000,0.00000000
62.316667,0.00000000
62.333333,0.00012723
62.350000,0.00023232
62.366667,0.00000000
62.383333,0.00034313
62.400000,0.00026920
62.416667,0.00000000
62.433333,0.00000000
62.450000,0.00000000
62.466667,0.00023731
62.483333,0.00002704
62.500000,0.00053677
62.516667,0.00000000
62.533333,0.00070420
62.550000,0.00000000
62.566667,0.00001941
62.583333,0.00000000
62.600000,0.00025561
62.616667,0.00000000
62.633333,0.00011990
62.650000,0.00009977
62.666667,0.00000000
62.683333,0.00034891
62.700000,0.00000000
62.716667,0.00004562
62.733333,0.00030624
62.750000,0.00000000
62.766667,0.00038931
62.783333,0.00041926
62.800000,0.00007890
62.816667,0.00003667
62.833333,0.00000000
62.850000,0.00010961
62.866667,0.00029450
62.883333,0.00000000
62.900000,0.00011267
62.916667,0.00036458
62.933333,0.00000000
62.950000,0.00000000
62.966667,0.00049995
62.983333,0.00000000
63.000000,0.00004354
63.016667,0.00000000
63.033333,0.00000000
63.050000,0.00046874
63.066667,0.00012808
63.083333,0.00000000
63.100000,0.00049868
63.116667,0.00000000
63.133333,0.00010846
63.150000,0.00015026
63.166667,0.00042822
63.183333,0.00000000
63.200000,0.00000000
63.216667,0.00010514
63.233333,0.00111051
63.250000,0.00000000
63.266667,0.00011303
63.283333,0.00000000
63.300000,0.00015478
63.316667,0.00048052
63.333333,0.00000000
63.350000,0.00005033
63.366667,0.00012494
63.383333,0.00000000
63.400000,0.00064158
63.416667,0.00000000
63.433333,0.00000000
63.450000,0.00000000
63.466667,0.00033143
63.483333,0.00000000
63.500000,0.00000000
63.516667,0.00030958
63.533333,0.00000000
63.550000,0.00000000
63.566667,0.00000000
63.583333,0.00010086
63.600000,0.00067854
63.616667,0.00000000
63.633333,0.00025535
63.650000,0.00000942
63.666667,0.00000000
63.683333,0.00004010
63.700000,0.00000000
63.716667,0.00039908
63.733333,0.00005684
63.750000,0.00000000
63.766667,0.00000000
63.783333,0.00000000
63.800000,0.00000000
63.816667,0.00018399
63.833333,0.00035899
63.850000,0.00000000
63.866667,0.00038119
63.883333,0.00056887
63.900000,0.00000000
63.916667,0.00007356
63.933333,0.00000000
63.950000,0.00000000
63.966667,0.00039306
63.983333,0.00000000
64.000000,0.00025711
64.016667,0.00000000
64.033333,0.00000000
64.050000,0.00000000
64.066667,0.00000000
64.083333,0.00023331
64.100000,0.00000000
64.116667,0.00021205
64.133333,0.00081430
64.150000,0.00034857
64.166667,0.00000000
64.183333,0.00000000
64.200000,0.00000000
64.216667,0.00000000
64.233333,0.00000000
64.250000,0.00000000
64.266667,0.00000000
64.283333,0.00006447
64.300000,0.00000000
64.316667,0.00000000
64.333333,0.00074959
64.350000,0.00000000
64.366667,0.00000000
64.383333,0.00037493
64.400000,0.00000000
64.416667,0.00000000
64.433333,0.00066081
64.450000,0.00000000
64.466667,0.00000000
64.483333,0.00000000
64.500000,0.00027549
64.516667,0.00009155
64.533333,0.00000000
64.550000,0.00000000
64.566667,0.00000000
64.583333,0.00062603
64.600000,0.00014030
64.616667,0.00000000
64.633333,0.00000000
64.650000,0.00049211
64.666667,0.00006239
64.683333,0.00000000
64.700000,0.00016812
64.716667,0.00000000
64.733333,0.00000000
64.750000,0.00003868
64.766667,0.00000000
64.783333,0.00028192
64.800000,0.00000000
64.816667,0.00000000
64.833333,0.00022767
64.850000,0.00008136
64.866667,0.00049447
64.883333,0.00000000
64.900000,0.00025837
64.916667,0.00000000
64.933333,0.00000000
64.950000,0.00000000
64.966667,0.00018546
64.983333,0.00000000
65.000000,0.00020635
65.016667,0.00000608
65.033333,0.00007721
65.050000,0.00002229
65.066667,0.00005548
65.083333,0.00015493
65.100000,0.00000000
65.116667,0.00000000
65.133333,0.00000000
65.150000,0.00000000
65.166667,0.00000000
65.183333,0.00000000
65.200000,0.00000000
65.216667,0.00110025
65.233333,0.00000000
65.250000,0.00000000
65.266667,0.00014366
65.283333,0.00007559
65.300000,0.00000000
65.316667,0.00000000
65.333333,0.00000000
65.350000,0.00000000
65.366667,0.00000000
65.383333,0.00012531
65.400000,0.00034899
65.416667,0.00000000
65.433333,0.00000000
65.450000,0.00000000
65.466667,0.00020931
65.483333,0.00010684
65.500000,0.00000000
65.516667,0.00000000
65.533333,0.00000000
65.550000,0.00000000
65.566667,0.00049102
65.583333,0.00000000
65.600000,0.00039108
65.616667,0.00000797
65.633333,0.00000000
65.650000,0.00031476
65.666667,0.00031239
65.683333,0.00000000
65.700000,0.00000000
65.716667,0.00066800
65.733333,0.00000000
65.750000,0.00010189
65.766667,0.00016647
65.783333,0.00000000
65.800000,0.00000000
65.816667,0.00000000
65.833333,0.00000000
65.850000,0.00003296
65.866667,0.00000000
65.883333,0.00000000
65.900000,0.00000000
65.916667,0.00000000
65.933333,0.00000000
65.950000,0.00000000
65.966667,0.00000000
65.983333,0.00020021
66.000000,0.00000000
66.016667,0.00000000
66.033333,0.00003334
66.050000,0.00005773
66.066667,0.00016757
66.083333,0.00000000
66.100000,0.00000000
66.116667,0.00004234
66.133333,0.00000000
66.150000,0.00013201
66.166667,0.00090747
66.183333,0.00039699
66.200000,0.00075987
66.216667,0.00070779
66.233333,0.00000000
66.250000,0.00040509
66.266667,0.00000000
66.283333,0.00016265
66.300000,0.00016937
66.316667,0.00000000
66.333333,0.00000000
66.350000,0.00015860
66.366667,0.00014676
66.383333,0.00000000
66.400000,0.00019411
66.416667,0.00055280
66.433333,0.00062053
66.450000,0.00000000
66.466667,0.00000000
66.483333,0.00052394
66.500000,0.00000000
66.516667,0.00000000
66.533333,0.00000000
66.550000,0.00000000
66.566667,0.00000000
66.583333,0.00000000
66.600000,0.00013285
66.616667,0.00000000
66.633333,0.00002689
66.650000,0.00000000
66.666667,0.00020917
66.683333,0.00023337
66.700000,0.00000000
66.716667,0.00000000
66.733333,0.00000000
66.750000,0.00020496
66.766667,0.00000000
66.783333,0.00011943
66.800000,0.00000000
66.816667,0.00017319
66.833333,0.00054351
66.850000,0.00000000
66.866667,0.00000000
66.883333,0.00003378
66.900000,0.00023117
66.916667,0.00042187
66.933333,0.00057718
66.950000,0.00010901
66.966667,0.00000000
66.983333,0.00000000
67.000000,0.00057639
67.016667,0.00015374
67.033333,0.00000000
67.050000,0.00000000
67.066667,0.00000000
67.083333,0.00054195
67.100000,0.00000000
67.116667,0.00011953
67.133333,0.00014413
67.150000,0.00057773
67.166667,0.00022155
67.183333,0.00036819
67.200000,0.00013210
67.216667,0.00010504
67.233333,0.00031993
67.250000,0.00027354
67.266667,0.00000000
67.283333,0.00000000
67.300000,0.00001349
67.316667,0.00012481
67.333333,0.00033015
67.350000,0.00000000
67.366667,0.00000000
67.383333,0.00006544
67.400000,0.00011879
67.416667,0.00046600
67.433333,0.00000000
67.450000,0.00000000
67.466667,0.00018885
67.483333,0.00000000
67.500000,0.00013352
67.516667,0.00035943
67.533333,0.00000000
67.550000,0.00011581
67.566667,0.00036413
67.583333,0.00000000
67.600000,0.00000000
67.616667,0.00000000
67.633333,0.00002843
67.650000,0.00000000
67.666667,0.00000000
67.683333,0.00000000
67.700000,0.00046473
67.716667,0.00047680
67.733333,0.00015725
67.750000,0.00000000
67.766667,0.00022144
67.783333,0.00085889
67.800000,0.00000000
67.816667,0.00000000
67.833333,0.00000000
67.850000,0.00116141
67.866667,0.00067695
67.883333,0.00081983
67.900000,0.00000000
67.916667,0.00046298
67.933333,0.00000000
67.950000,0.00000000
67.966667,0.00015795
67.983333,0.00000000
68.000000,0.00022646
68.016667,0.00000000
68.033333,0.00000000
68.050000,0.00000000
68.066667,0.00004767
68.083333,0.00002563
68.100000,0.00011423
68.116667,0.00016724
68.133333,0.00035623
68.150000,0.00000000
68.166667,0.00033420
68.183333,0.00018716
68.200000,0.00000000
68.216667,0.00000000
68.233333,0.00000000
68.250000,0.00000000
68.266667,0.00000000
68.283333,0.00012496
68.300000,0.00021028
68.316667,0.00056185
68.333333,0.00000000
68.350000,0.00010511
68.366667,0.00005303
68.383333,0.00000000
68.400000,0.00000000
68.416667,0.00062689
68.433333,0.00029358
68.450000,0.00007500
68.466667,0.00000903
68.483333,0.00000000
68.500000,0.00000000
68.516667,0.00000000
68.533333,0.00000000
68.550000,0.00000000
68.566667,0.00000000
68.583333,0.00018798
68.600000,0.00000000
68.616667,0.00000000
68.633333,0.00039948
68.650000,0.00000000
68.666667,0.00039827
68.683333,0.00000000
68.700000,0.00024037
68.716667,0.00018174
68.733333,0.00000000
68.750000,0.00000000
68.766667,0.00010517
68.783333,0.00033119
68.800000,0.00079830
68.816667,0.00040314
68.833333,0.00042985
68.850000,0.00000000
68.866667,0.00000000
68.883333,0.00000000
68.900000,0.00052395
68.916667,0.00027396
68.933333,0.00000000
68.950000,0.00076801
68.966667,0.00000000
68.983333,0.00000000
69.000000,0.00038690
69.016667,0.00049368
69.033333,0.00000000
69.050000,0.00036508
69.066667,0.00000000
69.083333,0.00000000
69.100000,0.00016731
69.116667,0.00079889
69.133333,0.00000000
69.150000,0.00020616
69.166667,0.00010910
69.183333,0.00000000
69.200000,0.00096158
69.216667,0.00000000
69.233333,0.00124962
69.250000,0.00064402
69.266667,0.00061991
69.283333,0.00000000
69.300000,0.00000000
69.316667,0.00000000
69.333333,0.00035236
69.350000,0.00000000
69.366667,0.00030122
69.383333,0.00000000
69.400000,0.00018131
69.416667,0.00044385
69.433333,0.00000000
69.450000,0.00000000
69.466667,0.00050556
69.483333,0.00044407
69.500000,0.00000000
69.516667,0.00000000
69.533333,0.00013576
69.550000,0.00037827
69.566667,0.00025473
69.583333,0.00000000
69.600000,0.00013569
69.616667,0.00028923
69.633333,0.00000000
69.650000,0.00000000
69.666667,0.00000000
69.683333,0.00000000
69.700000,0.00000000
69.716667,0.00000000
69.733333,0.00000000
69.750000,0.00031696
69.766667,0.00003849
69.783333,0.00000000
69.800000,0.00003755
69.816667,0.00035777
69.833333,0.00007141
69.850000,0.00004911
69.866667,0.00000000
69.883333,0.00000000
69.900000,0.00000000
69.916667,0.00000000
69.933333,0.00000000
69.950000,0.00000000
69.966667,0.00000000
69.983333,0.00000000
70.000000,0.00047408
70.016667,0.00000000
70.033333,0.00000000
70.050000,0.00000000
70.066667,0.00000000
70.083333,0.00000000
70.100000,0.00000000
70.116667,0.00000000
70.133333,0.00038771
70.150000,0.00038943
70.166667,0.00082429
70.183333,0.00000000
70.200000,0.00022682
70.216667,0.00025922
70.233333,0.00000000
70.250000,0.00030476
70.266667,0.00026507
70.283333,0.00000000
70.300000,0.00000000
70.316667,0.00033319
70.333333,0.00000000
70.350000,0.00046398
70.366667,0.00018935
70.383333,0.00000000
70.400000,0.00056207
70.416667,0.00000000
70.433333,0.00017753
70.450000,0.00022467
70.466667,0.00000000
70.483333,0.00029318
70.500000,0.00000000
70.516667,0.00000000
70.533333,0.00000000
70.550000,0.00015277
70.566667,0.00006655
70.583333,0.00029389
70.600000,0.00044115
70.616667,0.00009656
70.633333,0.00000000
70.650000,0.00021489
70.666667,0.00000000
70.683333,0.00033698
70.700000,0.00000000
70.716667,0.00000000
70.733333,0.00028193
70.750000,0.00039526
70.766667,0.00020379
70.783333,0.00061193
70.800000,0.00000000
70.816667,0.00048260
70.833333,0.00000000
70.850000,0.00000000
70.866667,0.00000000
70.883333,0.00009874
70.900000,0.00016216
70.916667,0.00062565
70.933333,0.00000000
70.950000,0.00051974
70.966667,0.00021984
70.983333,0.00000000
71.000000,0.00000000
71.016667,0.00000000
71.033333,0.00011703
71.050000,0.00000000
71.066667,0.00028447
71.083333,0.00047447
71.100000,0.00010731
71.116667,0.00000000
71.133333,0.00000000
71.150000,0.00000381
71.166667,0.00024185
71.183333,0.00000000
71.200000,0.00009003
71.216667,0.00012738
71.233333,0.00019935
71.250000,0.00011704
71.266667,0.00025618
71.283333,0.00000000
71.300000,0.00042860
71.316667,0.00021519
71.333333,0.00000000
71.350000,0.00066399
71.366667,0.00000000
71.383333,0.00000000
71.400000,0.00024127
71.416667,0.00000000
71.433333,0.00000000
71.450000,0.00000000
71.466667,0.00000383
71.483333,0.00000000
71.500000,0.00000000
71.516667,0.00010439
71.533333,0.00060077
71.550000,0.00000000
71.566667,0.00000000
71.583333,0.00000000
71.600000,0.00000000
71.616667,0.00000000
71.633333,0.00047907
71.650000,0.00000000
71.666667,0.00056839
71.683333,0.00040362
71.700000,0.00015885
71.716667,0.00000000
71.733333,0.00000000
71.750000,0.00017183
71.766667,0.00017748
71.783333,0.00026728
71.800000,0.00000000
71.816667,0.00027756
71.833333,0.00000000
71.850000,0.00033846
71.866667,0.00000000
71.883333,0.00047937
71.900000,0.00000000
71.916667,0.00036884
71.933333,0.00000000
71.950000,0.00004723
71.966667,0.00000000
71.983333,0.00000000
72.000000,0.00035577
72.016667,0.00000000
72.033333,0.00073174
72.050000,0.00000000
72.066667,0.00027684
72.083333,0.00000000
72.100000,0.00039361
72.116667,0.00039276
72.133333,0.00010481
72.150000,0.00056348
72.166667,0.00035642
72.183333,0.00000000
72.200000,0.00008998
72.216667,0.00007694
72.233333,0.00064184
72.250000,0.00000000
72.266667,0.00000000
72.283333,0.00000000
72.300000,0.00014697
72.316667,0.00000000
72.333333,0.00013200
72.350000,0.00014184
72.366667,0.00000000
72.383333,0.00021859
72.400000,0.00036460
72.416667,0.00011983
72.433333,0.00000000
72.450000,0.00000000
72.466667,0.00000000
72.483333,0.00076875
72.500000,0.00032228
72.516667,0.00000000
72.533333,0.00000278
72.550000,0.00058630
72.566667,0.00011812
72.583333,0.00012820
72.600000,0.00000000
72.616667,0.00015319
72.633333,0.00005383
72.650000,0.00011177
72.666667,0.00000000
72.683333,0.00052705
72.700000,0.00000000
72.716667,0.00000000
72.733333,0.00000000
72.750000,0.00000000
72.766667,0.00039167
72.783333,0.00000000
72.800000,0.00000000
72.816667,0.00000000
72.833333,0.00027736
72.850000,0.00034871
72.866667,0.00006509
72.883333,0.00000000
72.900000,0.00011945
72.916667,0.00000000
72.933333,0.00000000
72.950000,0.00000000
72.966667,0.00043249
72.983333,0.00000000
73.000000,0.00000000
73.016667,0.00000000
73.033333,0.00000000
73.050000,0.00109178
73.066667,0.00064631
73.083333,0.00053373
73.100000,0.00000000
73.116667,0.00000000
73.133333,0.00000000
73.150000,0.00015434
73.166667,0.00015295
73.183333,0.00000000
73.200000,0.00043061
73.216667,0.00004640
73.233333,0.00011639
73.250000,0.00000000
73.266667,0.00000000
73.283333,0.00000000
73.300000,0.00042415
73.316667,0.00067220
73.333333,0.00000000
73.350000,0.00029001
73.366667,0.00000000
73.383333,0.00000000
73.400000,0.00000000
73.416667,0.00040776
73.433333,0.00038613
73.450000,0.00041398
73.466667,0.00022658
73.483333,0.00026724
73.500000,0.00017703
73.516667,0.00000000
73.533333,0.00038975
73.550000,0.00000000
73.566667,0.00000000
73.583333,0.00000000
73.600000,0.00050168
73.616667,0.00055422
73.633333,0.00000000
73.650000,0.00000615
73.666667,0.00043912
73.683333,0.00000000
73.700000,0.00013590
73.716667,0.00000000
73.733333,0.00043842
73.750000,0.00038309
73.766667,0.00000000
73.783333,0.00000000
73.800000,0.00049401
73.816667,0.00008239
73.833333,0.00000000
73.850000,0.00000000
73.866667,0.00000000
73.883333,0.00028607
73.900000,0.00014704
73.916667,0.00033945
73.933333,0.00028412
73.950000,0.00000000
73.966667,0.00000000
73.983333,0.00000000
74.000000,0.00000000
74.016667,0.00000000
74.033333,0.00043204
74.050000,0.00014716
74.066667,0.00045118
74.083333,0.00022058
74.100000,0.00000000
74.116667,0.00001884
74.133333,0.00001414
74.150000,0.00000000
74.166667,0.00000000
74.183333,0.00000000
74.200000,0.00020951
74.216667,0.00017404
74.233333,0.00000000
74.250000,0.00049853
74.266667,0.00026139
74.283333,0.00052066
74.300000,0.00000000
74.316667,0.00040595
74.333333,0.00005688
74.350000,0.00041728
74.366667,0.00000000
74.383333,0.00000000
74.400000,0.00000546
74.416667,0.00000000
74.433333,0.00087692
74.450000,0.00000000
74.466667,0.00000000
74.483333,0.00000000
74.500000,0.00007225
74.516667,0.00000000
74.533333,0.00016888
74.550000,0.00027032
74.566667,0.00000000
74.583333,0.00016360
74.600000,0.00000000
74.616667,0.00021049
74.633333,0.00021792
74.650000,0.00000000
74.666667,0.00012862
74.683333,0.00004421
74.700000,0.00000000
74.716667,0.00022135
74.733333,0.00000000
74.750000,0.00030833
74.766667,0.00000000
74.783333,0.00012134
74.800000,0.00000000
74.816667,0.00015879
74.833333,0.00000000
74.850000,0.00048438
74.866667,0.00000000
74.883333,0.00033571
74.900000,0.00000000
74.916667,0.00020773
74.933333,0.00035891
74.950000,0.00000000
74.966667,0.00050010
74.983333,0.00013961
75.000000,0.00000000
75.016667,0.00024401
75.033333,0.00000000
75.050000,0.00000000
75.066667,0.00038879
75.083333,0.00000000
75.100000,0.00000000
75.116667,0.00000000
75.133333,0.00063622
75.150000,0.00006810
75.166667,0.00000000
75.183333,0.00000000
75.200000,0.00006828
75.216667,0.00010276
75.233333,0.00046210
75.250000,0.00048812
75.266667,0.00027485
75.283333,0.00000000
75.300000,0.00000000
75.316667,0.00000000
75.333333,0.00028369
75.350000,0.00000000
75.366667,0.00000000
75.383333,0.00000000
75.400000,0.00017829
75.416667,0.00000000
75.433333,0.00000000
75.450000,0.00000000
75.466667,0.00000000
75.483333,0.00019941
75.500000,0.00046166
75.516667,0.00031859
75.533333,0.00016898
75.550000,0.00055048
75.566667,0.00047277
75.583333,0.00000000
75.600000,0.00047583
75.616667,0.00031815
75.633333,0.00000000
75.650000,0.00000000
75.666667,0.00000000
75.683333,0.00000000
75.700000,0.00004516
75.716667,0.00030667
75.733333,0.00000000
75.750000,0.00000000
75.766667,0.00000000
75.783333,0.00019265
75.800000,0.00029463
75.816667,0.00062469
75.833333,0.00049341
75.850000,0.00000000
75.866667,0.00061447
75.883333,0.00043170
75.900000,0.00000000
75.916667,0.00045547
75.933333,0.00000000
75.950000,0.00000000
75.966667,0.00000000
75.983333,0.00000000
76.000000,0.00000000
76.016667,0.00037820
76.033333,0.00000000
76.050000,0.00000000
76.066667,0.00020962
76.083333,0.00000000
76.100000,0.00020136
76.116667,0.00000000
76.133333,0.00000000
76.150000,0.00000000
76.166667,0.00032521
76.183333,0.00013371
76.200000,0.00000000
76.216667,0.00055294
76.233333,0.00037346
76.250000,0.00022335
76.266667,0.00000000
76.283333,0.00000000
76.300000,0.00000000
76.316667,0.00000000
76.333333,0.00013313
76.350000,0.00065557
76.366667,0.00002902
76.383333,0.00036485
76.400000,0.00000000
76.416667,0.00009290
76.433333,0.00000000
76.450000,0.00000000
76.466667,0.00000000
76.483333,0.00044940
76.500000,0.00060566
76.516667,0.00037583
76.533333,0.00099376
76.550000,0.00001254
76.566667,0.00000000
76.583333,0.00000000
76.600000,0.00000000
76.616667,0.00000000
76.633333,0.00000000
76.650000,0.00026950
76.666667,0.00058916
76.683333,0.00000000
76.700000,0.00000000
76.716667,0.00000000
76.733333,0.00100328
76.750000,0.00000000
76.766667,0.00031834
76.783333,0.00030254
76.800000,0.00025414
76.816667,0.00000000
76.833333,0.00000000
76.850000,0.00000000
76.866667,0.00040584
76.883333,0.00000000
76.900000,0.00041067
76.916667,0.00000000
76.933333,0.00004112
76.950000,0.00000000
76.966667,0.00010137
76.983333,0.00039615
77.000000,0.00030776
77.016667,0.00013235
77.033333,0.00000000
77.050000,0.00000000
77.066667,0.00000000
77.083333,0.00011033
77.100000,0.00000000
77.116667,0.00000000
77.133333,0.00000000
77.150000,0.00000000
77.166667,0.00000000
77.183333,0.00000000
77.200000,0.00026341
77.216667,0.00000900
77.233333,0.00000000
77.250000,0.00039553
77.266667,0.00012811
77.283333,0.00036268
77.300000,0.00042971
77.316667,0.00019513
77.333333,0.00000000
77.350000,0.00027180
77.366667,0.00029438
77.383333,0.00017783
77.400000,0.00082408
77.416667,0.00047655
77.433333,0.00027919
77.450000,0.00000000
77.466667,0.00000000
77.483333,0.00010499
77.500000,0.00020460
77.516667,0.00011179
77.533333,0.00000000
77.550000,0.00000000
77.566667,0.00025925
77.583333,0.00000000
77.600000,0.00050899
77.616667,0.00000000
77.633333,0.00000000
77.650000,0.00000000
77.666667,0.00000000
77.683333,0.00000006
77.700000,0.00021461
77.716667,0.00034256
77.733333,0.00000000
77.750000,0.00012169
77.766667,0.00000000
77.783333,0.00000000
77.800000,0.00002804
77.816667,0.00016249
77.833333,0.00000000
77.850000,0.00000000
77.866667,0.00000000
77.883333,0.00000000
77.900000,0.00000000
77.916667,0.00015703
77.933333,0.00000000
77.950000,0.00000000
77.966667,0.00055868
77.983333,0.00000000
78.000000,0.00000000
78.016667,0.00000000
78.033333,0.00007014
78.050000,0.00000000
78.066667,0.00000000
78.083333,0.00000000
78.100000,0.00000000
78.116667,0.00000000
78.133333,0.00000035
78.150000,0.00008042
78.166667,0.00000000
78.183333,0.00022565
78.200000,0.00000000
78.216667,0.00000000
78.233333,0.00000000
78.250000,0.00000000
78.266667,0.00026986
78.283333,0.00000000
78.300000,0.00001794
78.316667,0.00000000
78.333333,0.00015817
78.350000,0.00060521
78.366667,0.00000000
78.383333,0.00029853
78.400000,0.00016838
78.416667,0.00000000
78.433333,0.00074559
78.450000,0.00000000
78.466667,0.00018873
78.483333,0.00000000
78.500000,0.00000000
78.516667,0.00000000
78.533333,0.00000000
78.550000,0.00010796
78.566667,0.00000000
78.583333,0.00000000
78.600000,0.00000000
78.616667,0.00000000
78.633333,0.00041939
78.650000,0.00083304
78.666667,0.00000000
78.683333,0.00000000
78.700000,0.00009230
78.716667,0.00000000
78.733333,0.00000000
78.750000,0.00024105
78.766667,0.00030768
78.783333,0.00094931
78.800000,0.00000000
78.816667,0.00015560
78.833333,0.00017391
78.850000,0.00015073
78.866667,0.00029381
78.883333,0.00000000
78.900000,0.00000000
78.916667,0.00000000
78.933333,0.00000000
78.950000,0.00000000
78.966667,0.00000000
78.983333,0.00000000
79.000000,0.00002268
79.016667,0.00060197
79.033333,0.00035414
79.050000,0.00022093
79.066667,0.00000000
79.083333,0.00009625
79.100000,0.00000000
79.116667,0.00000000
79.133333,0.00004471
79.150000,0.00034028
79.166667,0.00000000
79.183333,0.00069716
79.200000,0.00000000
79.216667,0.00000000
79.233333,0.00029126
79.250000,0.00000000
79.266667,0.00073336
79.283333,0.00000000
79.300000,0.00000000
79.316667,0.00000000
79.333333,0.00000000
79.350000,0.00000000
79.366667,0.00000000
79.383333,0.00000000
79.400000,0.00000000
79.416667,0.00016979
79.433333,0.00000000
79.450000,0.00000000
79.466667,0.00000000
79.483333,0.00000000
79.500000,0.00000000
79.516667,0.00000000
79.533333,0.00005559
79.550000,0.00000000
79.566667,0.00023970
79.583333,0.00000000
79.600000,0.00025689
79.616667,0.00000000
79.633333,0.00009195
79.650000,0.00000000
79.666667,0.00000000
79.683333,0.00054160
79.700000,0.00000000
79.716667,0.00023626
79.733333,0.00000000
79.750000,0.00008065
79.766667,0.00000000
79.783333,0.00032829
79.800000,0.00085021
79.816667,0.00000000
79.833333,0.00031626
79.850000,0.00000000
79.866667,0.00000000
79.883333,0.00000000
79.900000,0.00003044
79.916667,0.00011120
79.933333,0.00000000
79.950000,0.00024211
79.966667,0.00000000
79.983333,0.00000000
80.000000,0.00032149
80.016667,0.00000000
80.033333,0.00014190
80.050000,0.00000000
80.066667,0.00019607
80.083333,0.00010711
80.100000,0.00000000
80.116667,0.00000000
80.133333,0.00000000
80.150000,0.00000000
80.166667,0.00000000
80.183333,0.00000000
80.200000,0.00061099
80.216667,0.00000000
80.233333,0.00000000
80.250000,0.00000000
80.266667,0.00000000
80.283333,0.00037270
80.300000,0.00000000
80.316667,0.00000000
80.333333,0.00073591
80.350000,0.00024177
80.366667,0.00032788
80.383333,0.00000000
80.400000,0.00009488
80.416667,0.00000000
80.433333,0.00014200
80.450000,0.00000000
80.466667,0.00000000
80.483333,0.00023297
80.500000,0.00036753
80.516667,0.00028309
80.533333,0.00023512
80.550000,0.00012516
80.566667,0.00045146
80.583333,0.00016495
80.600000,0.00000000
80.616667,0.00002900
80.633333,0.00026285
80.650000,0.00018086
80.666667,0.00111387
80.683333,0.00000000
80.700000,0.00000000
80.716667,0.00014562
80.733333,0.00000000
80.750000,0.00000000
80.766667,0.00000000
80.783333,0.00000000
80.800000,0.00004204
80.816667,0.00000000
80.833333,0.00000000
80.850000,0.00024936
80.866667,0.00012556
80.883333,0.00057290
80.900000,0.00008013
80.916667,0.00003164
80.933333,0.00036651
80.950000,0.00087822
80.966667,0.00000000
80.983333,0.00000000
81.000000,0.00019802
81.016667,0.00043823
81.033333,0.00035538
81.050000,0.00017540
81.066667,0.00002665
81.083333,0.00000000
81.100000,0.00000000
81.116667,0.00091687
81.133333,0.00000000
81.150000,0.00000000
81.166667,0.00000638
81.183333,0.00032756
81.200000,0.00000000
81.216667,0.00000000
81.233333,0.00061243
81.250000,0.00000000
81.266667,0.00000000
81.283333,0.00000000
81.300000,0.00067999
81.316667,0.00000000
81.333333,0.00001969
81.350000,0.00000000
81.366667,0.00000000
81.383333,0.00000000
81.400000,0.00000000
81.416667,0.00008591
81.433333,0.00000000
81.450000,0.00017771
81.466667,0.00000000
81.483333,0.00006522
81.500000,0.00000000
81.516667,0.00018652
81.533333,0.00000000
81.550000,0.00032030
81.566667,0.00004898
81.583333,0.00035086
81.600000,0.00050714
81.616667,0.00055254
81.633333,0.00000000
81.650000,0.00000000
81.666667,0.00066173
81.683333,0.00000000
81.700000,0.00015486
81.716667,0.00049965
81.733333,0.00000000
81.750000,0.00006543
81.766667,0.00000000
81.783333,0.00000000
81.800000,0.00000000
81.816667,0.00000000
81.833333,0.00011700
81.850000,0.00000865
81.866667,0.00000000
81.883333,0.00000000
81.900000,0.00041276
81.916667,0.00000000
81.933333,0.00012153
81.950000,0.00000000
81.966667,0.00055417
81.983333,0.00010309
82.000000,0.00000000
82.016667,0.00000000
82.033333,0.00039451
82.050000,0.00092167
82.066667,0.00029711
82.083333,0.00000000
82.100000,0.00044072
82.116667,0.00039317
82.133333,0.00058162
82.150000,0.00000000
82.166667,0.00049951
82.183333,0.00000000
82.200000,0.00000000
82.216667,0.00002023
82.233333,0.00000000
82.250000,0.00000000
82.266667,0.00000000
82.283333,0.00039736
82.300000,0.00000000
82.316667,0.00044749
82.333333,0.00000000
82.350000,0.00006209
82.366667,0.00033097
82.383333,0.00016675
82.400000,0.00029330
82.416667,0.00000000
82.433333,0.00000000
82.450000,0.00089496
82.466667,0.00000000
82.483333,0.00000000
82.500000,0.00029267
82.516667,0.00000000
82.533333,0.00000000
82.550000,0.00000000
82.566667,0.00000000
82.583333,0.00009619
82.600000,0.00019494
82.616667,0.00015098
82.633333,0.00000000
82.650000,0.00021184
82.666667,0.00058078
82.683333,0.00006842
82.700000,0.00020641
82.716667,0.00000000
82.733333,0.00000000
82.750000,0.00000000
82.766667,0.00007385
82.783333,0.00078334
82.800000,0.00010839
82.816667,0.00006926
82.833333,0.00000000
82.850000,0.00004233
82.866667,0.00064044
82.883333,0.00005009
82.900000,0.00013587
82.916667,0.00000000
82.933333,0.00023986
82.950000,0.00000797
82.966667,0.00070708
82.983333,0.00024753
83.000000,0.00000638
83.016667,0.00051544
83.033333,0.00000000
83.050000,0.00003368
83.066667,0.00000000
83.083333,0.00000000
83.100000,0.00000000
83.116667,0.00033156
83.133333,0.00000000
83.150000,0.00000000
83.166667,0.00000000
83.183333,0.00051275
83.200000,0.00000000
83.216667,0.00000000
83.233333,0.00000000
83.250000,0.00000000
83.266667,0.00013709
83.283333,0.00000000
83.300000,0.00072353
83.316667,0.00027866
83.333333,0.00000000
83.350000,0.00041125
83.366667,0.00000000
83.383333,0.00005096
83.400000,0.00000000
83.416667,0.00000000
83.433333,0.00000000
83.450000,0.00024476
83.466667,0.00000000
83.483333,0.00000754
83.500000,0.00000000
83.516667,0.00008876
83.533333,0.00012014
83.550000,0.00004847
83.566667,0.00000000
83.583333,0.00100045
83.600000,0.00000000
83.616667,0.00026526
83.633333,0.00000000
83.650000,0.00025933
83.666667,0.00038747
83.683333,0.00026007
83.700000,0.00013768
83.716667,0.00000000
83.733333,0.00018949
83.750000,0.00043877
83.766667,0.00000000
83.783333,0.00000000
83.800000,0.00000000
83.816667,0.00000000
83.833333,0.00034251
83.850000,0.00016292
83.866667,0.00039286
83.883333,0.00027316
83.900000,0.00038443
83.916667,0.00044483
83.933333,0.00000000
83.950000,0.00000000
83.966667,0.00045844
83.983333,0.00019251
84.000000,0.00015610
84.016667,0.00000000
84.033333,0.00029939
84.050000,0.00003838
84.066667,0.00000000
84.083333,0.00000000
84.100000,0.00031406
84.116667,0.00088895
84.133333,0.00000000
84.150000,0.00000000
84.166667,0.00000000
84.183333,0.00000000
84.200000,0.00003952
84.216667,0.00072605
84.233333,0.00000000
84.250000,0.00000000
84.266667,0.00000000
84.283333,0.00000000
84.300000,0.00000000
84.316667,0.00040519
84.333333,0.00000000
84.350000,0.00011223
84.366667,0.00000000
84.383333,0.00034117
84.400000,0.00000000
84.416667,0.00000000
84.433333,0.00050952
84.450000,0.00000000
84.466667,0.00000000
84.483333,0.00043987
84.500000,0.00019739
84.516667,0.00000000
84.533333,0.00036794
84.550000,0.00085558
84.566667,0.00095987
84.583333,0.00000000
84.600000,0.00000000
84.616667,0.00000000
84.633333,0.00002935
84.650000,0.00000000
84.666667,0.00026124
84.683333,0.00056586
84.700000,0.00000000
84.716667,0.00000000
84.733333,0.00000000
84.750000,0.00029295
84.766667,0.00000000
84.783333,0.00020045
84.800000,0.00000000
84.816667,0.00000000
84.833333,0.00008025
84.850000,0.00000000
84.866667,0.00055870
84.883333,0.00015827
84.900000,0.00000000
84.916667,0.00014486
84.933333,0.00046340
84.950000,0.00005777
84.966667,0.00000000
84.983333,0.00003026
85.000000,0.00038708
85.016667,0.00046702
85.033333,0.00007753
85.050000,0.00016642
85.066667,0.00027406
85.083333,0.00021518
85.100000,0.00047886
85.116667,0.00016655
85.133333,0.00031188
85.150000,0.00000000
85.166667,0.00010714
85.183333,0.00029293
85.200000,0.00102170
85.216667,0.00000000
85.233333,0.00000000
85.250000,0.00081256
85.266667,0.00000000
85.283333,0.00007103
85.300000,0.00000000
85.316667,0.00041809
85.333333,0.00011626
85.350000,0.00000000
85.366667,0.00000000
85.383333,0.00000000
85.400000,0.00000000
85.416667,0.00000000
85.433333,0.00000000
85.450000,0.00044481
85.466667,0.00039961
85.483333,0.00000000
85.500000,0.00000000
85.516667,0.00000000
85.533333,0.00035619
85.550000,0.00000000
85.566667,0.00031737
85.583333,0.00000000
85.600000,0.00000000
85.616667,0.00000000
85.633333,0.00000597
85.650000,0.00024455
85.666667,0.00000000
85.683333,0.00010179
85.700000,0.00000000
85.716667,0.00070283
85.733333,0.00057509
85.750000,0.00000000
85.766667,0.00000000
85.783333,0.00000000
85.800000,0.00000000
85.816667,0.00018137
85.833333,0.00000000
85.850000,0.00010559
85.866667,0.00000000
85.883333,0.00049783
85.900000,0.00000000
85.916667,0.00000000
85.933333,0.00071568
85.950000,0.00053643
85.966667,0.00000000
85.983333,0.00040497
86.000000,0.00021891
86.016667,0.00045826
86.033333,0.00051685
86.050000,0.00000000
86.066667,0.00000000
86.083333,0.00000000
86.100000,0.00000000
86.116667,0.00006309
86.133333,0.00018069
86.150000,0.00053341
86.166667,0.00000000
86.183333,0.00000000
86.200000,0.00000000
86.216667,0.00006850
86.233333,0.00016483
86.250000,0.00000000
86.266667,0.00003278
86.283333,0.00014352
86.300000,0.00000000
86.316667,0.00000000
86.333333,0.00002107
86.350000,0.00027896
86.366667,0.00000000
86.383333,0.00036624
86.400000,0.00062889
86.416667,0.00022683
86.433333,0.00000637
86.450000,0.00041909
86.466667,0.00000000
86.483333,0.00091793
86.500000,0.00088130
86.516667,0.00000000
86.533333,0.00000000
86.550000,0.00017834
86.566667,0.00000000
86.583333,0.00045011
86.600000,0.00027868
86.616667,0.00035979
86.633333,0.00000000
86.650000,0.00037086
86.666667,0.00018980
86.683333,0.00053440
86.700000,0.00000000
86.716667,0.00000000
86.733333,0.00003509
86.750000,0.00022428
86.766667,0.00000000
86.783333,0.00014400
86.800000,0.00019790
86.816667,0.00009673
86.833333,0.00000000
86.850000,0.00014396
86.866667,0.00000000
86.883333,0.00000000
86.900000,0.00000000
86.916667,0.00000000
86.933333,0.00033056
86.950000,0.00000000
86.966667,0.00032674
86.983333,0.00017806
87.000000,0.00000000
87.016667,0.00000000
87.033333,0.00072670
87.050000,0.00000000
87.066667,0.00008813
87.083333,0.00000000
87.100000,0.00013453
87.116667,0.00000000
87.133333,0.00017919
87.150000,0.00012120
87.166667,0.00008373
87.183333,0.00033492
87.200000,0.00061433
87.216667,0.00009661
87.233333,0.00000888
87.250000,0.00025673
87.266667,0.00000000
87.283333,0.00000000
87.300000,0.00000000
87.316667,0.00000000
87.333333,0.00022664
87.350000,0.00000000
87.366667,0.00009297
87.383333,0.00036719
87.400000,0.00000000
87.416667,0.00000000
87.433333,0.00000000
87.450000,0.00039386
87.466667,0.00000000
87.483333,0.00000000
87.500000,0.00015151
87.516667,0.00020277
87.533333,0.00000000
87.550000,0.00000000
87.566667,0.00035665
87.583333,0.00038104
87.600000,0.00000000
87.616667,0.00043117
87.633333,0.00025449
87.650000,0.00000000
87.666667,0.00122243
87.683333,0.00001723
87.700000,0.00076218
87.716667,0.00023893
87.733333,0.00043104
87.750000,0.00000000
87.766667,0.00000000
87.783333,0.00002544
87.800000,0.00000000
87.816667,0.00000000
87.833333,0.00000000
87.850000,0.00005193
87.866667,0.00000000
87.883333,0.00031504
87.900000,0.00042402
87.916667,0.00000000
87.933333,0.00000000
87.950000,0.00000000
87.966667,0.00002067
87.983333,0.00000000
88.000000,0.00000000
88.016667,0.00000000
88.033333,0.00000000
88.050000,0.00000000
88.066667,0.00000000
88.083333,0.00000000
88.100000,0.00071124
88.116667,0.00019520
88.133333,0.00000000
88.150000,0.00000000
88.166667,0.00048340
88.183333,0.00021131
88.200000,0.00000000
88.216667,0.00000000
88.233333,0.00000000
88.250000,0.00000000
88.266667,0.00014180
88.283333,0.00000000
88.300000,0.00000000
88.316667,0.00000000
88.333333,0.00000000
88.350000,0.00006029
88.366667,0.00028346
88.383333,0.00006743
88.400000,0.00000000
88.416667,0.00012571
88.433333,0.00010346
88.450000,0.00000000
88.466667,0.00023225
88.483333,0.00000000
88.500000,0.00001076
88.516667,0.00045195
88.533333,0.00044942
88.550000,0.00048603
88.566667,0.00000000
88.583333,0.00000000
88.600000,0.00000000
88.616667,0.00042446
88.633333,0.00000000
88.650000,0.00000000
88.666667,0.00000000
88.683333,0.00000000
88.700000,0.00000000
88.716667,0.00037784
88.733333,0.00000000
88.750000,0.00071544
88.766667,0.00000000
88.783333,0.00010514
88.800000,0.00000000
88.816667,0.00000000
88.833333,0.00000000
88.850000,0.00000000
88.866667,0.00000000
88.883333,0.00013586
88.900000,0.00000000
88.916667,0.00024783
88.933333,0.00000000
88.950000,0.00038726
88.966667,0.00000000
88.983333,0.00056692
89.000000,0.00008257
89.016667,0.00000000
89.033333,0.00000000
89.050000,0.00000000
89.066667,0.00008126
89.083333,0.00013820
89.100000,0.00000000
89.116667,0.00020843
89.133333,0.00000000
89.150000,0.00029071
89.166667,0.00000000
89.183333,0.00071424
89.200000,0.00009498
89.216667,0.00000000
89.233333,0.00000000
89.250000,0.00046323
89.266667,0.00017960
89.283333,0.00028117
89.300000,0.00031903
89.316667,0.00013324
89.333333,0.00000000
89.350000,0.00000000
89.366667,0.00000000
89.383333,0.00009715
89.400000,0.00046771
89.416667,0.00000000
89.433333,0.00010493
89.450000,0.00022673
89.466667,0.00008324
89.483333,0.00000000
89.500000,0.00000000
89.516667,0.00000000
89.533333,0.00032047
89.550000,0.00000000
89.566667,0.00000000
89.583333,0.00031105
89.600000,0.00002725
89.616667,0.00024190
89.633333,0.00024695
89.650000,0.00000000
89.666667,0.00000000
89.683333,0.00036904
89.700000,0.00000000
89.716667,0.00063833
89.733333,0.00034502
89.750000,0.00000000
89.766667,0.00000000
89.783333,0.00000000
89.800000,0.00020452
89.816667,0.00050114
89.833333,0.00000000
89.850000,0.00000000
89.866667,0.00000000
89.883333,0.00022240
89.900000,0.00000000
89.916667,0.00051133
89.933333,0.00003491
89.950000,0.00000000
89.966667,0.00000000
89.983333,0.00003978
90.000000,0.00000000
90.016667,0.00000000
90.033333,0.00000000
90.050000,0.00000000
90.066667,0.00033739
90.083333,0.00000000
90.100000,0.00000000
90.116667,0.00047628
90.133333,0.00031819
90.150000,0.00000000
90.166667,0.00000671
90.183333,0.00000000
90.200000,0.00035740
90.216667,0.00000000
90.233333,0.00032944
90.250000,0.00000000
90.266667,0.00000000
90.283333,0.00000000
90.300000,0.00043687
90.316667,0.00000000
90.333333,0.00000000
90.350000,0.00000000
90.366667,0.00000000
90.383333,0.00009885
90.400000,0.00000000
90.416667,0.00000000
90.433333,0.00072729
90.450000,0.00064673
90.466667,0.00000000
90.483333,0.00025398
90.500000,0.00000000
90.516667,0.00000000
90.533333,0.00065812
90.550000,0.00000000
90.566667,0.00000000
90.583333,0.00000000
90.600000,0.00000000
90.616667,0.00103249
90.633333,0.00000000
90.650000,0.00023328
90.666667,0.00000000
90.683333,0.00022003
90.700000,0.00000000
90.716667,0.00000000
90.733333,0.00013772
90.750000,0.00000000
90.766667,0.00000000
90.783333,0.00000000
90.800000,0.00000000
90.816667,0.00000000
90.833333,0.00000000
90.850000,0.00000000
90.866667,0.00117844
90.883333,0.00005128
90.900000,0.00000000
90.916667,0.00001777
90.933333,0.00000000
90.950000,0.00012001
90.966667,0.00021859
90.983333,0.00037713
91.000000,0.00000000
91.016667,0.00000801
91.033333,0.00000000
91.050000,0.00018863
91.066667,0.00006597
91.083333,0.00000000
91.100000,0.00000000
91.116667,0.00000000
91.133333,0.00000000
91.150000,0.00000000
91.166667,0.00087832
91.183333,0.00000000
91.200000,0.00000000
91.216667,0.00000000
91.233333,0.00000000
91.250000,0.00000000
91.266667,0.00000000
91.283333,0.00000000
91.300000,0.00017237
91.316667,0.00000000
91.333333,0.00024469
91.350000,0.00000000
91.366667,0.00018539
91.383333,0.00000000
91.400000,0.00000000
91.416667,0.00000000
91.433333,0.00013983
91.450000,0.00022910
91.466667,0.00000000
91.483333,0.00000000
91.500000,0.00058850
91.516667,0.00000000
91.533333,0.00014843
91.550000,0.00035136
91.566667,0.00020685
91.583333,0.00000000
91.600000,0.00000000
91.616667,0.00000000
91.633333,0.00000000
91.650000,0.00000000
91.666667,0.00000000
91.683333,0.00004983
91.700000,0.00027785
91.716667,0.00009793
91.733333,0.00018225
91.750000,0.00043712
91.766667,0.00000000
91.783333,0.00020496
91.800000,0.00021804
91.816667,0.00027495
91.833333,0.00000000
91.850000,0.00051877
91.866667,0.00000000
91.883333,0.00101874
91.900000,0.00000000
91.916667,0.00000000
91.933333,0.00043045
91.950000,0.00000000
91.966667,0.00000000
91.983333,0.00024193
92.000000,0.00067103
92.016667,0.00033074
92.033333,0.00000000
92.050000,0.00000000
92.066667,0.00000000
92.083333,0.00000000
92.100000,0.00000000
92.116667,0.00019715
92.133333,0.00002487
92.150000,0.00000000
92.166667,0.00000000
92.183333,0.00000000
92.200000,0.00000000
92.216667,0.00038860
92.233333,0.00011148
92.250000,0.00000000
92.266667,0.00012834
92.283333,0.00000000
92.300000,0.00000000
92.316667,0.00001044
92.333333,0.00000000
92.350000,0.00001294
92.366667,0.00018625
92.383333,0.00000000
92.400000,0.00000000
92.416667,0.00000000
92.433333,0.00000000
92.450000,0.00000000
92.466667,0.00000000
92.483333,0.00000000
92.500000,0.00000000
92.516667,0.00045939
92.533333,0.00066231
92.550000,0.00060744
92.566667,0.00033875
92.583333,0.00064763
92.600000,0.00000000
92.616667,0.00010530
92.633333,0.00000000
92.650000,0.00054690
92.666667,0.00072245
92.683333,0.00000000
92.700000,0.00000000
92.716667,0.00000000
92.733333,0.00040718
92.750000,0.00007718
92.766667,0.00028889
92.783333,0.00003047
92.800000,0.00012837
92.816667,0.00037929
92.833333,0.00022848
92.850000,0.00000000
92.866667,0.00000000
92.883333,0.00023058
92.900000,0.00000000
92.916667,0.00000000
92.933333,0.00021375
92.950000,0.00000000
92.966667,0.00005453
92.983333,0.00025459
93.000000,0.00000000
93.016667,0.00000000
93.033333,0.00005914
93.050000,0.00034724
93.066667,0.00012286
93.083333,0.00000000
93.100000,0.00000000
93.116667,0.00028848
93.133333,0.00007455
93.150000,0.00025202
93.166667,0.00000000
93.183333,0.00000000
93.200000,0.00075025
93.216667,0.00012025
93.233333,0.00003811
93.250000,0.00000000
93.266667,0.00041496
93.283333,0.00000000
93.300000,0.00019558
93.316667,0.00000000
93.333333,0.00122553
93.350000,0.00000000
93.366667,0.00000706
93.383333,0.00000000
93.400000,0.00003291
93.416667,0.00030279
93.433333,0.00027075
93.450000,0.00008312
93.466667,0.00000000
93.483333,0.00000000
93.500000,0.00000000
93.516667,0.00023001
93.533333,0.00000000
93.550000,0.00000000
93.566667,0.00022966
93.583333,0.00009640
93.600000,0.00071930
93.616667,0.00026357
93.633333,0.00000000
93.650000,0.00000000
93.666667,0.00000000
93.683333,0.00000000
93.700000,0.00034731
93.716667,0.00000000
93.733333,0.00000000
93.750000,0.00081979
93.766667,0.00088094
93.783333,0.00068340
93.800000,0.00000000
93.816667,0.00019892
93.833333,0.00000000
93.850000,0.00024236
93.866667,0.00030310
93.883333,0.00024724
93.900000,0.00023183
93.916667,0.00000000
93.933333,0.00017919
93.950000,0.00020893
93.966667,0.00000000
93.983333,0.00080415
94.000000,0.00083887
94.016667,0.00007214
94.033333,0.00000000
94.050000,0.00000000
94.066667,0.00005339
94.083333,0.00000000
94.100000,0.00000000
94.116667,0.00000000
94.133333,0.00000000
94.150000,0.00012830
94.166667,0.00073733
94.183333,0.00040855
94.200000,0.00006665
94.216667,0.00051263
94.233333,0.00040995
94.250000,0.00000000
94.266667,0.00000000
94.283333,0.00000000
94.300000,0.00000000
94.316667,0.00006384
94.333333,0.00000363
94.350000,0.00063619
94.366667,0.00016020
94.383333,0.00000000
94.400000,0.00000000
94.416667,0.00000000
94.433333,0.00064331
94.450000,0.00000000
94.466667,0.00000000
94.483333,0.00025495
94.500000,0.00002121
94.516667,0.00000000
94.533333,0.00000000
94.550000,0.00000000
94.566667,0.00004235
94.583333,0.00059264
94.600000,0.00017436
94.616667,0.00000000
94.633333,0.00000000
94.650000,0.00022483
94.666667,0.00000000
94.683333,0.00000000
94.700000,0.00000000
94.716667,0.00034845
94.733333,0.00051972
94.750000,0.00008571
94.766667,0.00000000
94.783333,0.00006566
94.800000,0.00008057
94.816667,0.00000000
94.833333,0.00000000
94.850000,0.00043660
94.866667,0.00034253
94.883333,0.00000000
94.900000,0.00000000
94.916667,0.00000000
94.933333,0.00005399
94.950000,0.00000000
94.966667,0.00000000
94.983333,0.00016198
95.000000,0.00028247
95.016667,0.00052407
95.033333,0.00000000
95.050000,0.00011320
95.066667,0.00000000
95.083333,0.00040726
95.100000,0.00000000
95.116667,0.00043745
95.133333,0.00012310
95.150000,0.00017146
95.166667,0.00000000
95.183333,0.00003326
95.200000,0.00020068
95.216667,0.00000000
95.233333,0.00024805
95.250000,0.00000000
95.266667,0.00000000
95.283333,0.00000000
95.300000,0.00063252
95.316667,0.00000000
95.333333,0.00033521
95.350000,0.00000000
95.366667,0.00000000
95.383333,0.00000000
95.400000,0.00000000
95.416667,0.00000000
95.433333,0.00015091
95.450000,0.00020673
95.466667,0.00000000
95.483333,0.00002621
95.500000,0.00000000
95.516667,0.00000000
95.533333,0.00040260
95.550000,0.00000000
95.566667,0.00024659
95.583333,0.00000000
95.600000,0.00000000
95.616667,0.00000000
95.633333,0.00000000
95.650000,0.00000000
95.666667,0.00000603
95.683333,0.00000000
95.700000,0.00013181
95.716667,0.00020096
95.733333,0.00000000
95.750000,0.00000000
95.766667,0.00000000
95.783333,0.00011467
95.800000,0.00009009
95.816667,0.00016809
95.833333,0.00003342
95.850000,0.00000000
95.866667,0.00000000
95.883333,0.00000000
95.900000,0.00046596
95.916667,0.00000000
95.933333,0.00022153
95.950000,0.00000000
95.966667,0.00017695
95.983333,0.00000000
96.000000,0.00000000
96.016667,0.00069819
96.033333,0.00069111
96.050000,0.00000000
96.066667,0.00000000
96.083333,0.00010396
96.100000,0.00000000
96.116667,0.00000000
96.133333,0.00001218
96.150000,0.00013654
96.166667,0.00000000
96.183333,0.00000000
96.200000,0.00000000
96.216667,0.00028521
96.233333,0.00001683
96.250000,0.00016473
96.266667,0.00000000
96.283333,0.00000000
96.300000,0.00000000
96.316667,0.00040621
96.333333,0.00057510
96.350000,0.00011069
96.366667,0.00000000
96.383333,0.00000000
96.400000,0.00033740
96.416667,0.00000000
96.433333,0.00019369
96.450000,0.00040257
96.466667,0.00000000
96.483333,0.00000000
96.500000,0.00000000
96.516667,0.00017849
96.533333,0.00032054
96.550000,0.00000000
96.566667,0.00000000
96.583333,0.00000000
96.600000,0.00000000
96.616667,0.00000000
96.633333,0.00027242
96.650000,0.00000000
96.666667,0.00000000
96.683333,0.00031898
96.700000,0.00033460
96.716667,0.00017778
96.733333,0.00000000
96.750000,0.00000000
96.766667,0.00000000
96.783333,0.00040149
96.800000,0.00006220
96.816667,0.00013790
96.833333,0.00000000
96.850000,0.00000000
96.866667,0.00000000
96.883333,0.00000000
96.900000,0.00011607
96.916667,0.00000000
96.933333,0.00057782
96.950000,0.00009850
96.966667,0.00041892
96.983333,0.00039790
97.000000,0.00054157
97.016667,0.00000000
97.033333,0.00000000
97.050000,0.00000000
97.066667,0.00042634
97.083333,0.00000059
97.100000,0.00000000
97.116667,0.00000000
97.133333,0.00075527
97.150000,0.00000000
97.166667,0.00000000
97.183333,0.00000000
97.200000,0.00000000
97.216667,0.00000000
97.233333,0.00000000
97.250000,0.00052978
97.266667,0.00000000
97.283333,0.00000000
97.300000,0.00038154
97.316667,0.00005148
97.333333,0.00065451
97.350000,0.00000000
97.366667,0.00000000
97.383333,0.00025174
97.400000,0.00008136
97.416667,0.00000000
97.433333,0.00068716
97.450000,0.00035549
97.466667,0.00002553
97.483333,0.00014094
97.500000,0.00041184
97.516667,0.00000000
97.533333,0.00000000
97.550000,0.00000000
97.566667,0.00000000
97.583333,0.00022343
97.600000,0.00000000
97.616667,0.00000000
97.633333,0.00000000
97.650000,0.00000000
97.666667,0.00091811
97.683333,0.00065525
97.700000,0.00000000
97.716667,0.00000000
97.733333,0.00053036
97.750000,0.00000000
97.766667,0.00000000
97.783333,0.00000000
97.800000,0.00047802
97.816667,0.00000000
97.833333,0.00000000
97.850000,0.00000000
97.866667,0.00046564
97.883333,0.00033079
97.900000,0.00024806
97.916667,0.00000000
97.933333,0.00056595
97.950000,0.00000000
97.966667,0.00029012
97.983333,0.00000000
98.000000,0.00029701
98.016667,0.00000000
98.033333,0.00028275
98.050000,0.00000000
98.066667,0.00083223
98.083333,0.00005286
98.100000,0.00000000
98.116667,0.00000000
98.133333,0.00000000
98.150000,0.00004247
98.166667,0.00021934
98.183333,0.00097445
98.200000,0.00000000
98.216667,0.00028590
98.233333,0.00000000
98.250000,0.00022577
98.266667,0.00000000
98.283333,0.00004943
98.300000,0.00000000
98.316667,0.00017674
98.333333,0.00037561
98.350000,0.00005321
98.366667,0.00018359
98.383333,0.00029271
98.400000,0.00033109
98.416667,0.00000000
98.433333,0.00065757
98.450000,0.00000000
98.466667,0.00000000
98.483333,0.00052571
98.500000,0.00047528
98.516667,0.00009066
98.533333,0.00000000
98.550000,0.00000000
98.566667,0.00000000
98.583333,0.00000000
98.600000,0.00065616
98.616667,0.00000000
98.633333,0.00000000
98.650000,0.00030610
98.666667,0.00005180
98.683333,0.00000000
98.700000,0.00000000
98.716667,0.00017415
98.733333,0.00016856
98.750000,0.00000000
98.766667,0.00023660
98.783333,0.00028705
98.800000,0.00008445
98.816667,0.00017126
98.833333,0.00000000
98.850000,0.00000000
98.866667,0.00023568
98.883333,0.00000000
98.900000,0.00000000
98.916667,0.00027072
98.933333,0.00026885
98.950000,0.00008059
98.966667,0.00024132
98.983333,0.00071588
99.000000,0.00000000
99.016667,0.00031445
99.033333,0.00000000
99.050000,0.00023119
99.066667,0.00043034
99.083333,0.00017285
99.100000,0.00049189
99.116667,0.00000000
99.133333,0.00032371
99.150000,0.00006789
99.166667,0.00014765
99.183333,0.00022866
99.200000,0.00024202
99.216667,0.00044051
99.233333,0.00022223
99.250000,0.00000000
99.266667,0.00011696
99.283333,0.00000000
99.300000,0.00062487
99.316667,0.00000000
99.333333,0.00050283
99.350000,0.00069982
99.366667,0.00020439
99.383333,0.00054680
99.400000,0.00000000
99.416667,0.00015341
99.433333,0.00036097
99.450000,0.00014025
99.466667,0.00000000
99.483333,0.00013776
99.500000,0.00000000
99.516667,0.00001238
99.533333,0.00000000
99.550000,0.00000000
99.566667,0.00065953
99.583333,0.00000000
99.600000,0.00066032
99.616667,0.00000000
99.633333,0.00000000
99.650000,0.00000758
99.666667,0.00050134
99.683333,0.00000000
99.700000,0.00000000
99.716667,0.00013933
99.733333,0.00001323
99.750000,0.00036584
99.766667,0.00068666
99.783333,0.00043652
99.800000,0.00000000
99.816667,0.00000000
99.833333,0.00000000
99.850000,0.00048710
99.866667,0.00030223
99.883333,0.00023453
99.900000,0.00000000
99.916667,0.00000000
99.933333,0.00026049
99.950000,0.00011224
99.966667,0.00000000
99.983333,0.00000000
100.000000,0.00000000
