time_min,signal
0.000000,0.00039205
0.016667,0.00024048
0.033333,0.00000000
0.050000,0.00043563
0.066667,0.00037333
0.083333,0.00045264
0.100000,0.00000000
0.116667,0.00000000
0.133333,0.00006447
0.150000,0.00038599
0.166667,0.00008740
0.183333,0.00000000
0.200000,0.00064193
0.216667,0.00009483
0.233333,0.00000000
0.250000,0.00059811
0.266667,0.00035684
0.283333,0.00012610
0.300000,0.00040576
0.316667,0.00016385
0.333333,0.00048530
0.350000,0.00000000
0.366667,0.00000000
0.383333,0.00011999
0.400000,0.00000000
0.416667,0.00012507
0.433333,0.00000000
0.450000,0.00000000
0.466667,0.00000000
0.483333,0.00000000
0.500000,0.00000000
0.516667,0.00000000
0.533333,0.00008666
0.550000,0.00025021
0.566667,0.00002857
0.583333,0.00034135
0.600000,0.00000000
0.616667,0.00025628
0.633333,0.00028600
0.650000,0.00000000
0.666667,0.00061720
0.683333,0.00024747
0.700000,0.00000000
0.716667,0.00029262
0.733333,0.00050573
0.750000,0.00003519
0.766667,0.00000000
0.783333,0.00000000
0.800000,0.00000000
0.816667,0.00064143
0.833333,0.00000000
0.850000,0.00014471
0.866667,0.00003142
0.883333,0.00027484
0.900000,0.00018086
0.916667,0.00000000
0.933333,0.00000000
0.950000,0.00023806
0.966667,0.00071396
0.983333,0.00098802
1.000000,0.00000000
1.016667,0.00000000
1.033333,0.00000000
1.050000,0.00002515
1.066667,0.00000000
1.083333,0.00000000
1.100000,0.00000000
1.116667,0.00010775
1.133333,0.00000000
1.150000,0.00053937
1.166667,0.00000000
1.183333,0.00000000
1.200000,0.00000000
1.216667,0.00000000
1.233333,0.00040840
1.250000,0.00000000
1.266667,0.00000000
1.283333,0.00000000
1.300000,0.00000000
1.316667,0.00020092
1.333333,0.00000000
1.350000,0.00007813
1.366667,0.00006684
1.383333,0.00000000
1.400000,0.00000000
1.416667,0.00000000
1.433333,0.00000000
1.450000,0.00000000
1.466667,0.00024570
1.483333,0.00048989
1.500000,0.00000000
1.516667,0.00000000
1.533333,0.00000000
1.550000,0.00000000
1.566667,0.00000000
1.583333,0.00000000
1.600000,0.00000000
1.616667,0.00064434
1.633333,0.00036133
1.650000,0.00000000
1.666667,0.00024474
1.683333,0.00000000
1.700000,0.00022360
1.716667,0.00000000
1.733333,0.00031031
1.750000,0.00000000
1.766667,0.00007282
1.783333,0.00017544
1.800000,0.00000000
1.816667,0.00036306
1.833333,0.00000000
1.850000,0.00000000
1.866667,0.00000000
1.883333,0.00017498
1.900000,0.00047943
1.916667,0.00000000
1.933333,0.00000000
1.950000,0.00000000
1.966667,0.00015374
1.983333,0.00033232
2.000000,0.00000000
2.016667,0.00000000
2.033333,0.00000000
2.050000,0.00042305
2.066667,0.00077379
2.083333,0.00027472
2.100000,0.00000000
2.116667,0.00000000
2.133333,0.00009722
2.150000,0.00000000
2.166667,0.00000000
2.183333,0.00000000
2.200000,0.00028798
2.216667,0.00007702
2.233333,0.00026726
2.250000,0.00000000
2.266667,0.00070657
2.283333,0.00004997
2.300000,0.00000000
2.316667,0.00000000
2.333333,0.00008497
2.350000,0.00000000
2.366667,0.00000000
2.383333,0.00004422
2.400000,0.00010782
2.416667,0.00000000
2.433333,0.00000000
2.450000,0.00000050
2.466667,0.00000000
2.483333,0.00011621
2.500000,0.00000000
2.516667,0.00042481
2.533333,0.00000000
2.550000,0.00001148
2.566667,0.00000000
2.583333,0.00075621
2.600000,0.00004960
2.616667,0.00000000
2.633333,0.00008673
2.650000,0.00000000
2.666667,0.00000342
2.683333,0.00000000
2.700000,0.00069791
2.716667,0.00036705
2.733333,0.00000000
2.750000,0.00044569
2.766667,0.00000000
2.783333,0.00000000
2.800000,0.00041064
2.816667,0.00132015
2.833333,0.00000000
2.850000,0.00039565
2.866667,0.00000000
2.883333,0.00066104
2.900000,0.00005760
2.916667,0.00005278
2.933333,0.00000000
2.950000,0.00030944
2.966667,0.00000000
2.983333,0.00030225
3.000000,0.00013002
3.016667,0.00000000
3.033333,0.00000000
3.050000,0.00025844
3.066667,0.00052933
3.083333,0.00073675
3.100000,0.00019568
3.116667,0.00138233
3.133333,0.00157745
3.150000,0.00218230
3.166667,0.00257113
3.183333,0.00529619
3.200000,0.00699722
3.216667,0.00942411
3.233333,0.01482800
3.250000,0.01890117
3.266667,0.02300870
3.283333,0.02860897
3.300000,0.03239040
3.316667,0.03487089
3.333333,0.03641929
3.350000,0.03721135
3.366667,0.03693511
3.383333,0.03652137
3.400000,0.03429148
3.416667,0.02964329
3.433333,0.02542472
3.450000,0.02112493
3.466667,0.01526874
3.483333,0.01162236
3.500000,0.00931244
3.516667,0.00633762
3.533333,0.00463937
3.550000,0.00318278
3.566667,0.00239041
3.583333,0.00173297
3.600000,0.00187154
3.616667,0.00104685
3.633333,0.00045573
3.650000,0.00006120
3.666667,0.00000000
3.683333,0.00009263
3.700000,0.00033409
3.716667,0.00071392
3.733333,0.00000000
3.750000,0.00000000
3.766667,0.00000000
3.783333,0.00000000
3.800000,0.00025390
3.816667,0.00023108
3.833333,0.00084080
3.850000,0.00007567
3.866667,0.00000000
3.883333,0.00052800
3.900000,0.00000000
3.916667,0.00000000
3.933333,0.00000000
3.950000,0.00000000
3.966667,0.00000000
3.983333,0.00000000
4.000000,0.00000000
4.016667,0.00037511
4.033333,0.00030832
4.050000,0.00000000
4.066667,0.00035639
4.083333,0.00000000
4.100000,0.00006354
4.116667,0.00000000
4.133333,0.00000000
4.150000,0.00000000
4.166667,0.00000000
4.183333,0.00000000
4.200000,0.00000000
4.216667,0.00034813
4.233333,0.00027518
4.250000,0.00048503
4.266667,0.00000000
4.283333,0.00037485
4.300000,0.00013196
4.316667,0.00000000
4.333333,0.00029675
4.350000,0.00001877
4.366667,0.00044268
4.383333,0.00000000
4.400000,0.00029220
4.416667,0.00000000
4.433333,0.00000000
4.450000,0.00000000
4.466667,0.00000000
4.483333,0.00025940
4.500000,0.00000000
4.516667,0.00018890
4.533333,0.00038326
4.550000,0.00000452
4.566667,0.00073335
4.583333,0.00000000
4.600000,0.00012592
4.616667,0.00090451
4.633333,0.00025867
4.650000,0.00000000
4.666667,0.00000000
4.683333,0.00000000
4.700000,0.00000000
4.716667,0.00032582
4.733333,0.00044997
4.750000,0.00007055
4.766667,0.00000000
4.783333,0.00075577
4.800000,0.00035590
4.816667,0.00000000
4.833333,0.00000000
4.850000,0.00000000
4.866667,0.00042954
4.883333,0.00052999
4.900000,0.00000000
4.916667,0.00029124
4.933333,0.00023679
4.950000,0.00036850
4.966667,0.00000000
4.983333,0.00000000
5.000000,0.00022032
5.016667,0.00007152
5.033333,0.00038138
5.050000,0.00019039
5.066667,0.00000000
5.083333,0.00000000
5.100000,0.00000000
5.116667,0.00000000
5.133333,0.00015344
5.150000,0.00032059
5.166667,0.00000000
5.183333,0.00088715
5.200000,0.00026330
5.216667,0.00000000
5.233333,0.00025744
5.250000,0.00032061
5.266667,0.00016051
5.283333,0.00032258
5.300000,0.00000000
5.316667,0.00000000
5.333333,0.00051723
5.350000,0.00059005
5.366667,0.00025850
5.383333,0.00020892
5.400000,0.00036768
5.416667,0.00000000
5.433333,0.00000000
5.450000,0.00071271
5.466667,0.00000000
5.483333,0.00083796
5.500000,0.00000000
5.516667,0.00007104
5.533333,0.00004756
5.550000,0.00008632
5.566667,0.00041156
5.583333,0.00000000
5.600000,0.00000000
5.616667,0.00000000
5.633333,0.00000000
5.650000,0.00028453
5.666667,0.00038600
5.683333,0.00068437
5.700000,0.00014487
5.716667,0.00053621
5.733333,0.00052883
5.750000,0.00037620
5.766667,0.00054363
5.783333,0.00000000
5.800000,0.00049706
5.816667,0.00003340
5.833333,0.00019877
5.850000,0.00015557
5.866667,0.00000000
5.883333,0.00000000
5.900000,0.00000000
5.916667,0.00000000
5.933333,0.00000000
5.950000,0.00000000
5.966667,0.00000000
5.983333,0.00000000
6.000000,0.00008794
6.016667,0.00021800
6.033333,0.00040206
6.050000,0.00041881
6.066667,0.00007769
6.083333,0.00010092
6.100000,0.00000000
6.116667,0.00034399
6.133333,0.00000000
6.150000,0.00000000
6.166667,0.00009118
6.183333,0.00012684
6.200000,0.00000000
6.216667,0.00000000
6.233333,0.00000000
6.250000,0.00000000
6.266667,0.00000000
6.283333,0.00000000
6.300000,0.00028314
6.316667,0.00000000
6.333333,0.00009555
6.350000,0.00000000
6.366667,0.00000000
6.383333,0.00000000
6.400000,0.00000000
6.416667,0.00011354
6.433333,0.00017593
6.450000,0.00000000
6.466667,0.00000000
6.483333,0.00000000
6.500000,0.00036154
6.516667,0.00014541
6.533333,0.00000000
6.550000,0.00033533
6.566667,0.00000000
6.583333,0.00083299
6.600000,0.00000000
6.616667,0.00053516
6.633333,0.00004400
6.650000,0.00033518
6.666667,0.00000000
6.683333,0.00083269
6.700000,0.00000000
6.716667,0.00000000
6.733333,0.00000701
6.750000,0.00044672
6.766667,0.00020369
6.783333,0.00000000
6.800000,0.00000000
6.816667,0.00009391
6.833333,0.00065728
6.850000,0.00049018
6.866667,0.00042330
6.883333,0.00035113
6.900000,0.00073596
6.916667,0.00000000
6.933333,0.00000000
6.950000,0.00018968
6.966667,0.00042703
6.983333,0.00000000
7.000000,0.00001209
7.016667,0.00027344
7.033333,0.00000000
7.050000,0.00000000
7.066667,0.00055022
7.083333,0.00000000
7.100000,0.00000000
7.116667,0.00000000
7.133333,0.00000000
7.150000,0.00040437
7.166667,0.00000000
7.183333,0.00012474
7.200000,0.00000000
7.216667,0.00000000
7.233333,0.00018153
7.250000,0.00000000
7.266667,0.00000000
7.283333,0.00008636
7.300000,0.00000000
7.316667,0.00000000
7.333333,0.00000000
7.350000,0.00060696
7.366667,0.00000000
7.383333,0.00011028
7.400000,0.00014074
7.416667,0.00010049
7.433333,0.00028761
7.450000,0.00000000
7.466667,0.00000000
7.483333,0.00000000
7.500000,0.00032243
7.516667,0.00000000
7.533333,0.00002810
7.550000,0.00000000
7.566667,0.00052818
7.583333,0.00010565
7.600000,0.00007601
7.616667,0.00000000
7.633333,0.00000000
7.650000,0.00000000
7.666667,0.00000000
7.683333,0.00021634
7.700000,0.00000000
7.716667,0.00000000
7.733333,0.00000000
7.750000,0.00000000
7.766667,0.00019565
7.783333,0.00029850
7.800000,0.00000000
7.816667,0.00000000
7.833333,0.00000000
7.850000,0.00000000
7.866667,0.00043044
7.883333,0.00000000
7.900000,0.00000000
7.916667,0.00000000
7.933333,0.00001830
7.950000,0.00000000
7.966667,0.00000000
7.983333,0.00000808
8.000000,0.00000000
8.016667,0.00011744
8.033333,0.00000000
8.050000,0.00000000
8.066667,0.00008419
8.083333,0.00000000
8.100000,0.00000000
8.116667,0.00000000
8.133333,0.00000207
8.150000,0.00000000
8.166667,0.00012788
8.183333,0.00000000
8.200000,0.00000000
8.216667,0.00000000
8.233333,0.00015879
8.250000,0.00000000
8.266667,0.00000000
8.283333,0.00000000
8.300000,0.00000000
8.316667,0.00001491
8.333333,0.00023159
8.350000,0.00000000
8.366667,0.00066561
8.383333,0.00009836
8.400000,0.00000000
8.416667,0.00059664
8.433333,0.00000000
8.450000,0.00000000
8.466667,0.00002572
8.483333,0.00000000
8.500000,0.00000000
8.516667,0.00026341
8.533333,0.00000000
8.550000,0.00001212
8.566667,0.00031884
8.583333,0.00026074
8.600000,0.00000000
8.616667,0.00080003
8.633333,0.00090979
8.650000,0.00007944
8.666667,0.00017303
8.683333,0.00000000
8.700000,0.00012019
8.716667,0.00000000
8.733333,0.00009248
8.750000,0.00000000
8.766667,0.00000000
8.783333,0.00002047
8.800000,0.00000000
8.816667,0.00032326
8.833333,0.00000000
8.850000,0.00023383
8.866667,0.00000000
8.883333,0.00025844
8.900000,0.00041163
8.916667,0.00000000
8.933333,0.00047185
8.950000,0.00000000
8.966667,0.00010644
8.983333,0.00000000
9.000000,0.00000000
9.016667,0.00000000
9.033333,0.00000000
9.050000,0.00026472
9.066667,0.00024719
9.083333,0.00000000
9.100000,0.00037359
9.116667,0.00005765
9.133333,0.00001017
9.150000,0.00053233
9.166667,0.00000000
9.183333,0.00000000
9.200000,0.00000000
9.216667,0.00051692
9.233333,0.00002351
9.250000,0.00073353
9.266667,0.00000000
9.283333,0.00003454
9.300000,0.00049487
9.316667,0.00095565
9.333333,0.00000000
9.350000,0.00000000
9.366667,0.00005928
9.383333,0.00067187
9.400000,0.00012797
9.416667,0.00000000
9.433333,0.00000000
9.450000,0.00033076
9.466667,0.00000000
9.483333,0.00008067
9.500000,0.00046901
9.516667,0.00000000
9.533333,0.00000000
9.550000,0.00035358
9.566667,0.00000000
9.583333,0.00012245
9.600000,0.00000000
9.616667,0.00000000
9.633333,0.00036662
9.650000,0.00007752
9.666667,0.00008155
9.683333,0.00000000
9.700000,0.00026332
9.716667,0.00017185
9.733333,0.00058687
9.750000,0.00000424
9.766667,0.00000000
9.783333,0.00000000
9.800000,0.00011905
9.816667,0.00000000
9.833333,0.00019972
9.850000,0.00013139
9.866667,0.00016593
9.883333,0.00000000
9.900000,0.00075778
9.916667,0.00018225
9.933333,0.00000000
9.950000,0.00006341
9.966667,0.00000000
9.983333,0.00000000
10.000000,0.00000000
10.016667,0.00000000
10.033333,0.00000000
10.050000,0.00014343
10.066667,0.00032380
10.083333,0.00010300
10.100000,0.00000000
10.116667,0.00020635
10.133333,0.00007968
10.150000,0.00001767
10.166667,0.00014407
10.183333,0.00000000
10.200000,0.00000000
10.216667,0.00025903
10.233333,0.00014432
10.250000,0.00000000
10.266667,0.00000000
10.283333,0.00007555
10.300000,0.00054527
10.316667,0.00071712
10.333333,0.00000000
10.350000,0.00000000
10.366667,0.00037677
10.383333,0.00000000
10.400000,0.00000000
10.416667,0.00000000
10.433333,0.00018999
10.450000,0.00000000
10.466667,0.00032800
10.483333,0.00000000
10.500000,0.00000000
10.516667,0.00000000
10.533333,0.00013652
10.550000,0.00053464
10.566667,0.00041203
10.583333,0.00000000
10.600000,0.00012911
10.616667,0.00000000
10.633333,0.00028041
10.650000,0.00013334
10.666667,0.00033771
10.683333,0.00000000
10.700000,0.00000000
10.716667,0.00008561
10.733333,0.00028058
10.750000,0.00001454
10.766667,0.00019132
10.783333,0.00054855
10.800000,0.00000000
10.816667,0.00003047
10.833333,0.00000000
10.850000,0.00000000
10.866667,0.00000000
10.883333,0.00010230
10.900000,0.00000000
10.916667,0.00047587
10.933333,0.00000000
10.950000,0.00054821
10.966667,0.00000000
10.983333,0.00038912
11.000000,0.00000000
11.016667,0.00000000
11.033333,0.00021811
11.050000,0.00000000
11.066667,0.00000000
11.083333,0.00000000
11.100000,0.00034703
11.116667,0.00000000
11.133333,0.00049718
11.150000,0.00001745
11.166667,0.00000000
11.183333,0.00007553
11.200000,0.00000000
11.216667,0.00000000
11.233333,0.00000000
11.250000,0.00019208
11.266667,0.00000000
11.283333,0.00000000
11.300000,0.00004668
11.316667,0.00006281
11.333333,0.00000000
11.350000,0.00000000
11.366667,0.00000000
11.383333,0.00000000
11.400000,0.00030226
11.416667,0.00035215
11.433333,0.00000000
11.450000,0.00027417
11.466667,0.00000000
11.483333,0.00022110
11.500000,0.00041159
11.516667,0.00025928
11.533333,0.00041651
11.550000,0.00029369
11.566667,0.00000852
11.583333,0.00000117
11.600000,0.00009558
11.616667,0.00011618
11.633333,0.00000000
11.650000,0.00030037
11.666667,0.00000000
11.683333,0.00022000
11.700000,0.00022163
11.716667,0.00016415
11.733333,0.00005451
11.750000,0.00000000
11.766667,0.00026821
11.783333,0.00064876
11.800000,0.00014077
11.816667,0.00000000
11.833333,0.00000000
11.850000,0.00000000
11.866667,0.00001269
11.883333,0.00000000
11.900000,0.00051890
11.916667,0.00000000
11.933333,0.00000000
11.950000,0.00049181
11.966667,0.00006427
11.983333,0.00000000
12.000000,0.00000000
12.016667,0.00041290
12.033333,0.00000000
12.050000,0.00058152
12.066667,0.00000000
12.083333,0.00000000
12.100000,0.00044477
12.116667,0.00000000
12.133333,0.00068976
12.150000,0.00000000
12.166667,0.00056352
12.183333,0.00000000
12.200000,0.00000000
12.216667,0.00000000
12.233333,0.00048157
12.250000,0.00001880
12.266667,0.00058433
12.283333,0.00058993
12.300000,0.00000000
12.316667,0.00000000
12.333333,0.00000000
12.350000,0.00023857
12.366667,0.00046853
12.383333,0.00000000
12.400000,0.00059800
12.416667,0.00021772
12.433333,0.00000000
12.450000,0.00020811
12.466667,0.00000000
12.483333,0.00000000
12.500000,0.00020908
12.516667,0.00000000
12.533333,0.00000000
12.550000,0.00000000
12.566667,0.00000000
12.583333,0.00069565
12.600000,0.00000000
12.616667,0.00000000
12.633333,0.00000000
12.650000,0.00000000
12.666667,0.00013155
12.683333,0.00029971
12.700000,0.00025056
12.716667,0.00020885
12.733333,0.00000000
12.750000,0.00001382
12.766667,0.00023659
12.783333,0.00000000
12.800000,0.00059279
12.816667,0.00018772
12.833333,0.00032322
12.850000,0.00000000
12.866667,0.00000000
12.883333,0.00000000
12.900000,0.00007848
12.916667,0.00026887
12.933333,0.00000000
12.950000,0.00034164
12.966667,0.00000000
12.983333,0.00000000
13.000000,0.00051193
13.016667,0.00000000
13.033333,0.00000000
13.050000,0.00000000
13.066667,0.00069286
13.083333,0.00011382
13.100000,0.00000000
13.116667,0.00036808
13.133333,0.00012655
13.150000,0.00000000
13.166667,0.00000000
13.183333,0.00038613
13.200000,0.00053889
13.216667,0.00057916
13.233333,0.00000000
13.250000,0.00046649
13.266667,0.00000000
13.283333,0.00000000
13.300000,0.00002010
13.316667,0.00057570
13.333333,0.00000000
13.350000,0.00045503
13.366667,0.00000000
13.383333,0.00016754
13.400000,0.00024564
13.416667,0.00024573
13.433333,0.00038557
13.450000,0.00000000
13.466667,0.00016013
13.483333,0.00060500
13.500000,0.00007689
13.516667,0.00000000
13.533333,0.00005831
13.550000,0.00006021
13.566667,0.00016699
13.583333,0.00000000
13.600000,0.00000000
13.616667,0.00035349
13.633333,0.00033052
13.650000,0.00018827
13.666667,0.00000000
13.683333,0.00000000
13.700000,0.00000000
13.716667,0.00030111
13.733333,0.00000000
13.750000,0.00000000
13.766667,0.00063565
13.783333,0.00000000
13.800000,0.00000000
13.816667,0.00000000
13.833333,0.00026033
13.850000,0.00076090
13.866667,0.00000000
13.883333,0.00028881
13.900000,0.00000000
13.916667,0.00051133
13.933333,0.00000000
13.950000,0.00000000
13.966667,0.00000000
13.983333,0.00000000
14.000000,0.00030657
14.016667,0.00000000
14.033333,0.00091579
14.050000,0.00000000
14.066667,0.00000000
14.083333,0.00000000
14.100000,0.00022670
14.116667,0.00000000
14.133333,0.00006083
14.150000,0.00000000
14.166667,0.00000000
14.183333,0.00000000
14.200000,0.00026608
14.216667,0.00050727
14.233333,0.00000000
14.250000,0.00000000
14.266667,0.00003720
14.283333,0.00021013
14.300000,0.00000000
14.316667,0.00000000
14.333333,0.00000000
14.350000,0.00000000
14.366667,0.00024964
14.383333,0.00024091
14.400000,0.00000000
14.416667,0.00000000
14.433333,0.00071045
14.450000,0.00037492
14.466667,0.00048976
14.483333,0.00036672
14.500000,0.00000942
14.516667,0.00029853
14.533333,0.00014210
14.550000,0.00000000
14.566667,0.00000000
14.583333,0.00002350
14.600000,0.00000000
14.616667,0.00000000
14.633333,0.00017042
14.650000,0.00035101
14.666667,0.00013642
14.683333,0.00000000
14.700000,0.00003046
14.716667,0.00000000
14.733333,0.00000000
14.750000,0.00016000
14.766667,0.00000000
14.783333,0.00070047
14.800000,0.00011534
14.816667,0.00000000
14.833333,0.00000000
14.850000,0.00000000
14.866667,0.00042078
14.883333,0.00000000
14.900000,0.00000000
14.916667,0.00000000
14.933333,0.00049229
14.950000,0.00000000
14.966667,0.00020922
14.983333,0.00000000
15.000000,0.00009744
15.016667,0.00004983
15.033333,0.00036738
15.050000,0.00035739
15.066667,0.00000000
15.083333,0.00004925
15.100000,0.00006092
15.116667,0.00000000
15.133333,0.00023183
15.150000,0.00000000
15.166667,0.00028071
15.183333,0.00001024
15.200000,0.00000000
15.216667,0.00007327
15.233333,0.00000000
15.250000,0.00051704
15.266667,0.00000000
15.283333,0.00023775
15.300000,0.00000000
15.316667,0.00027154
15.333333,0.00000000
15.350000,0.00000000
15.366667,0.00008157
15.383333,0.00000000
15.400000,0.00004412
15.416667,0.00004913
15.433333,0.00018955
15.450000,0.00077809
15.466667,0.00000000
15.483333,0.00000000
15.500000,0.00000000
15.516667,0.00056392
15.533333,0.00000377
15.550000,0.00086147
15.566667,0.00008137
15.583333,0.00026076
15.600000,0.00028882
15.616667,0.00036213
15.633333,0.00000000
15.650000,0.00000000
15.666667,0.00000000
15.683333,0.00029522
15.700000,0.00000000
15.716667,0.00033924
15.733333,0.00004019
15.750000,0.00054636
15.766667,0.00025981
15.783333,0.00053168
15.800000,0.00008162
15.816667,0.00000000
15.833333,0.00000000
15.850000,0.00000000
15.866667,0.00049399
15.883333,0.00057207
15.900000,0.00000000
15.916667,0.00000000
15.933333,0.00000000
15.950000,0.00000000
15.966667,0.00004828
15.983333,0.00000000
16.000000,0.00000000
16.016667,0.00043613
16.033333,0.00000000
16.050000,0.00000000
16.066667,0.00000000
16.083333,0.00000000
16.100000,0.00000000
16.116667,0.00000000
16.133333,0.00044582
16.150000,0.00016239
16.166667,0.00000000
16.183333,0.00032916
16.200000,0.00026294
16.216667,0.00037671
16.233333,0.00000000
16.250000,0.00000000
16.266667,0.00074036
16.283333,0.00038652
16.300000,0.00013489
16.316667,0.00003323
16.333333,0.00000000
16.350000,0.00007809
16.366667,0.00000000
16.383333,0.00125694
16.400000,0.00000000
16.416667,0.00019383
16.433333,0.00000000
16.450000,0.00079325
16.466667,0.00041157
16.483333,0.00021830
16.500000,0.00008780
16.516667,0.00000000
16.533333,0.00000000
16.550000,0.00000000
16.566667,0.00068304
16.583333,0.00043820
16.600000,0.00000000
16.616667,0.00000000
16.633333,0.00027363
16.650000,0.00000000
16.666667,0.00038531
16.683333,0.00063482
16.700000,0.00000000
16.716667,0.00000000
16.733333,0.00055622
16.750000,0.00000000
16.766667,0.00022496
16.783333,0.00000000
16.800000,0.00081138
16.816667,0.00000000
16.833333,0.00026778
16.850000,0.00012658
16.866667,0.00000000
16.883333,0.00011429
16.900000,0.00000000
16.916667,0.00000000
16.933333,0.00022040
16.950000,0.00000000
16.966667,0.00005099
16.983333,0.00000000
17.000000,0.00000000
17.016667,0.00000000
17.033333,0.00014316
17.050000,0.00027049
17.066667,0.00000000
17.083333,0.00061768
17.100000,0.00000000
17.116667,0.00000000
17.133333,0.00050792
17.150000,0.00027965
17.166667,0.00023524
17.183333,0.00019489
17.200000,0.00019235
17.216667,0.00020917
17.233333,0.00000000
17.250000,0.00000000
17.266667,0.00017258
17.283333,0.00011486
17.300000,0.00003539
17.316667,0.00000000
17.333333,0.00000000
17.350000,0.00013111
17.366667,0.00005803
17.383333,0.00000000
17.400000,0.00000000
17.416667,0.00004889
17.433333,0.00006332
17.450000,0.00051780
17.466667,0.00002724
17.483333,0.00000000
17.500000,0.00046942
17.516667,0.00042455
17.533333,0.00029960
17.550000,0.00006647
17.566667,0.00018130
17.583333,0.00006431
17.600000,0.00002472
17.616667,0.00002844
17.633333,0.00000000
17.650000,0.00007680
17.666667,0.00000000
17.683333,0.00000000
17.700000,0.00006031
17.716667,0.00000000
17.733333,0.00008278
17.750000,0.00000000
17.766667,0.00000000
17.783333,0.00027830
17.800000,0.00067151
17.816667,0.00000000
17.833333,0.00031192
17.850000,0.00000000
17.866667,0.00042319
17.883333,0.00057051
17.900000,0.00000000
17.916667,0.00000000
17.933333,0.00000000
17.950000,0.00030948
17.966667,0.00000000
17.983333,0.00021673
18.000000,0.00000000
18.016667,0.00000000
18.033333,0.00012485
18.050000,0.00027821
18.066667,0.00003443
18.083333,0.00051279
18.100000,0.00000000
18.116667,0.00066136
18.133333,0.00000000
18.150000,0.00052432
18.166667,0.00030269
18.183333,0.00000000
18.200000,0.00000000
18.216667,0.00000000
18.233333,0.00000000
18.250000,0.00000000
18.266667,0.00007574
18.283333,0.00015963
18.300000,0.00030495
18.316667,0.00000000
18.333333,0.00000000
18.350000,0.00000000
18.366667,0.00031399
18.383333,0.00017736
18.400000,0.00075800
18.416667,0.00009219
18.433333,0.00042151
18.450000,0.00032962
18.466667,0.00000000
18.483333,0.00000000
18.500000,0.00012409
18.516667,0.00038585
18.533333,0.00000000
18.550000,0.00000000
18.566667,0.00038960
18.583333,0.00000000
18.600000,0.00000000
18.616667,0.00044906
18.633333,0.00000000
18.650000,0.00050051
18.666667,0.00011314
18.683333,0.00010768
18.700000,0.00000000
18.716667,0.00031250
18.733333,0.00052150
18.750000,0.00000000
18.766667,0.00016431
18.783333,0.00005094
18.800000,0.00037164
18.816667,0.00000000
18.833333,0.00043097
18.850000,0.00000000
18.866667,0.00039729
18.883333,0.00082395
18.900000,0.00000000
18.916667,0.00000000
18.933333,0.00074095
18.950000,0.00051518
18.966667,0.00000000
18.983333,0.00000000
19.000000,0.00000000
19.016667,0.00060851
19.033333,0.00000000
19.050000,0.00098399
19.066667,0.00000000
19.083333,0.00080569
19.100000,0.00022549
19.116667,0.00000000
19.133333,0.00011216
19.150000,0.00071679
19.166667,0.00057019
19.183333,0.00000000
19.200000,0.00000000
19.216667,0.00111869
19.233333,0.00000000
19.250000,0.00000841
19.266667,0.00011552
19.283333,0.00000000
19.300000,0.00050170
19.316667,0.00003283
19.333333,0.00024170
19.350000,0.00000000
19.366667,0.00013911
19.383333,0.00019994
19.400000,0.00041902
19.416667,0.00000000
19.433333,0.00000000
19.450000,0.00039557
19.466667,0.00000000
19.483333,0.00000000
19.500000,0.00000000
19.516667,0.00036010
19.533333,0.00032044
19.550000,0.00002074
19.566667,0.00033640
19.583333,0.00076980
19.600000,0.00016897
19.616667,0.00000000
19.633333,0.00009751
19.650000,0.00022113
19.666667,0.00000000
19.683333,0.00005242
19.700000,0.00083495
19.716667,0.00000000
19.733333,0.00000000
19.750000,0.00020172
19.766667,0.00021201
19.783333,0.00000000
19.800000,0.00000000
19.816667,0.00000000
19.833333,0.00000000
19.850000,0.00000000
19.866667,0.00021152
19.883333,0.00023329
19.900000,0.00000000
19.916667,0.00011373
19.933333,0.00000000
19.950000,0.00000000
19.966667,0.00015930
19.983333,0.00000000
20.000000,0.00018961
20.016667,0.00039584
20.033333,0.00000000
20.050000,0.00000000
20.066667,0.00006478
20.083333,0.00022564
20.100000,0.00033821
20.116667,0.00000000
20.133333,0.00000000
20.150000,0.00048754
20.166667,0.00001926
20.183333,0.00000000
20.200000,0.00000000
20.216667,0.00000000
20.233333,0.00054928
20.250000,0.00000000
20.266667,0.00000000
20.283333,0.00069481
20.300000,0.00021238
20.316667,0.00000000
20.333333,0.00000000
20.350000,0.00062622
20.366667,0.00000000
20.383333,0.00000000
20.400000,0.00004932
20.416667,0.00015039
20.433333,0.00000000
20.450000,0.00073675
20.466667,0.00000000
20.483333,0.00000000
20.500000,0.00031962
20.516667,0.00000000
20.533333,0.00000000
20.550000,0.00000000
20.566667,0.00068970
20.583333,0.00000000
20.600000,0.00013156
20.616667,0.00000000
20.633333,0.00000000
20.650000,0.00000000
20.666667,0.00000000
20.683333,0.00000000
20.700000,0.00000000
20.716667,0.00000000
20.733333,0.00014404
20.750000,0.00000000
20.766667,0.00010631
20.783333,0.00011205
20.800000,0.00000000
20.816667,0.00030136
20.833333,0.00000823
20.850000,0.00000000
20.866667,0.00017033
20.883333,0.00021328
20.900000,0.00028020
20.916667,0.00008362
20.933333,0.00000000
20.950000,0.00028270
20.966667,0.00002741
20.983333,0.00000000
21.000000,0.00028405
21.016667,0.00000000
21.033333,0.00000000
21.050000,0.00000000
21.066667,0.00000000
21.083333,0.00024380
21.100000,0.00032910
21.116667,0.00000000
21.133333,0.00000000
21.150000,0.00000000
21.166667,0.00004158
21.183333,0.00008976
21.200000,0.00000000
21.216667,0.00042145
21.233333,0.00000000
21.250000,0.00000000
21.266667,0.00053430
21.283333,0.00010524
21.300000,0.00006062
21.316667,0.00017517
21.333333,0.00000000
21.350000,0.00000000
21.366667,0.00003762
21.383333,0.00004481
21.400000,0.00054038
21.416667,0.00000000
21.433333,0.00083597
21.450000,0.00019804
21.466667,0.00038788
21.483333,0.00000000
21.500000,0.00000000
21.516667,0.00069303
21.533333,0.00016405
21.550000,0.00027367
21.566667,0.00000000
21.583333,0.00000000
21.600000,0.00023265
21.616667,0.00000000
21.633333,0.00000000
21.650000,0.00000000
21.666667,0.00000000
21.683333,0.00000000
21.700000,0.00025535
21.716667,0.00000000
21.733333,0.00026342
21.750000,0.00015471
21.766667,0.00038548
21.783333,0.00000000
21.800000,0.00000000
21.816667,0.00000000
21.833333,0.00050285
21.850000,0.00000000
21.866667,0.00000000
21.883333,0.00009725
21.900000,0.00004014
21.916667,0.00000000
21.933333,0.00000000
21.950000,0.00000000
21.966667,0.00000000
21.983333,0.00000000
22.000000,0.00005510
22.016667,0.00032141
22.033333,0.00000000
22.050000,0.00014603
22.066667,0.00000000
22.083333,0.00000000
22.100000,0.00083313
22.116667,0.00031295
22.133333,0.00000000
22.150000,0.00000000
22.166667,0.00005636
22.183333,0.00000000
22.200000,0.00100340
22.216667,0.00003333
22.233333,0.00000000
22.250000,0.00006106
22.266667,0.00000000
22.283333,0.00004508
22.300000,0.00025954
22.316667,0.00000000
22.333333,0.00000000
22.350000,0.00040261
22.366667,0.00000000
22.383333,0.00027099
22.400000,0.00028508
22.416667,0.00000000
22.433333,0.00000000
22.450000,0.00000000
22.466667,0.00000000
22.483333,0.00045621
22.500000,0.00023047
22.516667,0.00013614
22.533333,0.00038976
22.550000,0.00000000
22.566667,0.00007489
22.583333,0.00001544
22.600000,0.00000000
22.616667,0.00000000
22.633333,0.00010968
22.650000,0.00000000
22.666667,0.00083572
22.683333,0.00063862
22.700000,0.00000000
22.716667,0.00034191
22.733333,0.00009385
22.750000,0.00000000
22.766667,0.00000000
22.783333,0.00009277
22.800000,0.00000000
22.816667,0.00000000
22.833333,0.00009561
22.850000,0.00000000
22.866667,0.00000000
22.883333,0.00000000
22.900000,0.00000000
22.916667,0.00000000
22.933333,0.00003596
22.950000,0.00000000
22.966667,0.00000000
22.983333,0.00000000
23.000000,0.00002945
23.016667,0.00031839
23.033333,0.00000000
23.050000,0.00000000
23.066667,0.00000000
23.083333,0.00004994
23.100000,0.00012034
23.116667,0.00045357
23.133333,0.00018259
23.150000,0.00000000
23.166667,0.00030653
23.183333,0.00000000
23.200000,0.00000000
23.216667,0.00000000
23.233333,0.00000000
23.250000,0.00037339
23.266667,0.00000000
23.283333,0.00000000
23.300000,0.00000000
23.316667,0.00000000
23.333333,0.00019027
23.350000,0.00022805
23.366667,0.00031342
23.383333,0.00000000
23.400000,0.00000000
23.416667,0.00013047
23.433333,0.00000000
23.450000,0.00041488
23.466667,0.00000000
23.483333,0.00000000
23.500000,0.00000000
23.516667,0.00000000
23.533333,0.00000000
23.550000,0.00000000
23.566667,0.00000000
23.583333,0.00000000
23.600000,0.00047207
23.616667,0.00064324
23.633333,0.00000000
23.650000,0.00000000
23.666667,0.00000000
23.683333,0.00000000
23.700000,0.00000000
23.716667,0.00069900
23.733333,0.00001955
23.750000,0.00000000
23.766667,0.00016290
23.783333,0.00000095
23.800000,0.00000000
23.816667,0.00000000
23.833333,0.00044961
23.850000,0.00001499
23.866667,0.00000000
23.883333,0.00000000
23.900000,0.00060019
23.916667,0.00003083
23.933333,0.00068295
23.950000,0.00014085
23.966667,0.00004060
23.983333,0.00000000
24.000000,0.00000000
24.016667,0.00054059
24.033333,0.00000000
24.050000,0.00026087
24.066667,0.00000000
24.083333,0.00078254
24.100000,0.00033735
24.116667,0.00002773
24.133333,0.00000171
24.150000,0.00014728
24.166667,0.00000000
24.183333,0.00000000
24.200000,0.00011487
24.216667,0.00000000
24.233333,0.00000000
24.250000,0.00000000
24.266667,0.00006392
24.283333,0.00015509
24.300000,0.00000000
24.316667,0.00040343
24.333333,0.00000000
24.350000,0.00014213
24.366667,0.00000000
24.383333,0.00000000
24.400000,0.00014977
24.416667,0.00053882
24.433333,0.00015670
24.450000,0.00041475
24.466667,0.00045409
24.483333,0.00011982
24.500000,0.00000000
24.516667,0.00030637
24.533333,0.00000000
24.550000,0.00063009
24.566667,0.00000000
24.583333,0.00000000
24.600000,0.00013442
24.616667,0.00000000
24.633333,0.00000000
24.650000,0.00000000
24.666667,0.00010496
24.683333,0.00066425
24.700000,0.00055219
24.716667,0.00059142
24.733333,0.00034216
24.750000,0.00010209
24.766667,0.00000000
24.783333,0.00047230
24.800000,0.00020700
24.816667,0.00000000
24.833333,0.00000298
24.850000,0.00000000
24.866667,0.00000000
24.883333,0.00000000
24.900000,0.00000000
24.916667,0.00000000
24.933333,0.00070568
24.950000,0.00024490
24.966667,0.00000000
24.983333,0.00024206
25.000000,0.00000000
25.016667,0.00000000
25.033333,0.00000000
25.050000,0.00000000
25.066667,0.00000000
25.083333,0.00000000
25.100000,0.00000000
25.116667,0.00004549
25.133333,0.00010908
25.150000,0.00000000
25.166667,0.00000000
25.183333,0.00040851
25.200000,0.00000000
25.216667,0.00000000
25.233333,0.00000000
25.250000,0.00036519
25.266667,0.00015864
25.283333,0.00000000
25.300000,0.00039235
25.316667,0.00000000
25.333333,0.00000000
25.350000,0.00010888
25.366667,0.00097567
25.383333,0.00000000
25.400000,0.00047435
25.416667,0.00000000
25.433333,0.00000000
25.450000,0.00032637
25.466667,0.00011047
25.483333,0.00000000
25.500000,0.00002220
25.516667,0.00000000
25.533333,0.00000000
25.550000,0.00000000
25.566667,0.00000000
25.583333,0.00036833
25.600000,0.00000000
25.616667,0.00000000
25.633333,0.00032433
25.650000,0.00003038
25.666667,0.00051933
25.683333,0.00068202
25.700000,0.00000000
25.716667,0.00000000
25.733333,0.00018863
25.750000,0.00000000
25.766667,0.00007453
25.783333,0.00000000
25.800000,0.00030590
25.816667,0.00064713
25.833333,0.00000000
25.850000,0.00000000
25.866667,0.00045967
25.883333,0.00062003
25.900000,0.00015896
25.916667,0.00000000
25.933333,0.00000000
25.950000,0.00020702
25.966667,0.00054077
25.983333,0.00038747
26.000000,0.00007294
26.016667,0.00038290
26.033333,0.00015366
26.050000,0.00029202
26.066667,0.00000000
26.083333,0.00000000
26.100000,0.00016335
26.116667,0.00000000
26.133333,0.00006407
26.150000,0.00000000
26.166667,0.00000000
26.183333,0.00000000
26.200000,0.00019186
26.216667,0.00000000
26.233333,0.00083345
26.250000,0.00000000
26.266667,0.00097546
26.283333,0.00029559
26.300000,0.00055402
26.316667,0.00029677
26.333333,0.00008375
26.350000,0.00051667
26.366667,0.00000000
26.383333,0.00000000
26.400000,0.00000000
26.416667,0.00000000
26.433333,0.00007176
26.450000,0.00066065
26.466667,0.00000000
26.483333,0.00030026
26.500000,0.00011912
26.516667,0.00061903
26.533333,0.00002516
26.550000,0.00000000
26.566667,0.00010182
26.583333,0.00024026
26.600000,0.00000000
26.616667,0.00000000
26.633333,0.00011821
26.650000,0.00037467
26.666667,0.00000000
26.683333,0.00000000
26.700000,0.00015862
26.716667,0.00000000
26.733333,0.00000000
26.750000,0.00000000
26.766667,0.00000000
26.783333,0.00000000
26.800000,0.00000000
26.816667,0.00012715
26.833333,0.00000000
26.850000,0.00000000
26.866667,0.00056584
26.883333,0.00000000
26.900000,0.00000000
26.916667,0.00003721
26.933333,0.00000000
26.950000,0.00047993
26.966667,0.00000000
26.983333,0.00026567
27.000000,0.00000000
27.016667,0.00000000
27.033333,0.00037964
27.050000,0.00000000
27.066667,0.00041275
27.083333,0.00000000
27.100000,0.00059284
27.116667,0.00000000
27.133333,0.00062316
27.150000,0.00026129
27.166667,0.00000000
27.183333,0.00029912
27.200000,0.00000000
27.216667,0.00050563
27.233333,0.00000000
27.250000,0.00000000
27.266667,0.00000000
27.283333,0.00000000
27.300000,0.00046713
27.316667,0.00019250
27.333333,0.00032366
27.350000,0.00000000
27.366667,0.00000000
27.383333,0.00032213
27.400000,0.00004463
27.416667,0.00000000
27.433333,0.00083039
27.450000,0.00000000
27.466667,0.00029246
27.483333,0.00011496
27.500000,0.00064452
27.516667,0.00088801
27.533333,0.00006393
27.550000,0.00000000
27.566667,0.00021763
27.583333,0.00006510
27.600000,0.00000000
27.616667,0.00054993
27.633333,0.00000000
27.650000,0.00016624
27.666667,0.00013061
27.683333,0.00059395
27.700000,0.00065690
27.716667,0.00000000
27.733333,0.00006072
27.750000,0.00049086
27.766667,0.00000000
27.783333,0.00000000
27.800000,0.00000000
27.816667,0.00032293
27.833333,0.00000000
27.850000,0.00000000
27.866667,0.00048638
27.883333,0.00024375
27.900000,0.00000000
27.916667,0.00000000
27.933333,0.00034438
27.950000,0.00003981
27.966667,0.00000000
27.983333,0.00000000
28.000000,0.00003172
28.016667,0.00025812
28.033333,0.00000000
28.050000,0.00051411
28.066667,0.00028774
28.083333,0.00000000
28.100000,0.00019240
28.116667,0.00028389
28.133333,0.00000000
28.150000,0.00000000
28.166667,0.00034522
28.183333,0.00000000
28.200000,0.00033467
28.216667,0.00000000
28.233333,0.00031758
28.250000,0.00000000
28.266667,0.00023455
28.283333,0.00000000
28.300000,0.00020481
28.316667,0.00000000
28.333333,0.00022754
28.350000,0.00000000
28.366667,0.00015473
28.383333,0.00000000
28.400000,0.00000000
28.416667,0.00000000
28.433333,0.00014471
28.450000,0.00000000
28.466667,0.00000000
28.483333,0.00069439
28.500000,0.00000000
28.516667,0.00000000
28.533333,0.00000000
28.550000,0.00000000
28.566667,0.00060082
28.583333,0.00046251
28.600000,0.00098841
28.616667,0.00000000
28.633333,0.00000000
28.650000,0.00002134
28.666667,0.00044549
28.683333,0.00005497
28.700000,0.00080331
28.716667,0.00000000
28.733333,0.00043828
28.750000,0.00040058
28.766667,0.00000000
28.783333,0.00003594
28.800000,0.00027692
28.816667,0.00045215
28.833333,0.00008157
28.850000,0.00000000
28.866667,0.00017551
28.883333,0.00000000
28.900000,0.00000000
28.916667,0.00000000
28.933333,0.00001960
28.950000,0.00033010
28.966667,0.00000000
28.983333,0.00000000
29.000000,0.00000000
29.016667,0.00000000
29.033333,0.00005053
29.050000,0.00015152
29.066667,0.00000000
29.083333,0.00007397
29.100000,0.00000000
29.116667,0.00004782
29.133333,0.00000000
29.150000,0.00040142
29.166667,0.00086843
29.183333,0.00000000
29.200000,0.00009508
29.216667,0.00013759
29.233333,0.00000000
29.250000,0.00048984
29.266667,0.00014670
29.283333,0.00067201
29.300000,0.00001155
29.316667,0.00000000
29.333333,0.00000000
29.350000,0.00000000
29.366667,0.00045038
29.383333,0.00007619
29.400000,0.00000000
29.416667,0.00000000
29.433333,0.00026413
29.450000,0.00046892
29.466667,0.00000000
29.483333,0.00000000
29.500000,0.00000000
29.516667,0.00039612
29.533333,0.00047594
29.550000,0.00000000
29.566667,0.00042929
29.583333,0.00011676
29.600000,0.00029771
29.616667,0.00012031
29.633333,0.00000000
29.650000,0.00000000
29.666667,0.00012853
29.683333,0.00000000
29.700000,0.00067741
29.716667,0.00000000
29.733333,0.00000000
29.750000,0.00056575
29.766667,0.00000000
29.783333,0.00025843
29.800000,0.00010802
29.816667,0.00004340
29.833333,0.00083921
29.850000,0.00000000
29.866667,0.00000000
29.883333,0.00030953
29.900000,0.00000000
29.916667,0.00024234
29.933333,0.00028906
29.950000,0.00014234
29.966667,0.00034826
29.983333,0.00000000
30.000000,0.00000000
30.016667,0.00014172
30.033333,0.00000000
30.050000,0.00024778
30.066667,0.00052826
30.083333,0.00011060
30.100000,0.00030366
30.116667,0.00028031
30.133333,0.00016418
30.150000,0.00029619
30.166667,0.00005300
30.183333,0.00013323
30.200000,0.00000000
30.216667,0.00000000
30.233333,0.00012195
30.250000,0.00028103
30.266667,0.00049433
30.283333,0.00060566
30.300000,0.00000000
30.316667,0.00000000
30.333333,0.00032728
30.350000,0.00018818
30.366667,0.00031586
30.383333,0.00004351
30.400000,0.00034199
30.416667,0.00000000
30.433333,0.00000000
30.450000,0.00000000
30.466667,0.00015335
30.483333,0.00014588
30.500000,0.00036497
30.516667,0.00000000
30.533333,0.00042688
30.550000,0.00000000
30.566667,0.00000000
30.583333,0.00000000
30.600000,0.00044764
30.616667,0.00000000
30.633333,0.00000000
30.650000,0.00000000
30.666667,0.00022240
30.683333,0.00000000
30.700000,0.00000000
30.716667,0.00061396
30.733333,0.00006137
30.750000,0.00016355
30.766667,0.00036791
30.783333,0.00000000
30.800000,0.00000000
30.816667,0.00000000
30.833333,0.00044587
30.850000,0.00000000
30.866667,0.00000000
30.883333,0.00000000
30.900000,0.00000000
30.916667,0.00031341
30.933333,0.00000000
30.950000,0.00000000
30.966667,0.00000000
30.983333,0.00000000
31.000000,0.00025034
31.016667,0.00003746
31.033333,0.00035305
31.050000,0.00016302
31.066667,0.00055347
31.083333,0.00000000
31.100000,0.00000000
31.116667,0.00025320
31.133333,0.00016198
31.150000,0.00000000
31.166667,0.00000000
31.183333,0.00000000
31.200000,0.00013642
31.216667,0.00000000
31.233333,0.00000000
31.250000,0.00000000
31.266667,0.00000000
31.283333,0.00072524
31.300000,0.00020584
31.316667,0.00055905
31.333333,0.00009969
31.350000,0.00012342
31.366667,0.00054711
31.383333,0.00000000
31.400000,0.00000000
31.416667,0.00016970
31.433333,0.00030917
31.450000,0.00036849
31.466667,0.00000000
31.483333,0.00000000
31.500000,0.00000000
31.516667,0.00000000
31.533333,0.00039674
31.550000,0.00000000
31.566667,0.00037185
31.583333,0.00017578
31.600000,0.00000000
31.616667,0.00000000
31.633333,0.00055319
31.650000,0.00000000
31.666667,0.00000000
31.683333,0.00024625
31.700000,0.00030700
31.716667,0.00000000
31.733333,0.00000000
31.750000,0.00000000
31.766667,0.00000000
31.783333,0.00000000
31.800000,0.00000000
31.816667,0.00000000
31.833333,0.00006625
31.850000,0.00000000
31.866667,0.00070539
31.883333,0.00013064
31.900000,0.00000000
31.916667,0.00082223
31.933333,0.00000755
31.950000,0.00000000
31.966667,0.00020387
31.983333,0.00045208
32.000000,0.00000000
32.016667,0.00000000
32.033333,0.00000000
32.050000,0.00042692
32.066667,0.00008306
32.083333,0.00000000
32.100000,0.00000000
32.116667,0.00051149
32.133333,0.00000000
32.150000,0.00000000
32.166667,0.00000000
32.183333,0.00000000
32.200000,0.00006905
32.216667,0.00000000
32.233333,0.00034090
32.250000,0.00046628
32.266667,0.00000000
32.283333,0.00050598
32.300000,0.00012738
32.316667,0.00000000
32.333333,0.00029703
32.350000,0.00043428
32.366667,0.00000000
32.383333,0.00002538
32.400000,0.00012773
32.416667,0.00000000
32.433333,0.00006841
32.450000,0.00000000
32.466667,0.00000094
32.483333,0.00011617
32.500000,0.00000000
32.516667,0.00000000
32.533333,0.00024120
32.550000,0.00059608
32.566667,0.00000000
32.583333,0.00000000
32.600000,0.00000061
32.616667,0.00024334
32.633333,0.00030987
32.650000,0.00078183
32.666667,0.00000000
32.683333,0.00000000
32.700000,0.00011184
32.716667,0.00000000
32.733333,0.00000000
32.750000,0.00000000
32.766667,0.00043271
32.783333,0.00000000
32.800000,0.00029508
32.816667,0.00013800
32.833333,0.00000000
32.850000,0.00000000
32.866667,0.00000000
32.883333,0.00053836
32.900000,0.00012149
32.916667,0.00000541
32.933333,0.00000000
32.950000,0.00015390
32.966667,0.00000000
32.983333,0.00000000
33.000000,0.00000000
33.016667,0.00000000
33.033333,0.00000000
33.050000,0.00065959
33.066667,0.00005116
33.083333,0.00000000
33.100000,0.00000000
33.116667,0.00000000
33.133333,0.00022179
33.150000,0.00000000
33.166667,0.00005386
33.183333,0.00036600
33.200000,0.00000000
33.216667,0.00000000
33.233333,0.00000000
33.250000,0.00000000
33.266667,0.00034505
33.283333,0.00035691
33.300000,0.00000000
33.316667,0.00000000
33.333333,0.00000000
33.350000,0.00000000
33.366667,0.00053131
33.383333,0.00036371
33.400000,0.00000000
33.416667,0.00000000
33.433333,0.00010117
33.450000,0.00052336
33.466667,0.00000000
33.483333,0.00065557
33.500000,0.00000000
33.516667,0.00000000
33.533333,0.00000000
33.550000,0.00000000
33.566667,0.00018622
33.583333,0.00009425
33.600000,0.00000000
33.616667,0.00013696
33.633333,0.00001145
33.650000,0.00022314
33.666667,0.00000000
33.683333,0.00000000
33.700000,0.00000000
33.716667,0.00047869
33.733333,0.00000254
33.750000,0.00037559
33.766667,0.00074163
33.783333,0.00000000
33.800000,0.00008552
33.816667,0.00000000
33.833333,0.00000000
33.850000,0.00000000
33.866667,0.00000000
33.883333,0.00000000
33.900000,0.00025619
33.916667,0.00012747
33.933333,0.00012724
33.950000,0.00000000
33.966667,0.00000000
33.983333,0.00000000
34.000000,0.00014257
34.016667,0.00000000
34.033333,0.00038643
34.050000,0.00008444
34.066667,0.00000000
34.083333,0.00000000
34.100000,0.00000849
34.116667,0.00000000
34.133333,0.00032464
34.150000,0.00009439
34.166667,0.00020316
34.183333,0.00000000
34.200000,0.00050172
34.216667,0.00010006
34.233333,0.00000000
34.250000,0.00010713
34.266667,0.00100159
34.283333,0.00000000
34.300000,0.00000000
34.316667,0.00028852
34.333333,0.00000000
34.350000,0.00000000
34.366667,0.00000000
34.383333,0.00055873
34.400000,0.00063509
34.416667,0.00000000
34.433333,0.00000000
34.450000,0.00000000
34.466667,0.00000000
34.483333,0.00000000
34.500000,0.00040069
34.516667,0.00000000
34.533333,0.00000000
34.550000,0.00000000
34.566667,0.00000000
34.583333,0.00000000
34.600000,0.00000000
34.616667,0.00001336
34.633333,0.00000000
34.650000,0.00038432
34.666667,0.00000000
34.683333,0.00000000
34.700000,0.00000000
34.716667,0.00000000
34.733333,0.00000000
34.750000,0.00017404
34.766667,0.00035350
34.783333,0.00015819
34.800000,0.00000000
34.816667,0.00001934
34.833333,0.00000000
34.850000,0.00000000
34.866667,0.00000000
34.883333,0.00068042
34.900000,0.00004895
34.916667,0.00002364
34.933333,0.00021833
34.950000,0.00039054
34.966667,0.00000000
34.983333,0.00000000
35.000000,0.00000000
35.016667,0.00009595
35.033333,0.00000000
35.050000,0.00011437
35.066667,0.00048602
35.083333,0.00066761
35.100000,0.00052290
35.116667,0.00000000
35.133333,0.00022287
35.150000,0.00068878
35.166667,0.00000000
35.183333,0.00011632
35.200000,0.00004290
35.216667,0.00000000
35.233333,0.00053355
35.250000,0.00000000
35.266667,0.00000000
35.283333,0.00000000
35.300000,0.00037222
35.316667,0.00000000
35.333333,0.00046256
35.350000,0.00050125
35.366667,0.00000000
35.383333,0.00012301
35.400000,0.00024635
35.416667,0.00005295
35.433333,0.00001928
35.450000,0.00000000
35.466667,0.00000000
35.483333,0.00000000
35.500000,0.00000000
35.516667,0.00000000
35.533333,0.00024170
35.550000,0.00000000
35.566667,0.00000000
35.583333,0.00015641
35.600000,0.00000000
35.616667,0.00030170
35.633333,0.00008329
35.650000,0.00000000
35.666667,0.00000000
35.683333,0.00059082
35.700000,0.00000000
35.716667,0.00037153
35.733333,0.00000000
35.750000,0.00000000
35.766667,0.00035047
35.783333,0.00023204
35.800000,0.00000000
35.816667,0.00035374
35.833333,0.00031195
35.850000,0.00000000
35.866667,0.00000000
35.883333,0.00033626
35.900000,0.00000000
35.916667,0.00052505
35.933333,0.00000000
35.950000,0.00058034
35.966667,0.00067891
35.983333,0.00065569
36.000000,0.00015498
36.016667,0.00013177
36.033333,0.00055430
36.050000,0.00000000
36.066667,0.00040942
36.083333,0.00056001
36.100000,0.00000000
36.116667,0.00003812
36.133333,0.00035838
36.150000,0.00000000
36.166667,0.00043385
36.183333,0.00000000
36.200000,0.00006877
36.216667,0.00100795
36.233333,0.00057023
36.250000,0.00069847
36.266667,0.00020182
36.283333,0.00014495
36.300000,0.00051790
36.316667,0.00000000
36.333333,0.00009355
36.350000,0.00078257
36.366667,0.00027078
36.383333,0.00024411
36.400000,0.00000000
36.416667,0.00000000
36.433333,0.00000713
36.450000,0.00000000
36.466667,0.00000000
36.483333,0.00000000
36.500000,0.00000000
36.516667,0.00084783
36.533333,0.00000000
36.550000,0.00000000
36.566667,0.00000000
36.583333,0.00011838
36.600000,0.00032695
36.616667,0.00032127
36.633333,0.00025870
36.650000,0.00000000
36.666667,0.00000000
36.683333,0.00025093
36.700000,0.00000000
36.716667,0.00000000
36.733333,0.00029497
36.750000,0.00010160
36.766667,0.00057585
36.783333,0.00000000
36.800000,0.00052949
36.816667,0.00005641
36.833333,0.00010611
36.850000,0.00002059
36.866667,0.00000000
36.883333,0.00009164
36.900000,0.00013342
36.916667,0.00041550
36.933333,0.00000000
36.950000,0.00000259
36.966667,0.00000000
36.983333,0.00010582
37.000000,0.00022708
37.016667,0.00010233
37.033333,0.00035984
37.050000,0.00014166
37.066667,0.00039271
37.083333,0.00000000
37.100000,0.00000000
37.116667,0.00086939
37.133333,0.00050369
37.150000,0.00000000
37.166667,0.00000000
37.183333,0.00000000
37.200000,0.00002356
37.216667,0.00012742
37.233333,0.00000000
37.250000,0.00093185
37.266667,0.00000000
37.283333,0.00049280
37.300000,0.00037309
37.316667,0.00000000
37.333333,0.00028167
37.350000,0.00029673
37.366667,0.00000000
37.383333,0.00000000
37.400000,0.00008963
37.416667,0.00000000
37.433333,0.00053849
37.450000,0.00000000
37.466667,0.00044686
37.483333,0.00028879
37.500000,0.00011895
37.516667,0.00000000
37.533333,0.00017894
37.550000,0.00000000
37.566667,0.00024412
37.583333,0.00000000
37.600000,0.00055218
37.616667,0.00005293
37.633333,0.00000000
37.650000,0.00060329
37.666667,0.00000000
37.683333,0.00000000
37.700000,0.00000000
37.716667,0.00000000
37.733333,0.00027193
37.750000,0.00021781
37.766667,0.00000000
37.783333,0.00000000
37.800000,0.00070591
37.816667,0.00021754
37.833333,0.00000000
37.850000,0.00032794
37.866667,0.00067436
37.883333,0.00000000
37.900000,0.00014192
37.916667,0.00000000
37.933333,0.00000000
37.950000,0.00070419
37.966667,0.00024865
37.983333,0.00075488
38.000000,0.00000000
38.016667,0.00008259
38.033333,0.00040872
38.050000,0.00025967
38.066667,0.00000000
38.083333,0.00000000
38.100000,0.00000000
38.116667,0.00000000
38.133333,0.00045786
38.150000,0.00000003
38.166667,0.00000000
38.183333,0.00007360
38.200000,0.00000000
38.216667,0.00000000
38.233333,0.00020186
38.250000,0.00000000
38.266667,0.00000000
38.283333,0.00000000
38.300000,0.00014798
38.316667,0.00019973
38.333333,0.00003204
38.350000,0.00073653
38.366667,0.00000000
38.383333,0.00021508
38.400000,0.00050756
38.416667,0.00000000
38.433333,0.00000000
38.450000,0.00000000
38.466667,0.00000000
38.483333,0.00028141
38.500000,0.00000000
38.516667,0.00000000
38.533333,0.00000000
38.550000,0.00065227
38.566667,0.00000000
38.583333,0.00000000
38.600000,0.00032695
38.616667,0.00000000
38.633333,0.00066645
38.650000,0.00030171
38.666667,0.00000000
38.683333,0.00000000
38.700000,0.00046911
38.716667,0.00000000
38.733333,0.00089559
38.750000,0.00010422
38.766667,0.00000000
38.783333,0.00000000
38.800000,0.00005993
38.816667,0.00020821
38.833333,0.00008591
38.850000,0.00000000
38.866667,0.00019250
38.883333,0.00077223
38.900000,0.00000000
38.916667,0.00000000
38.933333,0.00063806
38.950000,0.00027615
38.966667,0.00020649
38.983333,0.00002787
39.000000,0.00000000
39.016667,0.00000000
39.033333,0.00003292
39.050000,0.00024426
39.066667,0.00041601
39.083333,0.00000000
39.100000,0.00000000
39.116667,0.00000000
39.133333,0.00008659
39.150000,0.00000000
39.166667,0.00000000
39.183333,0.00000000
39.200000,0.00000000
39.216667,0.00013583
39.233333,0.00000000
39.250000,0.00068741
39.266667,0.00000000
39.283333,0.00000000
39.300000,0.00028202
39.316667,0.00015844
39.333333,0.00005957
39.350000,0.00004434
39.366667,0.00000000
39.383333,0.00047680
39.400000,0.00061482
39.416667,0.00000000
39.433333,0.00020488
39.450000,0.00067755
39.466667,0.00024109
39.483333,0.00033729
39.500000,0.00010531
39.516667,0.00000000
39.533333,0.00031883
39.550000,0.00000000
39.566667,0.00000000
39.583333,0.00130838
39.600000,0.00006170
39.616667,0.00000000
39.633333,0.00000000
39.650000,0.00040345
39.666667,0.00000000
39.683333,0.00002719
39.700000,0.00000000
39.716667,0.00000000
39.733333,0.00010741
39.750000,0.00009092
39.766667,0.00000000
39.783333,0.00000613
39.800000,0.00018917
39.816667,0.00000000
39.833333,0.00000000
39.850000,0.00000000
39.866667,0.00025016
39.883333,0.00000000
39.900000,0.00012618
39.916667,0.00116900
39.933333,0.00000000
39.950000,0.00000000
39.966667,0.00000000
39.983333,0.00018726
40.000000,0.00000000
40.016667,0.00000000
40.033333,0.00047352
40.050000,0.00000000
40.066667,0.00000000
40.083333,0.00000000
40.100000,0.00036057
40.116667,0.00000000
40.133333,0.00000000
40.150000,0.00001827
40.166667,0.00058969
40.183333,0.00029326
40.200000,0.00000000
40.216667,0.00000000
40.233333,0.00125220
40.250000,0.00000000
40.266667,0.00000000
40.283333,0.00052852
40.300000,0.00000000
40.316667,0.00039248
40.333333,0.00078351
40.350000,0.00001418
40.366667,0.00000000
40.383333,0.00000000
40.400000,0.00003545
40.416667,0.00018257
40.433333,0.00019718
40.450000,0.00000000
40.466667,0.00000000
40.483333,0.00033345
40.500000,0.00003300
40.516667,0.00000000
40.533333,0.00003522
40.550000,0.00025183
40.566667,0.00000000
40.583333,0.00035506
40.600000,0.00000000
40.616667,0.00000000
40.633333,0.00055364
40.650000,0.00013068
40.666667,0.00000058
40.683333,0.00000000
40.700000,0.00010013
40.716667,0.00000000
40.733333,0.00079977
40.750000,0.00082815
40.766667,0.00000000
40.783333,0.00047698
40.800000,0.00000000
40.816667,0.00056670
40.833333,0.00048859
40.850000,0.00000000
40.866667,0.00000000
40.883333,0.00000000
40.900000,0.00000000
40.916667,0.00000000
40.933333,0.00000000
40.950000,0.00038758
40.966667,0.00043048
40.983333,0.00022684
41.000000,0.00026851
41.016667,0.00000000
41.033333,0.00005419
41.050000,0.00000000
41.066667,0.00000000
41.083333,0.00000000
41.100000,0.00000000
41.116667,0.00000000
41.133333,0.00044995
41.150000,0.00016063
41.166667,0.00000000
41.183333,0.00000000
41.200000,0.00027981
41.216667,0.00000000
41.233333,0.00000000
41.250000,0.00000000
41.266667,0.00007410
41.283333,0.00000000
41.300000,0.00000000
41.316667,0.00006220
41.333333,0.00000000
41.350000,0.00000000
41.366667,0.00000000
41.383333,0.00027338
41.400000,0.00067855
41.416667,0.00011469
41.433333,0.00003673
41.450000,0.00034673
41.466667,0.00056489
41.483333,0.00001235
41.500000,0.00015477
41.516667,0.00005122
41.533333,0.00016939
41.550000,0.00000000
41.566667,0.00000000
41.583333,0.00010956
41.600000,0.00000000
41.616667,0.00000000
41.633333,0.00029136
41.650000,0.00020509
41.666667,0.00066882
41.683333,0.00000000
41.700000,0.00000000
41.716667,0.00039486
41.733333,0.00000000
41.750000,0.00000000
41.766667,0.00019257
41.783333,0.00000000
41.800000,0.00000000
41.816667,0.00000000
41.833333,0.00010852
41.850000,0.00014205
41.866667,0.00009865
41.883333,0.00037526
41.900000,0.00000000
41.916667,0.00032139
41.933333,0.00025776
41.950000,0.00009278
41.966667,0.00001928
41.983333,0.00056901
42.000000,0.00000000
42.016667,0.00077132
42.033333,0.00033746
42.050000,0.00000000
42.066667,0.00000000
42.083333,0.00000000
42.100000,0.00000000
42.116667,0.00046384
42.133333,0.00000000
42.150000,0.00000000
42.166667,0.00000000
42.183333,0.00000000
42.200000,0.00055926
42.216667,0.00000000
42.233333,0.00039167
42.250000,0.00002981
42.266667,0.00037438
42.283333,0.00000000
42.300000,0.00000000
42.316667,0.00056485
42.333333,0.00000000
42.350000,0.00027543
42.366667,0.00000000
42.383333,0.00000000
42.400000,0.00001087
42.416667,0.00000000
42.433333,0.00000000
42.450000,0.00047937
42.466667,0.00000000
42.483333,0.00000000
42.500000,0.00004548
42.516667,0.00015137
42.533333,0.00028241
42.550000,0.00065487
42.566667,0.00047135
42.583333,0.00086871
42.600000,0.00027048
42.616667,0.00000000
42.633333,0.00000000
42.650000,0.00000000
42.666667,0.00000000
42.683333,0.00000000
42.700000,0.00061858
42.716667,0.00035184
42.733333,0.00000000
42.750000,0.00000989
42.766667,0.00000000
42.783333,0.00000000
42.800000,0.00001881
42.816667,0.00059947
42.833333,0.00018058
42.850000,0.00000000
42.866667,0.00014311
42.883333,0.00015840
42.900000,0.00003524
42.916667,0.00000000
42.933333,0.00040000
42.950000,0.00000000
42.966667,0.00000000
42.983333,0.00000000
43.000000,0.00000000
43.016667,0.00000000
43.033333,0.00000000
43.050000,0.00058278
43.066667,0.00042895
43.083333,0.00000000
43.100000,0.00000000
43.116667,0.00000000
43.133333,0.00005228
43.150000,0.00000000
43.166667,0.00000000
43.183333,0.00025210
43.200000,0.00009614
43.216667,0.00029656
43.233333,0.00000000
43.250000,0.00069568
43.266667,0.00000000
43.283333,0.00000000
43.300000,0.00000000
43.316667,0.00052467
43.333333,0.00000000
43.350000,0.00018508
43.366667,0.00000000
43.383333,0.00000000
43.400000,0.00050904
43.416667,0.00000000
43.433333,0.00002239
43.450000,0.00012175
43.466667,0.00026464
43.483333,0.00019494
43.500000,0.00021171
43.516667,0.00000000
43.533333,0.00000000
43.550000,0.00000000
43.566667,0.00073063
43.583333,0.00000000
43.600000,0.00000000
43.616667,0.00029798
43.633333,0.00000000
43.650000,0.00000000
43.666667,0.00000000
43.683333,0.00022101
43.700000,0.00018952
43.716667,0.00027886
43.733333,0.00000000
43.750000,0.00000000
43.766667,0.00005204
43.783333,0.00010213
43.800000,0.00006758
43.816667,0.00000000
43.833333,0.00000000
43.850000,0.00041458
43.866667,0.00000000
43.883333,0.00005576
43.900000,0.00003864
43.916667,0.00061404
43.933333,0.00050655
43.950000,0.00023657
43.966667,0.00014251
43.983333,0.00000000
44.000000,0.00044129
44.016667,0.00039905
44.033333,0.00033437
44.050000,0.00000000
44.066667,0.00049116
44.083333,0.00000000
44.100000,0.00000000
44.116667,0.00005294
44.133333,0.00000000
44.150000,0.00045790
44.166667,0.00009066
44.183333,0.00015114
44.200000,0.00000111
44.216667,0.00033606
44.233333,0.00041441
44.250000,0.00003533
44.266667,0.00000000
44.283333,0.00000000
44.300000,0.00017805
44.316667,0.00002191
44.333333,0.00084580
44.350000,0.00000000
44.366667,0.00005272
44.383333,0.00004805
44.400000,0.00000000
44.416667,0.00000000
44.433333,0.00000000
44.450000,0.00006304
44.466667,0.00002267
44.483333,0.00005218
44.500000,0.00000000
44.516667,0.00000000
44.533333,0.00000000
44.550000,0.00041743
44.566667,0.00032536
44.583333,0.00000000
44.600000,0.00079180
44.616667,0.00000000
44.633333,0.00000000
44.650000,0.00000000
44.666667,0.00021241
44.683333,0.00018275
44.700000,0.00036661
44.716667,0.00000000
44.733333,0.00000000
44.750000,0.00019610
44.766667,0.00000000
44.783333,0.00004996
44.800000,0.00000987
44.816667,0.00000000
44.833333,0.00055510
44.850000,0.00058239
44.866667,0.00000000
44.883333,0.00008436
44.900000,0.00046307
44.916667,0.00000000
44.933333,0.00026765
44.950000,0.00020034
44.966667,0.00000000
44.983333,0.00006929
45.000000,0.00040127
45.016667,0.00000000
45.033333,0.00078876
45.050000,0.00003395
45.066667,0.00008942
45.083333,0.00000000
45.100000,0.00005694
45.116667,0.00005405
45.133333,0.00000000
45.150000,0.00005002
45.166667,0.00029117
45.183333,0.00000000
45.200000,0.00000000
45.216667,0.00000000
45.233333,0.00020479
45.250000,0.00086898
45.266667,0.00000000
45.283333,0.00061142
45.300000,0.00015690
45.316667,0.00020444
45.333333,0.00000000
45.350000,0.00000000
45.366667,0.00030951
45.383333,0.00000000
45.400000,0.00000000
45.416667,0.00042342
45.433333,0.00036389
45.450000,0.00030686
45.466667,0.00000000
45.483333,0.00010123
45.500000,0.00000000
45.516667,0.00000000
45.533333,0.00035343
45.550000,0.00000000
45.566667,0.00000000
45.583333,0.00000000
45.600000,0.00001053
45.616667,0.00000000
45.633333,0.00010735
45.650000,0.00021630
45.666667,0.00013101
45.683333,0.00000000
45.700000,0.00000000
45.716667,0.00035870
45.733333,0.00000000
45.750000,0.00011433
45.766667,0.00000000
45.783333,0.00000000
45.800000,0.00000000
45.816667,0.00000000
45.833333,0.00000000
45.850000,0.00068188
45.866667,0.00000000
45.883333,0.00115043
45.900000,0.00000000
45.916667,0.00008921
45.933333,0.00002652
45.950000,0.00000000
45.966667,0.00038792
45.983333,0.00026510
46.000000,0.00000000
46.016667,0.00000000
46.033333,0.00038691
46.050000,0.00016680
46.066667,0.00000000
46.083333,0.00104958
46.100000,0.00044640
46.116667,0.00000000
46.133333,0.00000000
46.150000,0.00000000
46.166667,0.00041136
46.183333,0.00000000
46.200000,0.00000000
46.216667,0.00000000
46.233333,0.00000000
46.250000,0.00000000
46.266667,0.00022479
46.283333,0.00000000
46.300000,0.00008394
46.316667,0.00023837
46.333333,0.00017891
46.350000,0.00000000
46.366667,0.00003662
46.383333,0.00000000
46.400000,0.00000000
46.416667,0.00026879
46.433333,0.00020952
46.450000,0.00003152
46.466667,0.00033392
46.483333,0.00000000
46.500000,0.00003730
46.516667,0.00069335
46.533333,0.00000000
46.550000,0.00000000
46.566667,0.00067217
46.583333,0.00000000
46.600000,0.00022848
46.616667,0.00000000
46.633333,0.00036764
46.650000,0.00000000
46.666667,0.00026848
46.683333,0.00000000
46.700000,0.00000000
46.716667,0.00000000
46.733333,0.00000000
46.750000,0.00000000
46.766667,0.00037615
46.783333,0.00006459
46.800000,0.00058675
46.816667,0.00000000
46.833333,0.00000000
46.850000,0.00000000
46.866667,0.00031090
46.883333,0.00010185
46.900000,0.00062911
46.916667,0.00009335
46.933333,0.00000000
46.950000,0.00006466
46.966667,0.00000000
46.983333,0.00000000
47.000000,0.00000000
47.016667,0.00000000
47.033333,0.00040934
47.050000,0.00010704
47.066667,0.00048901
47.083333,0.00042823
47.100000,0.00003099
47.116667,0.00000000
47.133333,0.00046476
47.150000,0.00005224
47.166667,0.00000000
47.183333,0.00000000
47.200000,0.00000000
47.216667,0.00016111
47.233333,0.00016483
47.250000,0.00000000
47.266667,0.00000000
47.283333,0.00019878
47.300000,0.00000000
47.316667,0.00053226
47.333333,0.00000074
47.350000,0.00114770
47.366667,0.00007486
47.383333,0.00014861
47.400000,0.00000000
47.416667,0.00003113
47.433333,0.00000000
47.450000,0.00022261
47.466667,0.00064131
47.483333,0.00074098
47.500000,0.00000000
47.516667,0.00081239
47.533333,0.00017775
47.550000,0.00013352
47.566667,0.00050341
47.583333,0.00000000
47.600000,0.00000000
47.616667,0.00024945
47.633333,0.00005030
47.650000,0.00041951
47.666667,0.00000000
47.683333,0.00011793
47.700000,0.00006510
47.716667,0.00000000
47.733333,0.00029700
47.750000,0.00000000
47.766667,0.00000000
47.783333,0.00062446
47.800000,0.00000000
47.816667,0.00000000
47.833333,0.00000000
47.850000,0.00074618
47.866667,0.00000000
47.883333,0.00000000
47.900000,0.00000000
47.916667,0.00010107
47.933333,0.00000000
47.950000,0.00014602
47.966667,0.00000000
47.983333,0.00000000
48.000000,0.00000000
48.016667,0.00000000
48.033333,0.00039821
48.050000,0.00062512
48.066667,0.00013488
48.083333,0.00000000
48.100000,0.00000000
48.116667,0.00000000
48.133333,0.00000000
48.150000,0.00000000
48.166667,0.00000000
48.183333,0.00001857
48.200000,0.00000000
48.216667,0.00000000
48.233333,0.00034613
48.250000,0.00062210
48.266667,0.00000000
48.283333,0.00000000
48.300000,0.00000000
48.316667,0.00056873
48.333333,0.00000000
48.350000,0.00000000
48.366667,0.00029223
48.383333,0.00000000
48.400000,0.00000000
48.416667,0.00020220
48.433333,0.00000000
48.450000,0.00001177
48.466667,0.00000000
48.483333,0.00000000
48.500000,0.00000000
48.516667,0.00000000
48.533333,0.00013556
48.550000,0.00000000
48.566667,0.00025670
48.583333,0.00000000
48.600000,0.00000000
48.616667,0.00000000
48.633333,0.00000000
48.650000,0.00024743
48.666667,0.00011380
48.683333,0.00043365
48.700000,0.00004591
48.716667,0.00000000
48.733333,0.00010484
48.750000,0.00000000
48.766667,0.00000000
48.783333,0.00000000
48.800000,0.00002839
48.816667,0.00058599
48.833333,0.00000000
48.850000,0.00000000
48.866667,0.00045996
48.883333,0.00000000
48.900000,0.00000000
48.916667,0.00000000
48.933333,0.00000000
48.950000,0.00000000
48.966667,0.00000000
48.983333,0.00052669
49.000000,0.00018953
49.016667,0.00000000
49.033333,0.00000000
49.050000,0.00000000
49.066667,0.00006939
49.083333,0.00015347
49.100000,0.00036850
49.116667,0.00000000
49.133333,0.00000000
49.150000,0.00016003
49.166667,0.00000000
49.183333,0.00000000
49.200000,0.00000000
49.216667,0.00000000
49.233333,0.00000000
49.250000,0.00064370
49.266667,0.00021838
49.283333,0.00010445
49.300000,0.00023527
49.316667,0.00000000
49.333333,0.00039067
49.350000,0.00000000
49.366667,0.00017435
49.383333,0.00000000
49.400000,0.00000000
49.416667,0.00010184
49.433333,0.00072527
49.450000,0.00000000
49.466667,0.00000000
49.483333,0.00039006
49.500000,0.00052964
49.516667,0.00000000
49.533333,0.00012370
49.550000,0.00000000
49.566667,0.00000000
49.583333,0.00000000
49.600000,0.00000000
49.616667,0.00010458
49.633333,0.00000000
49.650000,0.00000000
49.666667,0.00000000
49.683333,0.00000000
49.700000,0.00000000
49.716667,0.00041295
49.733333,0.00060073
49.750000,0.00000000
49.766667,0.00000000
49.783333,0.00000000
49.800000,0.00006420
49.816667,0.00000000
49.833333,0.00061878
49.850000,0.00000000
49.866667,0.00009508
49.883333,0.00000000
49.900000,0.00000000
49.916667,0.00000000
49.933333,0.00000000
49.950000,0.00000000
49.966667,0.00018917
49.983333,0.00000000
50.000000,0.00019965
50.016667,0.00032731
50.033333,0.00025224
50.050000,0.00000000
50.066667,0.00021252
50.083333,0.00000000
50.100000,0.00031695
50.116667,0.00000000
50.133333,0.00000000
50.150000,0.00000000
50.166667,0.00005535
50.183333,0.00023382
50.200000,0.00000000
50.216667,0.00030910
50.233333,0.00027387
50.250000,0.00039258
50.266667,0.00000000
50.283333,0.00021825
50.300000,0.00021228
50.316667,0.00000000
50.333333,0.00000000
50.350000,0.00000000
50.366667,0.00028094
50.383333,0.00000000
50.400000,0.00028351
50.416667,0.00041798
50.433333,0.00000000
50.450000,0.00081919
50.466667,0.00027809
50.483333,0.00000000
50.500000,0.00002505
50.516667,0.00027726
50.533333,0.00040902
50.550000,0.00043911
50.566667,0.00000000
50.583333,0.00007649
50.600000,0.00009021
50.616667,0.00014417
50.633333,0.00062572
50.650000,0.00038632
50.666667,0.00000000
50.683333,0.00000438
50.700000,0.00000000
50.716667,0.00002300
50.733333,0.00004743
50.750000,0.00095617
50.766667,0.00000000
50.783333,0.00032105
50.800000,0.00000000
50.816667,0.00061758
50.833333,0.00000000
50.850000,0.00026831
50.866667,0.00000000
50.883333,0.00013936
50.900000,0.00000000
50.916667,0.00025449
50.933333,0.00000000
50.950000,0.00000000
50.966667,0.00002767
50.983333,0.00000000
51.000000,0.00000000
51.016667,0.00000000
51.033333,0.00027593
51.050000,0.00009252
51.066667,0.00011950
51.083333,0.00000000
51.100000,0.00000000
51.116667,0.00036292
51.133333,0.00024867
51.150000,0.00000000
51.166667,0.00030998
51.183333,0.00000000
51.200000,0.00000910
51.216667,0.00000000
51.233333,0.00000000
51.250000,0.00017692
51.266667,0.00032203
51.283333,0.00058707
51.300000,0.00000000
51.316667,0.00024782
51.333333,0.00093487
51.350000,0.00000000
51.366667,0.00000000
51.383333,0.00000000
51.400000,0.00000000
51.416667,0.00000000
51.433333,0.00000000
51.450000,0.00000000
51.466667,0.00005605
51.483333,0.00000000
51.500000,0.00000000
51.516667,0.00060616
51.533333,0.00020980
51.550000,0.00000000
51.566667,0.00000000
51.583333,0.00002235
51.600000,0.00016279
51.616667,0.00053819
51.633333,0.00080368
51.650000,0.00000000
51.666667,0.00000000
51.683333,0.00000000
51.700000,0.00000000
51.716667,0.00000000
51.733333,0.00000000
51.750000,0.00021938
51.766667,0.00000000
51.783333,0.00020719
51.800000,0.00000000
51.816667,0.00000000
51.833333,0.00013025
51.850000,0.00017748
51.866667,0.00000000
51.883333,0.00017134
51.900000,0.00000000
51.916667,0.00051653
51.933333,0.00043504
51.950000,0.00013219
51.966667,0.00007950
51.983333,0.00014640
52.000000,0.00000000
52.016667,0.00000000
52.033333,0.00001975
52.050000,0.00047415
52.066667,0.00000651
52.083333,0.00004278
52.100000,0.00000000
52.116667,0.00000000
52.133333,0.00041711
52.150000,0.00000000
52.166667,0.00000000
52.183333,0.00000000
52.200000,0.00042799
52.216667,0.00029573
52.233333,0.00000000
52.250000,0.00021888
52.266667,0.00000000
52.283333,0.00000000
52.300000,0.00036544
52.316667,0.00020232
52.333333,0.00008077
52.350000,0.00000000
52.366667,0.00007488
52.383333,0.00082331
52.400000,0.00008811
52.416667,0.00023561
52.433333,0.00001075
52.450000,0.00022038
52.466667,0.00023165
52.483333,0.00013708
52.500000,0.00000000
52.516667,0.00095231
52.533333,0.00000000
52.550000,0.00040967
52.566667,0.00007569
52.583333,0.00039800
52.600000,0.00027223
52.616667,0.00000000
52.633333,0.00000000
52.650000,0.00000000
52.666667,0.00000000
52.683333,0.00010599
52.700000,0.00065175
52.716667,0.00000000
52.733333,0.00000000
52.750000,0.00004550
52.766667,0.00016210
52.783333,0.00032855
52.800000,0.00000000
52.816667,0.00034259
52.833333,0.00000000
52.850000,0.00000000
52.866667,0.00000000
52.883333,0.00046696
52.900000,0.00060741
52.916667,0.00036604
52.933333,0.00000000
52.950000,0.00052417
52.966667,0.00004372
52.983333,0.00000000
53.000000,0.00046680
53.016667,0.00000000
53.033333,0.00000000
53.050000,0.00000000
53.066667,0.00046761
53.083333,0.00000000
53.100000,0.00000167
53.116667,0.00000000
53.133333,0.00000000
53.150000,0.00022230
53.166667,0.00022854
53.183333,0.00000000
53.200000,0.00025351
53.216667,0.00000000
53.233333,0.00063150
53.250000,0.00000000
53.266667,0.00012472
53.283333,0.00000000
53.300000,0.00000000
53.316667,0.00000000
53.333333,0.00012268
53.350000,0.00089029
53.366667,0.00000000
53.383333,0.00000000
53.400000,0.00000000
53.416667,0.00000000
53.433333,0.00000000
53.450000,0.00000000
53.466667,0.00023080
53.483333,0.00038799
53.500000,0.00035410
53.516667,0.00000000
53.533333,0.00060244
53.550000,0.00000000
53.566667,0.00030610
53.583333,0.00004910
53.600000,0.00000000
53.616667,0.00030638
53.633333,0.00033618
53.650000,0.00000000
53.666667,0.00043976
53.683333,0.00000000
53.700000,0.00000000
53.716667,0.00060455
53.733333,0.00028021
53.750000,0.00000000
53.766667,0.00000000
53.783333,0.00021129
53.800000,0.00050886
53.816667,0.00000000
53.833333,0.00000000
53.850000,0.00008045
53.866667,0.00000000
53.883333,0.00029064
53.900000,0.00030210
53.916667,0.00020246
53.933333,0.00000000
53.950000,0.00034543
53.966667,0.00000000
53.983333,0.00030030
54.000000,0.00000000
54.016667,0.00000000
54.033333,0.00029230
54.050000,0.00000000
54.066667,0.00000000
54.083333,0.00000000
54.100000,0.00009320
54.116667,0.00015626
54.133333,0.00000000
54.150000,0.00000000
54.166667,0.00000000
54.183333,0.00000000
54.200000,0.00026966
54.216667,0.00028232
54.233333,0.00063982
54.250000,0.00000000
54.266667,0.00000000
54.283333,0.00000000
54.300000,0.00059880
54.316667,0.00029669
54.333333,0.00000000
54.350000,0.00000000
54.366667,0.00074314
54.383333,0.00000000
54.400000,0.00027636
54.416667,0.00000000
54.433333,0.00000000
54.450000,0.00000000
54.466667,0.00005034
54.483333,0.00000000
54.500000,0.00044682
54.516667,0.00004831
54.533333,0.00000000
54.550000,0.00007629
54.566667,0.00013418
54.583333,0.00000000
54.600000,0.00000000
54.616667,0.00031438
54.633333,0.00000000
54.650000,0.00000000
54.666667,0.00048689
54.683333,0.00022345
54.700000,0.00000000
54.716667,0.00000000
54.733333,0.00035783
54.750000,0.00000000
54.766667,0.00000000
54.783333,0.00004185
54.800000,0.00011992
54.816667,0.00000000
54.833333,0.00055478
54.850000,0.00058085
54.866667,0.00055436
54.883333,0.00007124
54.900000,0.00000000
54.916667,0.00019474
54.933333,0.00048729
54.950000,0.00000000
54.966667,0.00000000
54.983333,0.00063454
55.000000,0.00071941
55.016667,0.00000000
55.033333,0.00036865
55.050000,0.00000000
55.066667,0.00000000
55.083333,0.00002881
55.100000,0.00000000
55.116667,0.00000000
55.133333,0.00000000
55.150000,0.00000000
55.166667,0.00061294
55.183333,0.00000000
55.200000,0.00063384
55.216667,0.00016608
55.233333,0.00050392
55.250000,0.00000000
55.266667,0.00000000
55.283333,0.00023025
55.300000,0.00043339
55.316667,0.00032628
55.333333,0.00000000
55.350000,0.00000000
55.366667,0.00043529
55.383333,0.00000696
55.400000,0.00042118
55.416667,0.00038085
55.433333,0.00028027
55.450000,0.00000000
55.466667,0.00000000
55.483333,0.00000000
55.500000,0.00000000
55.516667,0.00000000
55.533333,0.00000000
55.550000,0.00024872
55.566667,0.00000000
55.583333,0.00000000
55.600000,0.00000000
55.616667,0.00005637
55.633333,0.00019783
55.650000,0.00000000
55.666667,0.00056354
55.683333,0.00000000
55.700000,0.00000000
55.716667,0.00014630
55.733333,0.00000000
55.750000,0.00000000
55.766667,0.00028691
55.783333,0.00000000
55.800000,0.00088551
55.816667,0.00049109
55.833333,0.00084596
55.850000,0.00049811
55.866667,0.00010825
55.883333,0.00000000
55.900000,0.00006199
55.916667,0.00000000
55.933333,0.00015889
55.950000,0.00033468
55.966667,0.00038577
55.983333,0.00073400
56.000000,0.00000000
56.016667,0.00000000
56.033333,0.00000000
56.050000,0.00052896
56.066667,0.00003647
56.083333,0.00064447
56.100000,0.00050317
56.116667,0.00000000
56.133333,0.00039467
56.150000,0.00000000
56.166667,0.00000700
56.183333,0.00000000
56.200000,0.00000000
56.216667,0.00000000
56.233333,0.00035479
56.250000,0.00021146
56.266667,0.00004139
56.283333,0.00020732
56.300000,0.00008217
56.316667,0.00062052
56.333333,0.00006705
56.350000,0.00065562
56.366667,0.00000000
56.383333,0.00000000
56.400000,0.00000000
56.416667,0.00103817
56.433333,0.00047346
56.450000,0.00000000
56.466667,0.00000000
56.483333,0.00035957
56.500000,0.00000000
56.516667,0.00071344
56.533333,0.00011099
56.550000,0.00000000
56.566667,0.00006308
56.583333,0.00032260
56.600000,0.00000000
56.616667,0.00043717
56.633333,0.00000000
56.650000,0.00000000
56.666667,0.00007456
56.683333,0.00000000
56.700000,0.00000000
56.716667,0.00050927
56.733333,0.00052588
56.750000,0.00000000
56.766667,0.00000000
56.783333,0.00000417
56.800000,0.00000000
56.816667,0.00000000
56.833333,0.00000000
56.850000,0.00017947
56.866667,0.00000000
56.883333,0.00026813
56.900000,0.00039272
56.916667,0.00000000
56.933333,0.00001888
56.950000,0.00000000
56.966667,0.00031171
56.983333,0.00000000
57.000000,0.00000000
57.016667,0.00000000
57.033333,0.00000000
57.050000,0.00000000
57.066667,0.00066239
57.083333,0.00000000
57.100000,0.00000000
57.116667,0.00006199
57.133333,0.00000000
57.150000,0.00000000
57.166667,0.00009099
57.183333,0.00000000
57.200000,0.00000000
57.216667,0.00045630
57.233333,0.00020459
57.250000,0.00000000
57.266667,0.00026610
57.283333,0.00000000
57.300000,0.00022957
57.316667,0.00014011
57.333333,0.00000000
57.350000,0.00000000
57.366667,0.00054969
57.383333,0.00050824
57.400000,0.00000000
57.416667,0.00000000
57.433333,0.00000000
57.450000,0.00000000
57.466667,0.00000000
57.483333,0.00000000
57.500000,0.00000000
57.516667,0.00000000
57.533333,0.00000000
57.550000,0.00009269
57.566667,0.00000000
57.583333,0.00055872
57.600000,0.00000000
57.616667,0.00016780
57.633333,0.00024781
57.650000,0.00032189
57.666667,0.00000000
57.683333,0.00037178
57.700000,0.00000286
57.716667,0.00000000
57.733333,0.00000000
57.750000,0.00000000
57.766667,0.00014291
57.783333,0.00000000
57.800000,0.00000000
57.816667,0.00000000
57.833333,0.00000000
57.850000,0.00000000
57.866667,0.00000000
57.883333,0.00000000
57.900000,0.00061397
57.916667,0.00000000
57.933333,0.00000630
57.950000,0.00000000
57.966667,0.00000000
57.983333,0.00083687
58.000000,0.00018956
58.016667,0.00000000
58.033333,0.00000000
58.050000,0.00044590
58.066667,0.00000000
58.083333,0.00000000
58.100000,0.00006151
58.116667,0.00047746
58.133333,0.00000000
58.150000,0.00000000
58.166667,0.00000000
58.183333,0.00032936
58.200000,0.00038495
58.216667,0.00061063
58.233333,0.00000000
58.250000,0.00000000
58.266667,0.00028143
58.283333,0.00000000
58.300000,0.00017314
58.316667,0.00051761
58.333333,0.00005541
58.350000,0.00000000
58.366667,0.00000000
58.383333,0.00000000
58.400000,0.00013704
58.416667,0.00000000
58.433333,0.00000000
58.450000,0.00051045
58.466667,0.00000000
58.483333,0.00011930
58.500000,0.00000000
58.516667,0.00000000
58.533333,0.00000000
58.550000,0.00000000
58.566667,0.00000000
58.583333,0.00063351
58.600000,0.00000000
58.616667,0.00057850
58.633333,0.00000000
58.650000,0.00011867
58.666667,0.00034631
58.683333,0.00000000
58.700000,0.00009180
58.716667,0.00004542
58.733333,0.00000000
58.750000,0.00044772
58.766667,0.00000000
58.783333,0.00000000
58.800000,0.00065333
58.816667,0.00036530
58.833333,0.00001102
58.850000,0.00056678
58.866667,0.00000000
58.883333,0.00031338
58.900000,0.00000000
58.916667,0.00020951
58.933333,0.00006636
58.950000,0.00000000
58.966667,0.00000000
58.983333,0.00000000
59.000000,0.00000000
59.016667,0.00061417
59.033333,0.00000000
59.050000,0.00000000
59.066667,0.00012133
59.083333,0.00000000
59.100000,0.00000000
59.116667,0.00000000
59.133333,0.00058128
59.150000,0.00000000
59.166667,0.00000000
59.183333,0.00000000
59.200000,0.00000000
59.216667,0.00109325
59.233333,0.00062773
59.250000,0.00008634
59.266667,0.00000000
59.283333,0.00000000
59.300000,0.00000000
59.316667,0.00025451
59.333333,0.00000000
59.350000,0.00009209
59.366667,0.00030753
59.383333,0.00024168
59.400000,0.00019336
59.416667,0.00000000
59.433333,0.00000000
59.450000,0.00032923
59.466667,0.00022573
59.483333,0.00000000
59.500000,0.00022894
59.516667,0.00025603
59.533333,0.00000000
59.550000,0.00003006
59.566667,0.00000000
59.583333,0.00047971
59.600000,0.00000000
59.616667,0.00000000
59.633333,0.00000000
59.650000,0.00000000
59.666667,0.00043170
59.683333,0.00028491
59.700000,0.00013072
59.716667,0.00000000
59.733333,0.00000000
59.750000,0.00000000
59.766667,0.00000000
59.783333,0.00013400
59.800000,0.00026935
59.816667,0.00038101
59.833333,0.00000000
59.850000,0.00000000
59.866667,0.00009109
59.883333,0.00000000
59.900000,0.00000000
59.916667,0.00000000
59.933333,0.00000000
59.950000,0.00026140
59.966667,0.00000000
59.983333,0.00000000
60.000000,0.00037689
60.016667,0.00000000
60.033333,0.00000000
60.050000,0.00017130
60.066667,0.00021384
60.083333,0.00000000
60.100000,0.00014946
60.116667,0.00047715
60.133333,0.00000000
60.150000,0.00000000
60.166667,0.00000000
60.183333,0.00028989
60.200000,0.00069305
60.216667,0.00000000
60.233333,0.00008685
60.250000,0.00052340
60.266667,0.00008661
60.283333,0.00029648
60.300000,0.00061911
60.316667,0.00012182
60.333333,0.00000000
60.350000,0.00000000
60.366667,0.00027915
60.383333,0.00000000
60.400000,0.00070168
60.416667,0.00000000
60.433333,0.00022894
60.450000,0.00000000
60.466667,0.00000000
60.483333,0.00000000
60.500000,0.00000000
60.516667,0.00000000
60.533333,0.00000000
60.550000,0.00000000
60.566667,0.00000000
60.583333,0.00008448
60.600000,0.00000000
60.616667,0.00025196
60.633333,0.00000000
60.650000,0.00000000
60.666667,0.00006158
60.683333,0.00023928
60.700000,0.00032403
60.716667,0.00049676
60.733333,0.00012699
60.750000,0.00000000
60.766667,0.00066970
60.783333,0.00007982
60.800000,0.00000000
60.816667,0.00000000
60.833333,0.00000000
60.850000,0.00000000
60.866667,0.00000000
60.883333,0.00000710
60.900000,0.00049425
60.916667,0.00048639
60.933333,0.00000000
60.950000,0.00030225
60.966667,0.00000000
60.983333,0.00000000
61.000000,0.00034240
61.016667,0.00000000
61.033333,0.00000000
61.050000,0.00000000
61.066667,0.00000000
61.083333,0.00018667
61.100000,0.00032698
61.116667,0.00036567
61.133333,0.00000000
61.150000,0.00017047
61.166667,0.00000000
61.183333,0.00000000
61.200000,0.00000000
61.216667,0.00017880
61.233333,0.00000000
61.250000,0.00000000
61.266667,0.00000000
61.283333,0.00000000
61.300000,0.00021057
61.316667,0.00000000
61.333333,0.00002466
61.350000,0.00002351
61.366667,0.00002163
61.383333,0.00000000
61.400000,0.00000000
61.416667,0.00000000
61.433333,0.00015163
61.450000,0.00020893
61.466667,0.00000000
61.483333,0.00000000
61.500000,0.00047327
61.516667,0.00000000
61.533333,0.00000000
61.550000,0.00013954
61.566667,0.00000000
61.583333,0.00022318
61.600000,0.00000000
61.616667,0.00042120
61.633333,0.00072839
61.650000,0.00051199
61.666667,0.00000000
61.683333,0.00000000
61.700000,0.00000000
61.716667,0.00000000
61.733333,0.00030721
61.750000,0.00000000
61.766667,0.00000000
61.783333,0.00025717
61.800000,0.00000000
61.816667,0.00017008
61.833333,0.00038127
61.850000,0.00000000
61.866667,0.00010136
61.883333,0.00000000
61.900000,0.00000000
61.916667,0.00027975
61.933333,0.00000000
61.950000,0.00000000
61.966667,0.00000000
61.983333,0.00034753
62.000000,0.00000000
62.016667,0.00000000
62.033333,0.00010286
62.050000,0.00000000
62.066667,0.00030411
62.083333,0.00000000
62.100000,0.00000777
62.116667,0.00012748
62.133333,0.00000000
62.150000,0.00000000
62.166667,0.00000000
62.183333,0.00048877
62.200000,0.00000000
62.216667,0.00029811
62.233333,0.00017694
62.250000,0.00018824
62.266667,0.00018507
62.283333,0.00000000
62.300000,0.00040286
62.316667,0.00000000
62.333333,0.00000000
62.350000,0.00000000
62.366667,0.00001611
62.383333,0.00039071
62.400000,0.00000000
62.416667,0.00026982
62.433333,0.00000000
62.450000,0.00000000
62.466667,0.00039095
62.483333,0.00090592
62.500000,0.00000000
62.516667,0.00054892
62.533333,0.00000000
62.550000,0.00017619
62.566667,0.00000000
62.583333,0.00000000
62.600000,0.00000000
62.616667,0.00000000
62.633333,0.00000000
62.650000,0.00010022
62.666667,0.00019149
62.683333,0.00044135
62.700000,0.00000000
62.716667,0.00000000
62.733333,0.00000000
62.750000,0.00018280
62.766667,0.00003970
62.783333,0.00000000
62.800000,0.00000000
62.816667,0.00042561
62.833333,0.00000000
62.850000,0.00000000
62.866667,0.00029675
62.883333,0.00000000
62.900000,0.00049254
62.916667,0.00006377
62.933333,0.00015848
62.950000,0.00000000
62.966667,0.00000000
62.983333,0.00006344
63.000000,0.00034262
63.016667,0.00041350
63.033333,0.00000903
63.050000,0.00000000
63.066667,0.00030702
63.083333,0.00020344
63.100000,0.00024256
63.116667,0.00000000
63.133333,0.00000000
63.150000,0.00000604
63.166667,0.00020007
63.183333,0.00017788
63.200000,0.00001767
63.216667,0.00000000
63.233333,0.00056596
63.250000,0.00000000
63.266667,0.00000000
63.283333,0.00045487
63.300000,0.00002585
63.316667,0.00000000
63.333333,0.00034493
63.350000,0.00000000
63.366667,0.00020784
63.383333,0.00012127
63.400000,0.00012942
63.416667,0.00000000
63.433333,0.00025125
63.450000,0.00003048
63.466667,0.00025702
63.483333,0.00000000
63.500000,0.00026197
63.516667,0.00000000
63.533333,0.00006756
63.550000,0.00000000
63.566667,0.00007082
63.583333,0.00000000
63.600000,0.00000000
63.616667,0.00045017
63.633333,0.00000000
63.650000,0.00000000
63.666667,0.00015783
63.683333,0.00086659
63.700000,0.00021070
63.716667,0.00000000
63.733333,0.00000000
63.750000,0.00000000
63.766667,0.00023182
63.783333,0.00030274
63.800000,0.00005259
63.816667,0.00000000
63.833333,0.00000000
63.850000,0.00000000
63.866667,0.00000000
63.883333,0.00006951
63.900000,0.00056099
63.916667,0.00007654
63.933333,0.00000000
63.950000,0.00000000
63.966667,0.00000000
63.983333,0.00004933
64.000000,0.00000000
64.016667,0.00054292
64.033333,0.00000000
64.050000,0.00000000
64.066667,0.00023366
64.083333,0.00053112
64.100000,0.00000000
64.116667,0.00016226
64.133333,0.00004742
64.150000,0.00000000
64.166667,0.00032334
64.183333,0.00038862
64.200000,0.00009533
64.216667,0.00002282
64.233333,0.00000000
64.250000,0.00000000
64.266667,0.00077482
64.283333,0.00000000
64.300000,0.00000000
64.316667,0.00000000
64.333333,0.00017292
64.350000,0.00012762
64.366667,0.00012323
64.383333,0.00000000
64.400000,0.00000000
64.416667,0.00016885
64.433333,0.00000000
64.450000,0.00033661
64.466667,0.00000000
64.483333,0.00000000
64.500000,0.00000000
64.516667,0.00000000
64.533333,0.00023420
64.550000,0.00036556
64.566667,0.00000000
64.583333,0.00000000
64.600000,0.00045701
64.616667,0.00000000
64.633333,0.00000000
64.650000,0.00030281
64.666667,0.00000000
64.683333,0.00024542
64.700000,0.00001590
64.716667,0.00004765
64.733333,0.00037094
64.750000,0.00013846
64.766667,0.00011321
64.783333,0.00000000
64.800000,0.00000000
64.816667,0.00014719
64.833333,0.00066852
64.850000,0.00018434
64.866667,0.00014127
64.883333,0.00000000
64.900000,0.00026314
64.916667,0.00054773
64.933333,0.00000740
64.950000,0.00000000
64.966667,0.00071206
64.983333,0.00000000
65.000000,0.00000000
65.016667,0.00038335
65.033333,0.00000000
65.050000,0.00000000
65.066667,0.00000000
65.083333,0.00040624
65.100000,0.00000000
65.116667,0.00000000
65.133333,0.00025653
65.150000,0.00032085
65.166667,0.00036912
65.183333,0.00000000
65.200000,0.00026655
65.216667,0.00002621
65.233333,0.00000000
65.250000,0.00000000
65.266667,0.00041870
65.283333,0.00024706
65.300000,0.00000000
65.316667,0.00000000
65.333333,0.00000000
65.350000,0.00018832
65.366667,0.00015237
65.383333,0.00027692
65.400000,0.00004725
65.416667,0.00021122
65.433333,0.00000000
65.450000,0.00006897
65.466667,0.00010159
65.483333,0.00014772
65.500000,0.00037458
65.516667,0.00000000
65.533333,0.00000000
65.550000,0.00018398
65.566667,0.00000000
65.583333,0.00000000
65.600000,0.00000000
65.616667,0.00000000
65.633333,0.00015040
65.650000,0.00000000
65.666667,0.00060990
65.683333,0.00000000
65.700000,0.00024322
65.716667,0.00000000
65.733333,0.00000000
65.750000,0.00000000
65.766667,0.00024743
65.783333,0.00026557
65.800000,0.00000000
65.816667,0.00000000
65.833333,0.00016006
65.850000,0.00000000
65.866667,0.00035184
65.883333,0.00020722
65.900000,0.00000000
65.916667,0.00000000
65.933333,0.00000000
65.950000,0.00053407
65.966667,0.00078443
65.983333,0.00000000
66.000000,0.00000000
66.016667,0.00018645
66.033333,0.00063051
66.050000,0.00046344
66.066667,0.00000000
66.083333,0.00000000
66.100000,0.00000000
66.116667,0.00000000
66.133333,0.00000000
66.150000,0.00008477
66.166667,0.00000000
66.183333,0.00000000
66.200000,0.00000000
66.216667,0.00000000
66.233333,0.00005641
66.250000,0.00000000
66.266667,0.00013708
66.283333,0.00034731
66.300000,0.00017909
66.316667,0.00032176
66.333333,0.00000000
66.350000,0.00000000
66.366667,0.00033752
66.383333,0.00008384
66.400000,0.00051918
66.416667,0.00001543
66.433333,0.00048050
66.450000,0.00000000
66.466667,0.00000000
66.483333,0.00000000
66.500000,0.00033349
66.516667,0.00055499
66.533333,0.00048431
66.550000,0.00007379
66.566667,0.00000000
66.583333,0.00000000
66.600000,0.00000000
66.616667,0.00000000
66.633333,0.00000653
66.650000,0.00009011
66.666667,0.00064095
66.683333,0.00000000
66.700000,0.00000000
66.716667,0.00000000
66.733333,0.00015496
66.750000,0.00040883
66.766667,0.00067751
66.783333,0.00011603
66.800000,0.00000000
66.816667,0.00063619
66.833333,0.00000000
66.850000,0.00041556
66.866667,0.00000000
66.883333,0.00000000
66.900000,0.00000000
66.916667,0.00000000
66.933333,0.00024908
66.950000,0.00000000
66.966667,0.00000000
66.983333,0.00011828
67.000000,0.00000000
67.016667,0.00012242
67.033333,0.00023030
67.050000,0.00000000
67.066667,0.00027416
67.083333,0.00000000
67.100000,0.00000000
67.116667,0.00000000
67.133333,0.00048117
67.150000,0.00000000
67.166667,0.00002413
67.183333,0.00000000
67.200000,0.00000000
67.216667,0.00028248
67.233333,0.00044327
67.250000,0.00009229
67.266667,0.00000324
67.283333,0.00038786
67.300000,0.00033788
67.316667,0.00013501
67.333333,0.00048525
67.350000,0.00008706
67.366667,0.00027767
67.383333,0.00010233
67.400000,0.00000000
67.416667,0.00020365
67.433333,0.00026822
67.450000,0.00000000
67.466667,0.00000000
67.483333,0.00027544
67.500000,0.00012194
67.516667,0.00010995
67.533333,0.00007381
67.550000,0.00000000
67.566667,0.00000000
67.583333,0.00001901
67.600000,0.00026331
67.616667,0.00050822
67.633333,0.00064803
67.650000,0.00070680
67.666667,0.00054276
67.683333,0.00002314
67.700000,0.00014640
67.716667,0.00059664
67.733333,0.00000000
67.750000,0.00000000
67.766667,0.00000000
67.783333,0.00008837
67.800000,0.00000000
67.816667,0.00000000
67.833333,0.00000000
67.850000,0.00013055
67.866667,0.00020134
67.883333,0.00000000
67.900000,0.00023042
67.916667,0.00000000
67.933333,0.00000000
67.950000,0.00040190
67.966667,0.00060841
67.983333,0.00017439
68.000000,0.00000000
68.016667,0.00020289
68.033333,0.00000000
68.050000,0.00000000
68.066667,0.00046240
68.083333,0.00000000
68.100000,0.00000000
68.116667,0.00000000
68.133333,0.00043477
68.150000,0.00010463
68.166667,0.00000000
68.183333,0.00000000
68.200000,0.00000000
68.216667,0.00038850
68.233333,0.00022520
68.250000,0.00019705
68.266667,0.00008896
68.283333,0.00000000
68.300000,0.00000000
68.316667,0.00000000
68.333333,0.00000000
68.350000,0.00000000
68.366667,0.00007640
68.383333,0.00000000
68.400000,0.00032320
68.416667,0.00000000
68.433333,0.00000000
68.450000,0.00061591
68.466667,0.00000000
68.483333,0.00024781
68.500000,0.00000000
68.516667,0.00000000
68.533333,0.00000000
68.550000,0.00000000
68.566667,0.00015651
68.583333,0.00000000
68.600000,0.00000000
68.616667,0.00000000
68.633333,0.00067256
68.650000,0.00000000
68.666667,0.00013432
68.683333,0.00000000
68.700000,0.00026441
68.716667,0.00000626
68.733333,0.00034275
68.750000,0.00000000
68.766667,0.00000000
68.783333,0.00000000
68.800000,0.00000000
68.816667,0.00000000
68.833333,0.00052794
68.850000,0.00000000
68.866667,0.00030489
68.883333,0.00010380
68.900000,0.00000000
68.916667,0.00000000
68.933333,0.00000000
68.950000,0.00039986
68.966667,0.00031596
68.983333,0.00004792
69.000000,0.00000000
69.016667,0.00000000
69.033333,0.00007364
69.050000,0.00000000
69.066667,0.00000000
69.083333,0.00000000
69.100000,0.00009738
69.116667,0.00000000
69.133333,0.00000000
69.150000,0.00022714
69.166667,0.00034481
69.183333,0.00000000
69.200000,0.00067346
69.216667,0.00000000
69.233333,0.00003675
69.250000,0.00000000
69.266667,0.00000000
69.283333,0.00020260
69.300000,0.00025140
69.316667,0.00050133
69.333333,0.00009453
69.350000,0.00023484
69.366667,0.00047872
69.383333,0.00000000
69.400000,0.00000000
69.416667,0.00044615
69.433333,0.00000000
69.450000,0.00036728
69.466667,0.00000000
69.483333,0.00018001
69.500000,0.00000000
69.516667,0.00000000
69.533333,0.00000000
69.550000,0.00000000
69.566667,0.00000000
69.583333,0.00000384
69.600000,0.00000000
69.616667,0.00055669
69.633333,0.00017592
69.650000,0.00017077
69.666667,0.00052987
69.683333,0.00052290
69.700000,0.00027243
69.716667,0.00000000
69.733333,0.00000000
69.750000,0.00000000
69.766667,0.00000000
69.783333,0.00048321
69.800000,0.00000000
69.816667,0.00000000
69.833333,0.00000000
69.850000,0.00000000
69.866667,0.00000000
69.883333,0.00037438
69.900000,0.00000000
69.916667,0.00000000
69.933333,0.00064723
69.950000,0.00000000
69.966667,0.00076548
69.983333,0.00017711
70.000000,0.00000000
70.016667,0.00014561
70.033333,0.00051723
70.050000,0.00000000
70.066667,0.00000000
70.083333,0.00013019
70.100000,0.00076843
70.116667,0.00004439
70.133333,0.00000000
70.150000,0.00001934
70.166667,0.00014265
70.183333,0.00005172
70.200000,0.00000000
70.216667,0.00000000
70.233333,0.00062796
70.250000,0.00000000
70.266667,0.00060212
70.283333,0.00000000
70.300000,0.00000000
70.316667,0.00037153
70.333333,0.00000000
70.350000,0.00015801
70.366667,0.00000000
70.383333,0.00000000
70.400000,0.00000000
70.416667,0.00112685
70.433333,0.00000000
70.450000,0.00033445
70.466667,0.00009513
70.483333,0.00000000
70.500000,0.00012583
70.516667,0.00000000
70.533333,0.00027258
70.550000,0.00000000
70.566667,0.00000000
70.583333,0.00000000
70.600000,0.00000000
70.616667,0.00049636
70.633333,0.00001536
70.650000,0.00000000
70.666667,0.00045529
70.683333,0.00007459
70.700000,0.00000000
70.716667,0.00023847
70.733333,0.00000000
70.750000,0.00063133
70.766667,0.00000000
70.783333,0.00023463
70.800000,0.00000000
70.816667,0.00053190
70.833333,0.00000000
70.850000,0.00000000
70.866667,0.00017299
70.883333,0.00000000
70.900000,0.00000000
70.916667,0.00000000
70.933333,0.00021008
70.950000,0.00073077
70.966667,0.00000000
70.983333,0.00000000
71.000000,0.00021143
71.016667,0.00033370
71.033333,0.00000000
71.050000,0.00000000
71.066667,0.00000000
71.083333,0.00017212
71.100000,0.00000000
71.116667,0.00000000
71.133333,0.00000000
71.150000,0.00000000
71.166667,0.00000000
71.183333,0.00057652
71.200000,0.00028015
71.216667,0.00000000
71.233333,0.00053604
71.250000,0.00035017
71.266667,0.00000000
71.283333,0.00000000
71.300000,0.00000000
71.316667,0.00027268
71.333333,0.00019442
71.350000,0.00000000
71.366667,0.00081388
71.383333,0.00008401
71.400000,0.00000000
71.416667,0.00000000
71.433333,0.00000000
71.450000,0.00000000
71.466667,0.00009863
71.483333,0.00022617
71.500000,0.00000000
71.516667,0.00000000
71.533333,0.00027861
71.550000,0.00000000
71.566667,0.00000000
71.583333,0.00013611
71.600000,0.00000000
71.616667,0.00011324
71.633333,0.00016717
71.650000,0.00045931
71.666667,0.00028431
71.683333,0.00000000
71.700000,0.00056059
71.716667,0.00024982
71.733333,0.00037338
71.750000,0.00000000
71.766667,0.00011883
71.783333,0.00000000
71.800000,0.00000000
71.816667,0.00000000
71.833333,0.00000000
71.850000,0.00030671
71.866667,0.00014972
71.883333,0.00000000
71.900000,0.00012062
71.916667,0.00036022
71.933333,0.00000000
71.950000,0.00000000
71.966667,0.00000000
71.983333,0.00002840
72.000000,0.00021621
72.016667,0.00000000
72.033333,0.00041086
72.050000,0.00000000
72.066667,0.00040029
72.083333,0.00000000
72.100000,0.00018350
72.116667,0.00022185
72.133333,0.00000000
72.150000,0.00030679
72.166667,0.00012492
72.183333,0.00000000
72.200000,0.00000000
72.216667,0.00000000
72.233333,0.00000000
72.250000,0.00000000
72.266667,0.00021648
72.283333,0.00034368
72.300000,0.00000000
72.316667,0.00000000
72.333333,0.00000000
72.350000,0.00011578
72.366667,0.00061896
72.383333,0.00023029
72.400000,0.00027953
72.416667,0.00000000
72.433333,0.00028283
72.450000,0.00001713
72.466667,0.00017236
72.483333,0.00047478
72.500000,0.00000000
72.516667,0.00027276
72.533333,0.00012583
72.550000,0.00000421
72.566667,0.00000000
72.583333,0.00000000
72.600000,0.00000000
72.616667,0.00000000
72.633333,0.00040803
72.650000,0.00000000
72.666667,0.00000000
72.683333,0.00062796
72.700000,0.00023320
72.716667,0.00000000
72.733333,0.00000000
72.750000,0.00046714
72.766667,0.00016349
72.783333,0.00000000
72.800000,0.00000000
72.816667,0.00000000
72.833333,0.00000000
72.850000,0.00043585
72.866667,0.00000000
72.883333,0.00032460
72.900000,0.00017510
72.916667,0.00000000
72.933333,0.00022557
72.950000,0.00000000
72.966667,0.00000000
72.983333,0.00051113
73.000000,0.00000000
73.016667,0.00042963
73.033333,0.00000000
73.050000,0.00000000
73.066667,0.00069571
73.083333,0.00016898
73.100000,0.00000000
73.116667,0.00000000
73.133333,0.00000944
73.150000,0.00016525
73.166667,0.00000000
73.183333,0.00069926
73.200000,0.00059329
73.216667,0.00012388
73.233333,0.00035015
73.250000,0.00010223
73.266667,0.00000000
73.283333,0.00000000
73.300000,0.00000000
73.316667,0.00000000
73.333333,0.00000000
73.350000,0.00000000
73.366667,0.00000000
73.383333,0.00000000
73.400000,0.00028965
73.416667,0.00000000
73.433333,0.00000000
73.450000,0.00029477
73.466667,0.00003481
73.483333,0.00041320
73.500000,0.00000000
73.516667,0.00024292
73.533333,0.00040257
73.550000,0.00012478
73.566667,0.00021100
73.583333,0.00000000
73.600000,0.00022581
73.616667,0.00089028
73.633333,0.00045740
73.650000,0.00000000
73.666667,0.00016080
73.683333,0.00010146
73.700000,0.00034521
73.716667,0.00019753
73.733333,0.00000000
73.750000,0.00000000
73.766667,0.00000000
73.783333,0.00000000
73.800000,0.00000000
73.816667,0.00042345
73.833333,0.00018076
73.850000,0.00000000
73.866667,0.00007599
73.883333,0.00031657
73.900000,0.00001581
73.916667,0.00000000
73.933333,0.00039183
73.950000,0.00000000
73.966667,0.00020492
73.983333,0.00000000
74.000000,0.00008781
74.016667,0.00025733
74.033333,0.00000000
74.050000,0.00017651
74.066667,0.00000000
74.083333,0.00040715
74.100000,0.00000000
74.116667,0.00025705
74.133333,0.00079021
74.150000,0.00000000
74.166667,0.00000000
74.183333,0.00011756
74.200000,0.00000000
74.216667,0.00000000
74.233333,0.00026873
74.250000,0.00051458
74.266667,0.00027129
74.283333,0.00000000
74.300000,0.00078438
74.316667,0.00000000
74.333333,0.00018481
74.350000,0.00039296
74.366667,0.00042427
74.383333,0.00047278
74.400000,0.00000000
74.416667,0.00012935
74.433333,0.00027737
74.450000,0.00015216
74.466667,0.00060587
74.483333,0.00024902
74.500000,0.00000000
74.516667,0.00031846
74.533333,0.00036384
74.550000,0.00000000
74.566667,0.00044755
74.583333,0.00000000
74.600000,0.00000000
74.616667,0.00006644
74.633333,0.00000000
74.650000,0.00007974
74.666667,0.00000000
74.683333,0.00019368
74.700000,0.00000000
74.716667,0.00000000
74.733333,0.00000000
74.750000,0.00000000
74.766667,0.00028800
74.783333,0.00017096
74.800000,0.00000000
74.816667,0.00000000
74.833333,0.00015158
74.850000,0.00000000
74.866667,0.00000000
74.883333,0.00015732
74.900000,0.00048847
74.916667,0.00002651
74.933333,0.00000000
74.950000,0.00000000
74.966667,0.00007227
74.983333,0.00000729
75.000000,0.00010518
75.016667,0.00000000
75.033333,0.00000000
75.050000,0.00000000
75.066667,0.00009881
75.083333,0.00000447
75.100000,0.00069338
75.116667,0.00034117
75.133333,0.00012084
75.150000,0.00041784
75.166667,0.00000000
75.183333,0.00010356
75.200000,0.00048517
75.216667,0.00012186
75.233333,0.00039610
75.250000,0.00000000
75.266667,0.00082603
75.283333,0.00000000
75.300000,0.00051076
75.316667,0.00000000
75.333333,0.00000000
75.350000,0.00000000
75.366667,0.00002530
75.383333,0.00095988
75.400000,0.00000000
75.416667,0.00004999
75.433333,0.00000000
75.450000,0.00060915
75.466667,0.00011463
75.483333,0.00004705
75.500000,0.00045937
75.516667,0.00104183
75.533333,0.00021787
75.550000,0.00000000
75.566667,0.00016443
75.583333,0.00000000
75.600000,0.00003366
75.616667,0.00001815
75.633333,0.00018603
75.650000,0.00034803
75.666667,0.00005160
75.683333,0.00000000
75.700000,0.00011176
75.716667,0.00077231
75.733333,0.00060536
75.750000,0.00049787
75.766667,0.00000000
75.783333,0.00000000
75.800000,0.00000000
75.816667,0.00000000
75.833333,0.00039657
75.850000,0.00044367
75.866667,0.00000000
75.883333,0.00000000
75.900000,0.00002883
75.916667,0.00020612
75.933333,0.00000000
75.950000,0.00000000
75.966667,0.00005659
75.983333,0.00001992
76.000000,0.00006835
76.016667,0.00000000
76.033333,0.00038784
76.050000,0.00041258
76.066667,0.00025548
76.083333,0.00090506
76.100000,0.00000000
76.116667,0.00003926
76.133333,0.00000000
76.150000,0.00000000
76.166667,0.00003496
76.183333,0.00025252
76.200000,0.00007242
76.216667,0.00021317
76.233333,0.00000000
76.250000,0.00000000
76.266667,0.00054641
76.283333,0.00009463
76.300000,0.00000000
76.316667,0.00063128
76.333333,0.00000000
76.350000,0.00000000
76.366667,0.00018418
76.383333,0.00000000
76.400000,0.00000000
76.416667,0.00002866
76.433333,0.00000000
76.450000,0.00024061
76.466667,0.00000000
76.483333,0.00012494
76.500000,0.00000000
76.516667,0.00005721
76.533333,0.00009499
76.550000,0.00000000
76.566667,0.00021681
76.583333,0.00000000
76.600000,0.00000000
76.616667,0.00014567
76.633333,0.00001604
76.650000,0.00000000
76.666667,0.00000000
76.683333,0.00017567
76.700000,0.00033340
76.716667,0.00000000
76.733333,0.00000000
76.750000,0.00000000
76.766667,0.00029330
76.783333,0.00000000
76.800000,0.00000000
76.816667,0.00006193
76.833333,0.00015608
76.850000,0.00003351
76.866667,0.00000000
76.883333,0.00000000
76.900000,0.00000000
76.916667,0.00000000
76.933333,0.00000000
76.950000,0.00032445
76.966667,0.00000000
76.983333,0.00000000
77.000000,0.00032548
77.016667,0.00008977
77.033333,0.00018741
77.050000,0.00000000
77.066667,0.00018175
77.083333,0.00000000
77.100000,0.00026820
77.116667,0.00066466
77.133333,0.00051454
77.150000,0.00000000
77.166667,0.00024323
77.183333,0.00026587
77.200000,0.00000000
77.216667,0.00000000
77.233333,0.00000000
77.250000,0.00036908
77.266667,0.00000000
77.283333,0.00000000
77.300000,0.00036839
77.316667,0.00009150
77.333333,0.00019453
77.350000,0.00000000
77.366667,0.00031313
77.383333,0.00000000
77.400000,0.00000000
77.416667,0.00000000
77.433333,0.00059991
77.450000,0.00051406
77.466667,0.00000000
77.483333,0.00000000
77.500000,0.00000000
77.516667,0.00084072
77.533333,0.00000000
77.550000,0.00000000
77.566667,0.00021626
77.583333,0.00000000
77.600000,0.00005107
77.616667,0.00000000
77.633333,0.00000000
77.650000,0.00047962
77.666667,0.00014281
77.683333,0.00000000
77.700000,0.00024019
77.716667,0.00080229
77.733333,0.00069215
77.750000,0.00000000
77.766667,0.00018453
77.783333,0.00026373
77.800000,0.00000000
77.816667,0.00000000
77.833333,0.00000000
77.850000,0.00024987
77.866667,0.00007800
77.883333,0.00000000
77.900000,0.00000000
77.916667,0.00040308
77.933333,0.00057901
77.950000,0.00000000
77.966667,0.00000000
77.983333,0.00000000
78.000000,0.00014385
78.016667,0.00052711
78.033333,0.00000000
78.050000,0.00000000
78.066667,0.00007481
78.083333,0.00000000
78.100000,0.00043976
78.116667,0.00017697
78.133333,0.00000000
78.150000,0.00010602
78.166667,0.00000000
78.183333,0.00000000
78.200000,0.00000000
78.216667,0.00009541
78.233333,0.00054256
78.250000,0.00000000
78.266667,0.00050721
78.283333,0.00042814
78.300000,0.00046883
78.316667,0.00000000
78.333333,0.00009584
78.350000,0.00033809
78.366667,0.00030083
78.383333,0.00000000
78.400000,0.00009394
78.416667,0.00053547
78.433333,0.00000000
78.450000,0.00000000
78.466667,0.00014738
78.483333,0.00005333
78.500000,0.00021212
78.516667,0.00000000
78.533333,0.00015491
78.550000,0.00059976
78.566667,0.00000000
78.583333,0.00000000
78.600000,0.00000000
78.616667,0.00059155
78.633333,0.00045512
78.650000,0.00011493
78.666667,0.00000000
78.683333,0.00000000
78.700000,0.00000000
78.716667,0.00003785
78.733333,0.00013657
78.750000,0.00037888
78.766667,0.00000000
78.783333,0.00000000
78.800000,0.00044164
78.816667,0.00000000
78.833333,0.00000000
78.850000,0.00000000
78.866667,0.00000000
78.883333,0.00009566
78.900000,0.00000000
78.916667,0.00038620
78.933333,0.00055267
78.950000,0.00051330
78.966667,0.00000000
78.983333,0.00011887
79.000000,0.00000000
79.016667,0.00000000
79.033333,0.00017320
79.050000,0.00000000
79.066667,0.00000980
79.083333,0.00000000
79.100000,0.00000000
79.116667,0.00013925
79.133333,0.00007782
79.150000,0.00000000
79.166667,0.00027021
79.183333,0.00000000
79.200000,0.00000000
79.216667,0.00032144
79.233333,0.00015149
79.250000,0.00005050
79.266667,0.00023619
79.283333,0.00012452
79.300000,0.00000000
79.316667,0.00000000
79.333333,0.00000000
79.350000,0.00011370
79.366667,0.00000000
79.383333,0.00036430
79.400000,0.00023423
79.416667,0.00035146
79.433333,0.00052326
79.450000,0.00023378
79.466667,0.00000000
79.483333,0.00040225
79.500000,0.00027153
79.516667,0.00000000
79.533333,0.00000000
79.550000,0.00000000
79.566667,0.00017703
79.583333,0.00000000
79.600000,0.00059687
79.616667,0.00000000
79.633333,0.00000000
79.650000,0.00073849
79.666667,0.00040073
79.683333,0.00008521
79.700000,0.00074731
79.716667,0.00080366
79.733333,0.00000000
79.750000,0.00021225
79.766667,0.00006350
79.783333,0.00073265
79.800000,0.00023123
79.816667,0.00000000
79.833333,0.00048585
79.850000,0.00007009
79.866667,0.00000000
79.883333,0.00011367
79.900000,0.00019663
79.916667,0.00000000
79.933333,0.00000000
79.950000,0.00000000
79.966667,0.00032251
79.983333,0.00000000
80.000000,0.00000000
80.016667,0.00037492
80.033333,0.00014170
80.050000,0.00000000
80.066667,0.00000000
80.083333,0.00000000
80.100000,0.00031660
80.116667,0.00006599
80.133333,0.00079907
80.150000,0.00000000
80.166667,0.00000000
80.183333,0.00061531
80.200000,0.00000000
80.216667,0.00021097
80.233333,0.00000000
80.250000,0.00000000
80.266667,0.00000000
80.283333,0.00040027
80.300000,0.00030107
80.316667,0.00000000
80.333333,0.00000000
80.350000,0.00000000
80.366667,0.00000000
80.383333,0.00000000
80.400000,0.00000000
80.416667,0.00000000
80.433333,0.00009292
80.450000,0.00018967
80.466667,0.00000000
80.483333,0.00014468
80.500000,0.00008599
80.516667,0.00042131
80.533333,0.00013076
80.550000,0.00000000
80.566667,0.00000000
80.583333,0.00000000
80.600000,0.00000495
80.616667,0.00039702
80.633333,0.00000000
80.650000,0.00044454
80.666667,0.00000000
80.683333,0.00000000
80.700000,0.00000000
80.716667,0.00013949
80.733333,0.00046695
80.750000,0.00000000
80.766667,0.00032867
80.783333,0.00000000
80.800000,0.00000000
80.816667,0.00000000
80.833333,0.00000000
80.850000,0.00088685
80.866667,0.00011618
80.883333,0.00058224
80.900000,0.00000000
80.916667,0.00000000
80.933333,0.00016848
80.950000,0.00000000
80.966667,0.00000000
80.983333,0.00000000
81.000000,0.00000000
81.016667,0.00000000
81.033333,0.00029102
81.050000,0.00053691
81.066667,0.00032460
81.083333,0.00054452
81.100000,0.00024037
81.116667,0.00084734
81.133333,0.00055567
81.150000,0.00000000
81.166667,0.00000000
81.183333,0.00000000
81.200000,0.00027379
81.216667,0.00000000
81.233333,0.00000000
81.250000,0.00014407
81.266667,0.00000000
81.283333,0.00008389
81.300000,0.00000000
81.316667,0.00052738
81.333333,0.00047611
81.350000,0.00000000
81.366667,0.00049633
81.383333,0.00000000
81.400000,0.00020201
81.416667,0.00000000
81.433333,0.00047759
81.450000,0.00016887
81.466667,0.00040508
81.483333,0.00006039
81.500000,0.00020567
81.516667,0.00000000
81.533333,0.00044293
81.550000,0.00000000
81.566667,0.00000000
81.583333,0.00005339
81.600000,0.00000000
81.616667,0.00039537
81.633333,0.00024757
81.650000,0.00000000
81.666667,0.00093857
81.683333,0.00048292
81.700000,0.00000000
81.716667,0.00030625
81.733333,0.00000000
81.750000,0.00000000
81.766667,0.00007952
81.783333,0.00016554
81.800000,0.00000000
81.816667,0.00000000
81.833333,0.00000000
81.850000,0.00000000
81.866667,0.00000000
81.883333,0.00000000
81.900000,0.00055843
81.916667,0.00009164
81.933333,0.00024219
81.950000,0.00025713
81.966667,0.00019421
81.983333,0.00000000
82.000000,0.00000000
82.016667,0.00041008
82.033333,0.00041068
82.050000,0.00016047
82.066667,0.00000000
82.083333,0.00000000
82.100000,0.00027633
82.116667,0.00037433
82.133333,0.00000000
82.150000,0.00000000
82.166667,0.00038219
82.183333,0.00000000
82.200000,0.00000000
82.216667,0.00041462
82.233333,0.00000000
82.250000,0.00054819
82.266667,0.00018154
82.283333,0.00044205
82.300000,0.00001981
82.316667,0.00001690
82.333333,0.00000000
82.350000,0.00023221
82.366667,0.00098398
82.383333,0.00000000
82.400000,0.00039152
82.416667,0.00000000
82.433333,0.00000000
82.450000,0.00000000
82.466667,0.00000727
82.483333,0.00003010
82.500000,0.00017440
82.516667,0.00000000
82.533333,0.00002775
82.550000,0.00028197
82.566667,0.00000000
82.583333,0.00013161
82.600000,0.00000000
82.616667,0.00021803
82.633333,0.00031845
82.650000,0.00000000
82.666667,0.00000000
82.683333,0.00000000
82.700000,0.00000000
82.716667,0.00000000
82.733333,0.00001217
82.750000,0.00022201
82.766667,0.00000000
82.783333,0.00029008
82.800000,0.00027674
82.816667,0.00046007
82.833333,0.00000000
82.850000,0.00000000
82.866667,0.00000000
82.883333,0.00000000
82.900000,0.00017475
82.916667,0.00000000
82.933333,0.00000000
82.950000,0.00000000
82.966667,0.00044386
82.983333,0.00000000
83.000000,0.00020221
83.016667,0.00007154
83.033333,0.00008599
83.050000,0.00000000
83.066667,0.00000000
83.083333,0.00000000
83.100000,0.00096315
83.116667,0.00001761
83.133333,0.00005889
83.150000,0.00000000
83.166667,0.00001087
83.183333,0.00000000
83.200000,0.00000000
83.216667,0.00066874
83.233333,0.00037524
83.250000,0.00004322
83.266667,0.00000000
83.283333,0.00000000
83.300000,0.00018928
83.316667,0.00019067
83.333333,0.00010333
83.350000,0.00001949
83.366667,0.00000000
83.383333,0.00000000
83.400000,0.00005593
83.416667,0.00000000
83.433333,0.00037111
83.450000,0.00000000
83.466667,0.00018471
83.483333,0.00030846
83.500000,0.00016203
83.516667,0.00000000
83.533333,0.00064042
83.550000,0.00000000
83.566667,0.00000000
83.583333,0.00000000
83.600000,0.00006694
83.616667,0.00026643
83.633333,0.00000000
83.650000,0.00018470
83.666667,0.00059748
83.683333,0.00004814
83.700000,0.00000000
83.716667,0.00024374
83.733333,0.00006594
83.750000,0.00051883
83.766667,0.00000000
83.783333,0.00000000
83.800000,0.00040587
83.816667,0.00028961
83.833333,0.00039141
83.850000,0.00005498
83.866667,0.00000000
83.883333,0.00000000
83.900000,0.00000000
83.916667,0.00041832
83.933333,0.00023580
83.950000,0.00000000
83.966667,0.00000000
83.983333,0.00000000
84.000000,0.00000000
84.016667,0.00025046
84.033333,0.00011493
84.050000,0.00000000
84.066667,0.00000000
84.083333,0.00028697
84.100000,0.00000000
84.116667,0.00003007
84.133333,0.00000000
84.150000,0.00011520
84.166667,0.00000000
84.183333,0.00000981
84.200000,0.00006535
84.216667,0.00107370
84.233333,0.00000000
84.250000,0.00011365
84.266667,0.00017690
84.283333,0.00000000
84.300000,0.00030904
84.316667,0.00000687
84.333333,0.00000000
84.350000,0.00000000
84.366667,0.00037256
84.383333,0.00032949
84.400000,0.00000000
84.416667,0.00000000
84.433333,0.00000000
84.450000,0.00000000
84.466667,0.00000000
84.483333,0.00041835
84.500000,0.00000000
84.516667,0.00000000
84.533333,0.00018945
84.550000,0.00000000
84.566667,0.00012632
84.583333,0.00000000
84.600000,0.00000000
84.616667,0.00033314
84.633333,0.00000000
84.650000,0.00000000
84.666667,0.00022486
84.683333,0.00000000
84.700000,0.00019073
84.716667,0.00006066
84.733333,0.00020954
84.750000,0.00027194
84.766667,0.00000000
84.783333,0.00056494
84.800000,0.00000000
84.816667,0.00000000
84.833333,0.00015845
84.850000,0.00000830
84.866667,0.00000000
84.883333,0.00000898
84.900000,0.00006291
84.916667,0.00006413
84.933333,0.00000000
84.950000,0.00016409
84.966667,0.00000000
84.983333,0.00052554
85.000000,0.00001757
85.016667,0.00000000
85.033333,0.00000000
85.050000,0.00000000
85.066667,0.00060943
85.083333,0.00058386
85.100000,0.00000000
85.116667,0.00035755
85.133333,0.00080847
85.150000,0.00008529
85.166667,0.00045600
85.183333,0.00000000
85.200000,0.00018422
85.216667,0.00038708
85.233333,0.00037274
85.250000,0.00000000
85.266667,0.00001962
85.283333,0.00004335
85.300000,0.00028334
85.316667,0.00000000
85.333333,0.00000000
85.350000,0.00000000
85.366667,0.00069751
85.383333,0.00043081
85.400000,0.00000000
85.416667,0.00000000
85.433333,0.00055908
85.450000,0.00000000
85.466667,0.00000000
85.483333,0.00020195
85.500000,0.00000000
85.516667,0.00033290
85.533333,0.00000000
85.550000,0.00026494
85.566667,0.00035512
85.583333,0.00000000
85.600000,0.00048625
85.616667,0.00000000
85.633333,0.00000000
85.650000,0.00034046
85.666667,0.00000000
85.683333,0.00000000
85.700000,0.00005437
85.716667,0.00000000
85.733333,0.00000000
85.750000,0.00007153
85.766667,0.00000000
85.783333,0.00000000
85.800000,0.00025251
85.816667,0.00023686
85.833333,0.00008454
85.850000,0.00041401
85.866667,0.00026561
85.883333,0.00021752
85.900000,0.00058597
85.916667,0.00000000
85.933333,0.00032749
85.950000,0.00000000
85.966667,0.00024397
85.983333,0.00015333
86.000000,0.00020308
86.016667,0.00000000
86.033333,0.00008519
86.050000,0.00000000
86.066667,0.00035749
86.083333,0.00000000
86.100000,0.00000000
86.116667,0.00036043
86.133333,0.00015442
86.150000,0.00000000
86.166667,0.00000000
86.183333,0.00043254
86.200000,0.00000000
86.216667,0.00001446
86.233333,0.00000000
86.250000,0.00003957
86.266667,0.00049851
86.283333,0.00000000
86.300000,0.00040921
86.316667,0.00025030
86.333333,0.00000000
86.350000,0.00000000
86.366667,0.00000000
86.383333,0.00000000
86.400000,0.00093425
86.416667,0.00000000
86.433333,0.00085480
86.450000,0.00009084
86.466667,0.00014176
86.483333,0.00000000
86.500000,0.00019952
86.516667,0.00024274
86.533333,0.00000000
86.550000,0.00000000
86.566667,0.00022979
86.583333,0.00000000
86.600000,0.00014473
86.616667,0.00031056
86.633333,0.00000000
86.650000,0.00022411
86.666667,0.00038653
86.683333,0.00049346
86.700000,0.00004456
86.716667,0.00007539
86.733333,0.00003789
86.750000,0.00016855
86.766667,0.00000000
86.783333,0.00037379
86.800000,0.00024844
86.816667,0.00000000
86.833333,0.00000000
86.850000,0.00015819
86.866667,0.00000000
86.883333,0.00000415
86.900000,0.00007845
86.916667,0.00000366
86.933333,0.00017848
86.950000,0.00035534
86.966667,0.00000000
86.983333,0.00000000
87.000000,0.00041663
87.016667,0.00000000
87.033333,0.00000000
87.050000,0.00000000
87.066667,0.00000000
87.083333,0.00000000
87.100000,0.00000000
87.116667,0.00000000
87.133333,0.00000000
87.150000,0.00000000
87.166667,0.00000000
87.183333,0.00000000
87.200000,0.00018690
87.216667,0.00000000
87.233333,0.00000000
87.250000,0.00017935
87.266667,0.00027959
87.283333,0.00097826
87.300000,0.00000000
87.316667,0.00028087
87.333333,0.00000000
87.350000,0.00044723
87.366667,0.00000000
87.383333,0.00026190
87.400000,0.00000000
87.416667,0.00000000
87.433333,0.00000000
87.450000,0.00072089
87.466667,0.00026433
87.483333,0.00036465
87.500000,0.00000000
87.516667,0.00041284
87.533333,0.00000000
87.550000,0.00002194
87.566667,0.00000000
87.583333,0.00000000
87.600000,0.00000000
87.616667,0.00000000
87.633333,0.00000000
87.650000,0.00000000
87.666667,0.00000000
87.683333,0.00000000
87.700000,0.00002625
87.716667,0.00020309
87.733333,0.00016884
87.750000,0.00007084
87.766667,0.00025737
87.783333,0.00000000
87.800000,0.00000000
87.816667,0.00061980
87.833333,0.00000000
87.850000,0.00055906
87.866667,0.00000000
87.883333,0.00000000
87.900000,0.00000000
87.916667,0.00011320
87.933333,0.00021418
87.950000,0.00000000
87.966667,0.00000000
87.983333,0.00016911
88.000000,0.00000000
88.016667,0.00028050
88.033333,0.00000000
88.050000,0.00000000
88.066667,0.00005930
88.083333,0.00000000
88.100000,0.00000000
88.116667,0.00000000
88.133333,0.00039684
88.150000,0.00044700
88.166667,0.00000000
88.183333,0.00025309
88.200000,0.00000000
88.216667,0.00031755
88.233333,0.00000000
88.250000,0.00046421
88.266667,0.00043450
88.283333,0.00000000
88.300000,0.00000000
88.316667,0.00000000
88.333333,0.00019597
88.350000,0.00043975
88.366667,0.00000000
88.383333,0.00000948
88.400000,0.00000000
88.416667,0.00000000
88.433333,0.00000000
88.450000,0.00069228
88.466667,0.00013222
88.483333,0.00031545
88.500000,0.00000000
88.516667,0.00013372
88.533333,0.00000000
88.550000,0.00039676
88.566667,0.00000000
88.583333,0.00003562
88.600000,0.00000000
88.616667,0.00000000
88.633333,0.00000000
88.650000,0.00000000
88.666667,0.00015067
88.683333,0.00072040
88.700000,0.00002075
88.716667,0.00046838
88.733333,0.00027158
88.750000,0.00008016
88.766667,0.00000000
88.783333,0.00052700
88.800000,0.00000000
88.816667,0.00000000
88.833333,0.00045400
88.850000,0.00038535
88.866667,0.00104763
88.883333,0.00000000
88.900000,0.00056344
88.916667,0.00051477
88.933333,0.00000000
88.950000,0.00000000
88.966667,0.00027714
88.983333,0.00011828
89.000000,0.00000000
89.016667,0.00000000
89.033333,0.00073017
89.050000,0.00032040
89.066667,0.00067072
89.083333,0.00000000
89.100000,0.00000000
89.116667,0.00017563
89.133333,0.00000000
89.150000,0.00000000
89.166667,0.00000000
89.183333,0.00000000
89.200000,0.00000000
89.216667,0.00000000
89.233333,0.00009420
89.250000,0.00016355
89.266667,0.00000000
89.283333,0.00036835
89.300000,0.00000000
89.316667,0.00000000
89.333333,0.00000000
89.350000,0.00000000
89.366667,0.00000000
89.383333,0.00023141
89.400000,0.00078328
89.416667,0.00058491
89.433333,0.00002196
89.450000,0.00025604
89.466667,0.00104609
89.483333,0.00001328
89.500000,0.00041576
89.516667,0.00076417
89.533333,0.00000000
89.550000,0.00000000
89.566667,0.00035056
89.583333,0.00039223
89.600000,0.00004208
89.616667,0.00000000
89.633333,0.00071594
89.650000,0.00000000
89.666667,0.00000000
89.683333,0.00014626
89.700000,0.00000000
89.716667,0.00000000
89.733333,0.00000000
89.750000,0.00000000
89.766667,0.00028106
89.783333,0.00000000
89.800000,0.00000000
89.816667,0.00000000
89.833333,0.00047377
89.850000,0.00000000
89.866667,0.00010174
89.883333,0.00024392
89.900000,0.00066246
89.916667,0.00038730
89.933333,0.00046568
89.950000,0.00087505
89.966667,0.00000000
89.983333,0.00016980
90.000000,0.00030217
90.016667,0.00000000
90.033333,0.00000000
90.050000,0.00000000
90.066667,0.00000000
90.083333,0.00049082
90.100000,0.00000000
90.116667,0.00009477
90.133333,0.00016445
90.150000,0.00008923
90.166667,0.00000000
90.183333,0.00043426
90.200000,0.00000000
90.216667,0.00000000
90.233333,0.00000000
90.250000,0.00000000
90.266667,0.00061972
90.283333,0.00000424
90.300000,0.00038253
90.316667,0.00000000
90.333333,0.00038199
90.350000,0.00000000
90.366667,0.00018606
90.383333,0.00000000
90.400000,0.00000000
90.416667,0.00083705
90.433333,0.00000000
90.450000,0.00000000
90.466667,0.00000000
90.483333,0.00000000
90.500000,0.00002600
90.516667,0.00000000
90.533333,0.00000000
90.550000,0.00000000
90.566667,0.00016871
90.583333,0.00013977
90.600000,0.00000000
90.616667,0.00098621
90.633333,0.00010607
90.650000,0.00114400
90.666667,0.00023267
90.683333,0.00033025
90.700000,0.00000000
90.716667,0.00108819
90.733333,0.00000000
90.750000,0.00083835
90.766667,0.00000000
90.783333,0.00008836
90.800000,0.00000000
90.816667,0.00000000
90.833333,0.00000000
90.850000,0.00000000
90.866667,0.00000000
90.883333,0.00047030
90.900000,0.00000000
90.916667,0.00045767
90.933333,0.00000000
90.950000,0.00000000
90.966667,0.00000000
90.983333,0.00007339
91.000000,0.00022643
91.016667,0.00000000
91.033333,0.00000000
91.050000,0.00063567
91.066667,0.00026221
91.083333,0.00000000
91.100000,0.00008248
91.116667,0.00000000
91.133333,0.00000000
91.150000,0.00000000
91.166667,0.00000000
91.183333,0.00000000
91.200000,0.00000000
91.216667,0.00051920
91.233333,0.00000608
91.250000,0.00026815
91.266667,0.00000000
91.283333,0.00014100
91.300000,0.00034007
91.316667,0.00000000
91.333333,0.00000000
91.350000,0.00022403
91.366667,0.00000000
91.383333,0.00011330
91.400000,0.00033789
91.416667,0.00000000
91.433333,0.00109510
91.450000,0.00001983
91.466667,0.00050149
91.483333,0.00058731
91.500000,0.00156493
91.516667,0.00000000
91.533333,0.00000000
91.550000,0.00000000
91.566667,0.00000000
91.583333,0.00000000
91.600000,0.00000000
91.616667,0.00000000
91.633333,0.00000000
91.650000,0.00090815
91.666667,0.00024075
91.683333,0.00029121
91.700000,0.00025618
91.716667,0.00034462
91.733333,0.00000000
91.750000,0.00000000
91.766667,0.00016095
91.783333,0.00000000
91.800000,0.00013683
91.816667,0.00032019
91.833333,0.00034340
91.850000,0.00000000
91.866667,0.00024719
91.883333,0.00000000
91.900000,0.00011946
91.916667,0.00032813
91.933333,0.00004462
91.950000,0.00001407
91.966667,0.00005329
91.983333,0.00000000
92.000000,0.00016692
92.016667,0.00000000
92.033333,0.00000000
92.050000,0.00044425
92.066667,0.00000000
92.083333,0.00094666
92.100000,0.00000000
92.116667,0.00000000
92.133333,0.00000000
92.150000,0.00000000
92.166667,0.00000000
92.183333,0.00000000
92.200000,0.00000000
92.216667,0.00013894
92.233333,0.00000000
92.250000,0.00052905
92.266667,0.00013140
92.283333,0.00000000
92.300000,0.00000000
92.316667,0.00063825
92.333333,0.00029377
92.350000,0.00000000
92.366667,0.00000000
92.383333,0.00000000
92.400000,0.00000000
92.416667,0.00000000
92.433333,0.00000000
92.450000,0.00000000
92.466667,0.00000000
92.483333,0.00000124
92.500000,0.00016592
92.516667,0.00007340
92.533333,0.00023942
92.550000,0.00031018
92.566667,0.00000864
92.583333,0.00000000
92.600000,0.00026286
92.616667,0.00008828
92.633333,0.00000000
92.650000,0.00000000
92.666667,0.00000000
92.683333,0.00000000
92.700000,0.00000000
92.716667,0.00000000
92.733333,0.00000000
92.750000,0.00034609
92.766667,0.00035994
92.783333,0.00066243
92.800000,0.00000000
92.816667,0.00014790
92.833333,0.00015054
92.850000,0.00000000
92.866667,0.00000000
92.883333,0.00004364
92.900000,0.00000000
92.916667,0.00009712
92.933333,0.00000000
92.950000,0.00010412
92.966667,0.00005999
92.983333,0.00011535
93.000000,0.00013687
93.016667,0.00000000
93.033333,0.00000000
93.050000,0.00013877
93.066667,0.00000000
93.083333,0.00000000
93.100000,0.00000000
93.116667,0.00006552
93.133333,0.00000000
93.150000,0.00000000
93.166667,0.00050899
93.183333,0.00000000
93.200000,0.00005887
93.216667,0.00000000
93.233333,0.00000000
93.250000,0.00000000
93.266667,0.00000000
93.283333,0.00020549
93.300000,0.00028655
93.316667,0.00000000
93.333333,0.00000000
93.350000,0.00000000
93.366667,0.00033493
93.383333,0.00022936
93.400000,0.00019729
93.416667,0.00003026
93.433333,0.00008613
93.450000,0.00015229
93.466667,0.00000000
93.483333,0.00000000
93.500000,0.00000000
93.516667,0.00052300
93.533333,0.00039501
93.550000,0.00005970
93.566667,0.00059472
93.583333,0.00036648
93.600000,0.00000000
93.616667,0.00000000
93.633333,0.00034347
93.650000,0.00004694
93.666667,0.00000000
93.683333,0.00000000
93.700000,0.00000000
93.716667,0.00004511
93.733333,0.00003154
93.750000,0.00000000
93.766667,0.00007473
93.783333,0.00000000
93.800000,0.00000000
93.816667,0.00037040
93.833333,0.00000000
93.850000,0.00007609
93.866667,0.00002132
93.883333,0.00000000
93.900000,0.00000000
93.916667,0.00000000
93.933333,0.00000000
93.950000,0.00000000
93.966667,0.00013396
93.983333,0.00000000
94.000000,0.00050886
94.016667,0.00023024
94.033333,0.00000000
94.050000,0.00014419
94.066667,0.00000000
94.083333,0.00065037
94.100000,0.00000000
94.116667,0.00000000
94.133333,0.00000000
94.150000,0.00000000
94.166667,0.00023740
94.183333,0.00000000
94.200000,0.00000000
94.216667,0.00000000
94.233333,0.00018207
94.250000,0.00000000
94.266667,0.00036687
94.283333,0.00002212
94.300000,0.00013477
94.316667,0.00056614
94.333333,0.00014630
94.350000,0.00000000
94.366667,0.00078465
94.383333,0.00013399
94.400000,0.00000000
94.416667,0.00000000
94.433333,0.00037688
94.450000,0.00065668
94.466667,0.00000000
94.483333,0.00000000
94.500000,0.00000000
94.516667,0.00000000
94.533333,0.00000000
94.550000,0.00000000
94.566667,0.00045092
94.583333,0.00000000
94.600000,0.00000000
94.616667,0.00000000
94.633333,0.00031915
94.650000,0.00000000
94.666667,0.00000000
94.683333,0.00018438
94.700000,0.00064300
94.716667,0.00015954
94.733333,0.00000000
94.750000,0.00015968
94.766667,0.00005734
94.783333,0.00001960
94.800000,0.00011896
94.816667,0.00044061
94.833333,0.00002288
94.850000,0.00035655
94.866667,0.00000000
94.883333,0.00022992
94.900000,0.00000000
94.916667,0.00039916
94.933333,0.00001599
94.950000,0.00078110
94.966667,0.00009499
94.983333,0.00000508
95.000000,0.00018247
95.016667,0.00003689
95.033333,0.00048944
95.050000,0.00053218
95.066667,0.00010117
95.083333,0.00003385
95.100000,0.00000000
95.116667,0.00005845
95.133333,0.00000000
95.150000,0.00008723
95.166667,0.00019159
95.183333,0.00000000
95.200000,0.00000000
95.216667,0.00023103
95.233333,0.00000000
95.250000,0.00009489
95.266667,0.00015725
95.283333,0.00000000
95.300000,0.00000000
95.316667,0.00000000
95.333333,0.00000000
95.350000,0.00012535
95.366667,0.00024612
95.383333,0.00000000
95.400000,0.00026845
95.416667,0.00019458
95.433333,0.00000000
95.450000,0.00000000
95.466667,0.00045607
95.483333,0.00004502
95.500000,0.00000000
95.516667,0.00000000
95.533333,0.00018998
95.550000,0.00000000
95.566667,0.00027960
95.583333,0.00000000
95.600000,0.00001411
95.616667,0.00000000
95.633333,0.00050851
95.650000,0.00037474
95.666667,0.00030367
95.683333,0.00026837
95.700000,0.00008504
95.716667,0.00032998
95.733333,0.00047342
95.750000,0.00023435
95.766667,0.00039268
95.783333,0.00106541
95.800000,0.00005127
95.816667,0.00000000
95.833333,0.00000000
95.850000,0.00011300
95.866667,0.00000000
95.883333,0.00000000
95.900000,0.00000000
95.916667,0.00010911
95.933333,0.00000000
95.950000,0.00008536
95.966667,0.00011849
95.983333,0.00061515
96.000000,0.00020034
96.016667,0.00035819
96.033333,0.00000000
96.050000,0.00058790
96.066667,0.00000000
96.083333,0.00000000
96.100000,0.00077477
96.116667,0.00071357
96.133333,0.00000000
96.150000,0.00009325
96.166667,0.00000000
96.183333,0.00000000
96.200000,0.00000000
96.216667,0.00009448
96.233333,0.00042963
96.250000,0.00029755
96.266667,0.00030283
96.283333,0.00038585
96.300000,0.00020987
96.316667,0.00000000
96.333333,0.00039650
96.350000,0.00003963
96.366667,0.00034787
96.383333,0.00000000
96.400000,0.00008214
96.416667,0.00009403
96.433333,0.00022062
96.450000,0.00050191
96.466667,0.00000000
96.483333,0.00000000
96.500000,0.00000000
96.516667,0.00057032
96.533333,0.00000000
96.550000,0.00049932
96.566667,0.00036059
96.583333,0.00000000
96.600000,0.00000000
96.616667,0.00000000
96.633333,0.00000000
96.650000,0.00036027
96.666667,0.00082336
96.683333,0.00000000
96.700000,0.00035899
96.716667,0.00008530
96.733333,0.00000000
96.750000,0.00010270
96.766667,0.00000000
96.783333,0.00015101
96.800000,0.00075901
96.816667,0.00007642
96.833333,0.00000000
96.850000,0.00013525
96.866667,0.00026535
96.883333,0.00000000
96.900000,0.00012860
96.916667,0.00000000
96.933333,0.00017701
96.950000,0.00000000
96.966667,0.00000000
96.983333,0.00028759
97.000000,0.00014056
97.016667,0.00001459
97.033333,0.00000000
97.050000,0.00000000
97.066667,0.00000000
97.083333,0.00000000
97.100000,0.00000000
97.116667,0.00000000
97.133333,0.00023322
97.150000,0.00000000
97.166667,0.00073713
97.183333,0.00046797
97.200000,0.00000000
97.216667,0.00000000
97.233333,0.00000000
97.250000,0.00035361
97.266667,0.00031110
97.283333,0.00039805
97.300000,0.00000000
97.316667,0.00000000
97.333333,0.00000000
97.350000,0.00016273
97.366667,0.00000000
97.383333,0.00000000
97.400000,0.00000000
97.416667,0.00000000
97.433333,0.00000000
97.450000,0.00000000
97.466667,0.00034447
97.483333,0.00000000
97.500000,0.00000000
97.516667,0.00020660
97.533333,0.00065597
97.550000,0.00000000
97.566667,0.00000000
97.583333,0.00010317
97.600000,0.00043829
97.616667,0.00000000
97.633333,0.00000000
97.650000,0.00009174
97.666667,0.00000000
97.683333,0.00000000
97.700000,0.00000000
97.716667,0.00000000
97.733333,0.00000000
97.750000,0.00031430
97.766667,0.00000000
97.783333,0.00000000
97.800000,0.00000000
97.816667,0.00048911
97.833333,0.00025621
97.850000,0.00000000
97.866667,0.00000000
97.883333,0.00032744
97.900000,0.00000000
97.916667,0.00000000
97.933333,0.00032332
97.950000,0.00023727
97.966667,0.00031675
97.983333,0.00039888
98.000000,0.00000000
98.016667,0.00000000
98.033333,0.00000000
98.050000,0.00002902
98.066667,0.00015550
98.083333,0.00008285
98.100000,0.00000000
98.116667,0.00000000
98.133333,0.00000000
98.150000,0.00033575
98.166667,0.00052535
98.183333,0.00022975
98.200000,0.00000000
98.216667,0.00027595
98.233333,0.00000000
98.250000,0.00000053
98.266667,0.00000000
98.283333,0.00034535
98.300000,0.00000000
98.316667,0.00000000
98.333333,0.00000000
98.350000,0.00032746
98.366667,0.00075446
98.383333,0.00000000
98.400000,0.00000000
98.416667,0.00009254
98.433333,0.00000000
98.450000,0.00040209
98.466667,0.00000000
98.483333,0.00004889
98.500000,0.00043907
98.516667,0.00000000
98.533333,0.00064247
98.550000,0.00000000
98.566667,0.00000000
98.583333,0.00032506
98.600000,0.00066635
98.616667,0.00000000
98.633333,0.00000000
98.650000,0.00000000
98.666667,0.00000000
98.683333,0.00001414
98.700000,0.00000000
98.716667,0.00035678
98.733333,0.00056860
98.750000,0.00031500
98.766667,0.00075578
98.783333,0.00000000
98.800000,0.00037005
98.816667,0.00000000
98.833333,0.00023309
98.850000,0.00000000
98.866667,0.00038545
98.883333,0.00053063
98.900000,0.00002118
98.916667,0.00000000
98.933333,0.00000000
98.950000,0.00002436
98.966667,0.00000000
98.983333,0.00027520
99.000000,0.00000000
99.016667,0.00000000
99.033333,0.00026799
99.050000,0.00001804
99.066667,0.00034426
99.083333,0.00007531
99.100000,0.00001509
99.116667,0.00016529
99.133333,0.00000000
99.150000,0.00000000
99.166667,0.00031684
99.183333,0.00000000
99.200000,0.00000000
99.216667,0.00000000
99.233333,0.00060274
99.250000,0.00000000
99.266667,0.00000000
99.283333,0.00050446
99.300000,0.00000000
99.316667,0.00000000
99.333333,0.00063375
99.350000,0.00007577
99.366667,0.00037052
99.383333,0.00048086
99.400000,0.00017442
99.416667,0.00015714
99.433333,0.00000000
99.450000,0.00021208
99.466667,0.00017621
99.483333,0.00069728
99.500000,0.00021876
99.516667,0.00000000
99.533333,0.00000000
99.550000,0.00009272
99.566667,0.00000000
99.583333,0.00049569
99.600000,0.00014780
99.616667,0.00047325
99.633333,0.00000000
99.650000,0.00015803
99.666667,0.00049325
99.683333,0.00006550
99.700000,0.00013386
99.716667,0.00000000
99.733333,0.00000000
99.750000,0.00000000
99.766667,0.00052678
99.783333,0.00012244
99.800000,0.00000000
99.816667,0.00006405
99.833333,0.00043797
99.850000,0.00003404
99.866667,0.00000000
99.883333,0.00066254
99.900000,0.00034863
99.916667,0.00000000
99.933333,0.00000000
99.950000,0.00044718
99.966667,0.00000000
99.983333,0.00000000
100.000000,0.00048177
